facility_features,port,products,acquisition_hour_mode,ais_rows,bbox_lat_max,bbox_lat_min,bbox_lon_max,bbox_lon_min,bulk_terminals,class_share_json,classed_rows,container_terminals,distinct_mmsi,energy_fuel,fac_breakwater,fac_chimney,fac_coastline,fac_context_protected_area,fac_crane,fac_dock,fac_embankment,fac_groyne,fac_harbour_cat_roro,fac_infra_cranes,fac_infra_energy_fuel,fac_infra_ferry_passenger,fac_infra_lighthouses,fac_infra_oil_tanks,fac_infra_pipelines,fac_infra_quay_pier_breakwater,fac_infra_rail_logistics,fac_infra_security_barriers,fac_infra_service_roads,fac_infra_shipyard_drydock,fac_infra_silos_conveyors,fac_infra_slipway,fac_infra_warehouses,fac_nav_navigation_line,fac_osm_all,fac_pier,fac_quay,fac_seamark_anchorage,fac_seamark_aton,fac_seamark_berth,fac_seamark_harbour,fac_seamark_routes,fac_seamark_small_craft_facility,fac_seamark_work_hazard_areas,fac_security_military,fac_silo,fac_storage_tank,fac_tower,fac_wastewater_plant,fac_water_context,fac_works,ferry_terminals,first_scene,last_scene,mean_beam_m,mean_length_m,orbit_mode,rail_logistics,scene_dates,shipyard,tanker_terminals,top_class
5393,Antwerp-Bruges,23,17:00,3151427,52.87,50.493,6.031,1.542,472,"{""passenger_ship"": 0.1454, ""tug_towing"": 0.1409, ""pleasure_craft"": 0.0987, ""fishing_vessel"": 0.0842, ""dredger"": 0.0666, ""product_chemical_tanker"": 0.0647, ""general_cargo"": 0.058, ""container_ship"": 0.0564, ""cargo_coarse"": 0.055, ""pilot_port_tender"": 0.05, ""offshore_supply"": 0.0475, ""sailing_vessel"": 0.0305}",1802468,18,21405,0,,41,21,,18,48,424,,,,,,,,,,,,,,,,,14,,502,,8,,,7,,,,,472,3443,63,43,,267,0,2025-01-15,2025-12-17,12.5,75.3,161,0,23,1,3461,passenger_ship
18601,Busan,16,09:00,316859,36.532,34.387,130.639,127.508,2,"{""tug_towing"": 0.3252, ""fishing_vessel"": 0.2146, ""product_chemical_tanker"": 0.1294, ""container_ship"": 0.0616, ""general_cargo"": 0.0578, ""pilot_port_tender"": 0.0377, ""passenger_ship"": 0.0322, ""cargo_coarse"": 0.031, ""bulk_carrier"": 0.0303, ""offshore_supply"": 0.0221, ""lpg_lng_tanker"": 0.0149, ""ro_ro_vehicle_carrier"": 0.0129}",205338,0,7210,150,,,,,,,,,,,147,81,31,57,,616,53,24,7167,,,6,462,,9875,,,,40,,8,,,,,,,,,9,,86,2025-01-08,2025-11-28,14.9,78.2,54,53,16,6,57,tug_towing
2029,Callao,36,23:00,109860,-10.099,-13.635,-76.203,-78.919,0,"{""fishing_vessel"": 0.479, ""tug_towing"": 0.2812, ""product_chemical_tanker"": 0.0433, ""container_ship"": 0.0395, ""pilot_port_tender"": 0.0296, ""pleasure_craft"": 0.0291, ""passenger_ship"": 0.0284, ""bulk_carrier"": 0.0275, ""sailing_vessel"": 0.0133, ""general_cargo"": 0.0108, ""offshore_supply"": 0.0064, ""crude_oil_tanker"": 0.0051}",78405,0,1148,120,,,,1,,,,,,,119,,,,1,1,,129,703,,,,16,,1059,,,,,,,,,,,,,,,,,0,2025-01-04,2025-12-13,14.3,65.0,18,0,36,0,0,fishing_vessel
2098,Fujairah,36,02:00,748835,26.496,23.605,58.659,55.693,0,"{""product_chemical_tanker"": 0.3014, ""tug_towing"": 0.1471, ""offshore_supply"": 0.1421, ""crude_oil_tanker"": 0.1098, ""bulk_carrier"": 0.0849, ""container_ship"": 0.0425, ""lpg_lng_tanker"": 0.0411, ""passenger_ship"": 0.0375, ""pleasure_craft"": 0.0208, ""general_cargo"": 0.0195, ""fishing_vessel"": 0.018, ""pilot_port_tender"": 0.0135}",607592,0,5886,29,,,,,,,,,,,26,,,,3,,,90,906,,,,,,1073,,,,,,,,,,,,,,,,,0,2025-01-08,2025-12-28,21.0,113.7,93,0,36,0,0,product_chemical_tanker
26370,Hamburg,47,05:00,1957416,55.381,52.904,11.549,6.32,125,"{""passenger_ship"": 0.2421, ""fishing_vessel"": 0.1602, ""tug_towing"": 0.1565, ""dredger"": 0.0702, ""general_cargo"": 0.0661, ""pilot_port_tender"": 0.064, ""container_ship"": 0.0498, ""offshore_supply"": 0.0425, ""sailing_vessel"": 0.0331, ""product_chemical_tanker"": 0.0276, ""pleasure_craft"": 0.0249, ""cargo_coarse"": 0.0183}",1520458,0,11486,1291,,,,,,,,,1,,1291,40,,509,,,701,,,2,125,,1208,,22490,,,,,,,,,3,,,,,,,,40,2025-01-02,2025-12-28,11.5,54.4,139,701,47,2,509,passenger_ship
65140,Houston,41,00:00,1517383,30.289,28.035,-92.44,-97.034,44,"{""tug_towing"": 0.8122, ""pilot_port_tender"": 0.0368, ""passenger_ship"": 0.0311, ""product_chemical_tanker"": 0.0224, ""offshore_supply"": 0.015, ""dredger"": 0.0142, ""fishing_vessel"": 0.0139, ""sailing_vessel"": 0.0128, ""pleasure_craft"": 0.0117, ""lpg_lng_tanker"": 0.0072, ""crude_oil_tanker"": 0.0071, ""bulk_carrier"": 0.0049}",1357906,0,5341,4214,,,,,,,,,,,3555,,,783,659,478,717,4112,20755,,44,37,277,,33023,,,,,35,,488,,,,,,,,89,,12,2025-01-02,2025-12-28,15.8,75.5,34,717,36,45,783,tug_towing
5675,Jebel Ali,52,14:00,1548647,26.407,24.121,56.622,53.652,149,"{""tug_towing"": 0.271, ""offshore_supply"": 0.2019, ""product_chemical_tanker"": 0.1308, ""container_ship"": 0.0711, ""pleasure_craft"": 0.0564, ""general_cargo"": 0.0501, ""bulk_carrier"": 0.0418, ""crude_oil_tanker"": 0.0382, ""passenger_ship"": 0.0302, ""dredger"": 0.0265, ""lpg_lng_tanker"": 0.0244, ""pilot_port_tender"": 0.0185}",1230610,38,10392,10,362,8,1242,,38,,128,13,,,,,,,,,,,,,,,,,,2098,,12,,,26,,,,,149,1199,279,30,,55,0,2025-01-01,2025-12-27,17.5,85.2,130,0,52,0,1237,tug_towing
5790,Los Angeles,51,01:00,367881,35.371,31.726,-117.084,-121.077,7,"{""tug_towing"": 0.292, ""pleasure_craft"": 0.1706, ""fishing_vessel"": 0.1278, ""passenger_ship"": 0.1148, ""sailing_vessel"": 0.0593, ""container_ship"": 0.0553, ""offshore_supply"": 0.053, ""pilot_port_tender"": 0.0477, ""crude_oil_tanker"": 0.0318, ""product_chemical_tanker"": 0.0134, ""dredger"": 0.0121, ""ro_ro_vehicle_carrier"": 0.011}",300727,11,3671,0,58,24,123,,11,,31,2,,,,,,,,,,,,,,,,,,2428,,,,,15,,2,,,7,2534,45,16,,489,0,2025-01-02,2025-12-29,15.9,63.2,137,0,47,0,2545,tug_towing
2750,Melbourne,25,19:00,70363,-37.81,-39.218,146.473,142.994,123,"{""tug_towing"": 0.1629, ""container_ship"": 0.1613, ""ro_ro_vehicle_carrier"": 0.1167, ""pilot_port_tender"": 0.108, ""product_chemical_tanker"": 0.0936, ""passenger_ship"": 0.0919, ""sailing_vessel"": 0.0669, ""bulk_carrier"": 0.0627, ""offshore_supply"": 0.041, ""pleasure_craft"": 0.0293, ""general_cargo"": 0.027, ""crude_oil_tanker"": 0.0244}",59198,2,890,0,50,7,29,,,5,263,35,,,,,,,,,,,,,,,,10,,387,,,,,13,,,,,123,1192,40,9,,572,0,2025-01-12,2025-12-02,21.6,122.7,118,0,25,0,1194,tug_towing
441,Mombasa,34,15:00,137582,-3.519,-5.656,41.933,39.126,9,"{""container_ship"": 0.3085, ""tug_towing"": 0.1372, ""passenger_ship"": 0.1155, ""fishing_vessel"": 0.1118, ""bulk_carrier"": 0.1104, ""general_cargo"": 0.1018, ""product_chemical_tanker"": 0.0402, ""cargo_coarse"": 0.031, ""crude_oil_tanker"": 0.0111, ""dredger"": 0.0104, ""offshore_supply"": 0.0094, ""ro_ro_vehicle_carrier"": 0.0082}",121254,0,715,0,1,3,56,,,1,2,,,,,,,,,,,,,,,,,,,38,,,,,2,,,,,9,321,3,1,,4,0,2025-01-03,2025-12-17,22.6,136.6,159,0,34,0,321,container_ship
27041,New York,56,22:00,495069,42.628,38.37,-71.347,-76.612,0,"{""tug_towing"": 0.4236, ""passenger_ship"": 0.337, ""pleasure_craft"": 0.0551, ""fishing_vessel"": 0.047, ""container_ship"": 0.0297, ""sailing_vessel"": 0.0229, ""pilot_port_tender"": 0.0172, ""dredger"": 0.0126, ""offshore_supply"": 0.0108, ""product_chemical_tanker"": 0.0106, ""ro_ro_vehicle_carrier"": 0.0102, ""bulk_carrier"": 0.0077}",410623,0,4325,420,,,,8,,,,,,,419,,,2,1,4,63,523,11953,,,4,59,,13955,,,,,,,,,,,,,,,50,,0,2025-01-06,2025-12-20,15.3,58.3,33,63,39,4,2,tug_towing
98256,Newcastle,32,19:00,270082,55.874,-34.129,154.217,-3.824,557,"{""passenger_ship"": 0.4003, ""tug_towing"": 0.1415, ""bulk_carrier"": 0.1299, ""pleasure_craft"": 0.0544, ""sailing_vessel"": 0.0475, ""pilot_port_tender"": 0.0401, ""general_cargo"": 0.0309, ""offshore_supply"": 0.0305, ""product_chemical_tanker"": 0.0277, ""fishing_vessel"": 0.0271, ""container_ship"": 0.021, ""ro_ro_vehicle_carrier"": 0.0166}",198482,7,2598,1944,,,696,,,,1481,,,,1744,,,,,,1034,25774,13270,,,,1227,,47642,938,,,298,,,,,,,477,1244,,765,,397,7,2025-01-02,2025-12-29,18.6,83.7,147,1034,32,48,1406,passenger_ship
107,Ningbo-Zhoushan,31,09:00,4392859,30.317,28.396,123.608,120.695,0,"{""fishing_vessel"": 0.2995, ""cargo_coarse"": 0.1821, ""tug_towing"": 0.1148, ""tanker_coarse"": 0.077, ""container_ship"": 0.072, ""offshore_supply"": 0.0577, ""passenger_ship"": 0.0571, ""bulk_carrier"": 0.0372, ""pilot_port_tender"": 0.0263, ""product_chemical_tanker"": 0.0249, ""dredger"": 0.0168, ""crude_oil_tanker"": 0.0097}",2832827,0,48969,1,,,,1,,,,,,,1,,,,,,22,,22,,,,,,61,,,,,,,,,,,,,,,,,0,2025-01-04,2025-12-30,15.1,83.5,171,22,31,0,0,fishing_vessel
539,Port Hedland,32,21:00,97984,-19.142,-20.835,120.47,115.866,7,"{""tug_towing"": 0.7032, ""bulk_carrier"": 0.1931, ""pilot_port_tender"": 0.0382, ""container_ship"": 0.0325, ""general_cargo"": 0.0093, ""offshore_supply"": 0.0085, ""lpg_lng_tanker"": 0.0052, ""product_chemical_tanker"": 0.0045, ""cargo_coarse"": 0.0023, ""fishing_vessel"": 0.0011, ""pleasure_craft"": 0.0007, ""sailing_vessel"": 0.0006}",89335,0,1140,0,6,,259,1,,,136,,,,,,,,,,,,,,,,,,1,53,,,,19,,,,,,7,53,2,2,,,0,2025-01-03,2025-12-28,21.6,97.6,163,0,32,0,53,tug_towing
480,Port Klang,43,11:00,469727,3.866,1.254,103.36,99.633,0,"{""container_ship"": 0.224, ""tug_towing"": 0.2236, ""product_chemical_tanker"": 0.1895, ""bulk_carrier"": 0.1083, ""crude_oil_tanker"": 0.0581, ""general_cargo"": 0.0457, ""lpg_lng_tanker"": 0.0415, ""dredger"": 0.0263, ""ro_ro_vehicle_carrier"": 0.0175, ""passenger_ship"": 0.0141, ""fishing_vessel"": 0.0134, ""offshore_supply"": 0.0115}",413001,0,7362,5,,,,,,,,,,,5,,,,,,,,222,,,,,,253,,,,,,,,,,,,,,,,,0,2025-01-09,2026-01-04,27.5,161.8,70,0,43,0,0,container_ship
14955,Port Said,45,03:00,232919,32.748,29.404,34.795,29.713,19,"{""product_chemical_tanker"": 0.2116, ""tug_towing"": 0.1612, ""crude_oil_tanker"": 0.1502, ""bulk_carrier"": 0.1343, ""container_ship"": 0.1312, ""general_cargo"": 0.0826, ""offshore_supply"": 0.071, ""lpg_lng_tanker"": 0.0175, ""dredger"": 0.0132, ""passenger_ship"": 0.0078, ""ro_ro_vehicle_carrier"": 0.0064, ""heavy_load_carrier"": 0.0045}",200826,0,3646,232,,,,,,,,,,,230,9,,5,,29,474,1755,3983,,19,,110,,7640,,,,5,,,591,,,85,,,,,14,,9,2025-01-04,2025-12-30,27.7,160.4,167,474,45,0,5,product_chemical_tanker
2071,Qingdao,25,09:00,2399631,36.333,34.242,122.67,119.293,0,"{""fishing_vessel"": 0.437, ""cargo_coarse"": 0.1032, ""tug_towing"": 0.0987, ""container_ship"": 0.0792, ""bulk_carrier"": 0.0757, ""tanker_coarse"": 0.0464, ""dredger"": 0.0309, ""offshore_supply"": 0.03, ""general_cargo"": 0.0266, ""product_chemical_tanker"": 0.0211, ""passenger_ship"": 0.0124, ""crude_oil_tanker"": 0.0116}",1412606,104,31412,207,,,,,,,,,,104,201,2,4,35,6,17,50,7,143,,,,77,,1349,,,,,,,66,,,,,,,,6,,2,2025-01-28,2025-12-30,16.6,86.6,171,50,25,2,139,fishing_vessel
1458,Richards Bay,36,16:00,34359,-27.376,-30.577,34.048,30.993,76,"{""bulk_carrier"": 0.3399, ""tug_towing"": 0.1943, ""container_ship"": 0.1723, ""product_chemical_tanker"": 0.0677, ""general_cargo"": 0.0442, ""ro_ro_vehicle_carrier"": 0.0356, ""dredger"": 0.0313, ""offshore_supply"": 0.0213, ""sailing_vessel"": 0.0154, ""pleasure_craft"": 0.0142, ""fishing_vessel"": 0.0141, ""heavy_load_carrier"": 0.0136}",30392,2,1634,0,13,,94,2,2,,99,,,,,,,,,,,,,,,,,2,2,394,,,,,,,4,,,76,726,8,29,,6,0,2025-01-02,2025-12-28,29.8,185.4,145,0,36,0,728,bulk_carrier
170179,Rotterdam,11,05:00,1623689,52.91,50.994,5.994,1.692,39,"{""passenger_ship"": 0.1694, ""tug_towing"": 0.1408, ""pleasure_craft"": 0.0935, ""fishing_vessel"": 0.085, ""dredger"": 0.0721, ""offshore_supply"": 0.0615, ""product_chemical_tanker"": 0.0601, ""general_cargo"": 0.0547, ""container_ship"": 0.0536, ""cargo_coarse"": 0.0479, ""pilot_port_tender"": 0.0402, ""sailing_vessel"": 0.0294}",929003,18,17431,0,210,,,,18,,626,190,,,,,,,,,,,,,,,,24,162197,2532,14,,,,51,,,,,39,4163,17,22,,42,0,2025-01-12,2026-02-24,12.1,71.2,110,0,11,0,4181,passenger_ship
3202,Santos,43,08:00,107032,-23.051,-25.228,-44.575,-47.417,78,"{""tug_towing"": 0.4555, ""bulk_carrier"": 0.1623, ""container_ship"": 0.113, ""product_chemical_tanker"": 0.0433, ""tanker_coarse"": 0.0425, ""fishing_vessel"": 0.0336, ""offshore_supply"": 0.0293, ""pleasure_craft"": 0.0261, ""passenger_ship"": 0.0232, ""general_cargo"": 0.0225, ""pilot_port_tender"": 0.011, ""sailing_vessel"": 0.0103}",90526,0,2699,0,14,8,714,,,3,86,,,,,,,,,,,,,,,,,2,,303,,8,,,24,,,,,78,1528,83,125,,222,0,2025-01-08,2025-12-28,22.4,127.1,53,0,43,0,1528,tug_towing
4560,Shanghai,29,09:00,8712832,31.821,29.902,123.309,120.349,0,"{""cargo_coarse"": 0.2723, ""tug_towing"": 0.148, ""fishing_vessel"": 0.1377, ""passenger_ship"": 0.0932, ""tanker_coarse"": 0.0787, ""container_ship"": 0.0603, ""bulk_carrier"": 0.0422, ""offshore_supply"": 0.0373, ""product_chemical_tanker"": 0.0366, ""dredger"": 0.0332, ""general_cargo"": 0.0173, ""pilot_port_tender"": 0.0169}",3784771,0,78083,0,,,,,,,,,,,,,,,,3,149,,,,,,,,4408,,,,,,,,,,,,,,,,,0,2025-01-04,2025-12-30,15.3,83.7,171,149,29,0,0,cargo_coarse
12223,Singapore,38,22:00,2060680,2.847,0.11,105.277,101.926,3,"{""tug_towing"": 0.2628, ""product_chemical_tanker"": 0.2484, ""offshore_supply"": 0.0875, ""passenger_ship"": 0.0785, ""container_ship"": 0.0764, ""bulk_carrier"": 0.0524, ""crude_oil_tanker"": 0.045, ""pleasure_craft"": 0.041, ""pilot_port_tender"": 0.0233, ""general_cargo"": 0.0229, ""lpg_lng_tanker"": 0.0137, ""ro_ro_vehicle_carrier"": 0.0109}",1752235,0,16941,60,,,,,,,,,,,52,86,8,13,8,574,,83,4905,7,,,100,,6333,,,,17,,,25,,,4,,,,,,,86,2025-01-04,2025-12-31,21.8,109.4,18,0,38,7,13,tug_towing
4209,Sydney Botany,37,19:00,144701,-32.418,-35.665,153.761,150.477,96,"{""passenger_ship"": 0.4876, ""tug_towing"": 0.1664, ""pleasure_craft"": 0.0835, ""sailing_vessel"": 0.0595, ""bulk_carrier"": 0.0572, ""container_ship"": 0.0502, ""pilot_port_tender"": 0.0461, ""ro_ro_vehicle_carrier"": 0.0134, ""product_chemical_tanker"": 0.0114, ""crude_oil_tanker"": 0.0097, ""fishing_vessel"": 0.0077, ""general_cargo"": 0.0054}",105163,1,2277,0,29,44,181,,,,66,49,,,,,,,,,,,,,,,,25,,2380,,118,,,53,,,,,96,912,99,28,,94,0,2025-01-02,2025-12-23,16.1,67.2,74,0,37,0,913,passenger_ship
4434,Tanger Med,22,18:00,86948,37.382,34.146,-3.104,-8.466,4,"{""product_chemical_tanker"": 0.1512, ""container_ship"": 0.1429, ""tug_towing"": 0.1171, ""fishing_vessel"": 0.1005, ""passenger_ship"": 0.0995, ""general_cargo"": 0.0692, ""bulk_carrier"": 0.069, ""sailing_vessel"": 0.0542, ""pleasure_craft"": 0.0517, ""crude_oil_tanker"": 0.0412, ""pilot_port_tender"": 0.0301, ""lpg_lng_tanker"": 0.0278}",74805,0,4126,175,,,,3,,,,,,,174,2,,4,,102,64,62,1584,2,4,,7,,2366,,,,,,,28,,,,,,,,25,,2,2025-01-09,2025-12-23,22.9,123.6,74,64,21,3,4,product_chemical_tanker
