port,class,class_name,n,ridge_V,ridge_VK,gbm_zk,gate_old,gate_new,gate_new_theta,oracle3
Antwerp-Bruges,0,bulk_carrier,208,0.44711538461538464,0.6153846153846154,0.9951923076923077,0.9903846153846154,0.9951923076923077,0.9951923076923077,0.9951923076923077
Antwerp-Bruges,1,fishing_vessel,190,0.8052631578947368,0.8631578947368421,0.9315789473684211,0.9263157894736842,0.9473684210526315,0.9473684210526315,0.968421052631579
Antwerp-Bruges,2,general_cargo,488,0.42008196721311475,0.5430327868852459,0.5901639344262295,0.5778688524590164,0.6372950819672131,0.6454918032786885,0.7520491803278688
Busan,0,bulk_carrier,204,0.3137254901960784,0.4166666666666667,0.9411764705882353,0.9117647058823529,0.946078431372549,0.9264705882352942,0.9558823529411765
Busan,1,fishing_vessel,351,0.7521367521367521,0.7350427350427351,0.8262108262108262,0.8148148148148148,0.8404558404558404,0.7806267806267806,0.8689458689458689
Busan,2,general_cargo,316,0.3449367088607595,0.3512658227848101,0.25949367088607594,0.28164556962025317,0.5284810126582279,0.4620253164556962,0.5949367088607594
Callao,0,bulk_carrier,111,0.07207207207207207,0.06306306306306306,0.5585585585585585,0.5585585585585585,0.5855855855855856,0.5765765765765766,0.5855855855855856
Callao,1,fishing_vessel,192,0.4895833333333333,0.34375,0.2916666666666667,0.3072916666666667,0.4583333333333333,0.3802083333333333,0.5364583333333334
Callao,2,general_cargo,47,0.0851063829787234,0.44680851063829785,0.2765957446808511,0.2765957446808511,0.44680851063829785,0.425531914893617,0.5106382978723404
Callao,3,product_chem_tanker,59,0.3728813559322034,0.4915254237288136,0.7966101694915254,0.7796610169491526,0.5084745762711864,0.559322033898305,0.7966101694915254
Callao,4,container_ship,21,0.5238095238095238,0.5238095238095238,0.5238095238095238,0.5238095238095238,0.5714285714285714,0.5714285714285714,0.6190476190476191
Callao,5,crude_oil_tanker,16,0.5625,0.5625,0.25,0.25,0.4375,0.4375,0.5625
Callao,6,tug_towing,19,0.05263157894736842,0.0,0.0,0.0,0.0,0.0,0.05263157894736842
Callao,7,offshore_supply,11,0.09090909090909091,0.2727272727272727,0.18181818181818182,0.18181818181818182,0.18181818181818182,0.18181818181818182,0.36363636363636365
Fujairah,0,bulk_carrier,956,0.32217573221757323,0.44037656903765693,0.6401673640167364,0.6140167364016736,0.6443514644351465,0.6485355648535565,0.7845188284518828
Fujairah,1,fishing_vessel,40,0.425,0.4,0.6,0.55,0.65,0.6,0.65
Fujairah,2,general_cargo,162,0.2716049382716049,0.36419753086419754,0.7777777777777778,0.7407407407407407,0.7901234567901234,0.7777777777777778,0.7901234567901234
Hamburg,0,bulk_carrier,218,0.47706422018348627,0.6513761467889908,0.9954128440366973,0.9954128440366973,0.9954128440366973,0.9954128440366973,0.9954128440366973
Hamburg,1,fishing_vessel,447,0.9194630872483222,0.9105145413870246,0.8926174496644296,0.9082774049217002,0.9328859060402684,0.9239373601789709,0.941834451901566
Hamburg,2,general_cargo,954,0.4779874213836478,0.4612159329140461,0.2830188679245283,0.4109014675052411,0.6079664570230608,0.550314465408805,0.6383647798742138
Houston,0,bulk_carrier,57,0.17543859649122806,0.47368421052631576,0.8771929824561403,0.8596491228070176,0.8070175438596491,0.8771929824561403,0.8771929824561403
Houston,1,fishing_vessel,277,0.8664259927797834,0.779783393501805,0.6606498194945848,0.7003610108303249,0.8880866425992779,0.8194945848375451,0.9205776173285198
Houston,2,general_cargo,47,0.3191489361702128,0.1276595744680851,0.3617021276595745,0.3404255319148936,0.3829787234042553,0.3617021276595745,0.5106382978723404
Houston,3,product_chem_tanker,230,0.3739130434782609,0.30869565217391304,0.6173913043478261,0.5826086956521739,0.5,0.5,0.7304347826086957
Houston,4,container_ship,7,0.14285714285714285,0.2857142857142857,0.2857142857142857,0.2857142857142857,0.2857142857142857,0.2857142857142857,0.2857142857142857
Houston,5,crude_oil_tanker,54,0.6481481481481481,0.35185185185185186,0.2777777777777778,0.2777777777777778,0.2777777777777778,0.2962962962962963,0.6666666666666666
Houston,6,tug_towing,125,0.088,0.096,0.032,0.024,0.008,0.016,0.176
Houston,7,offshore_supply,7,0.0,0.0,0.0,0.0,0.0,0.0,0.0
Jebel Ali,0,bulk_carrier,1056,0.2897727272727273,0.5956439393939394,0.8607954545454546,0.8617424242424242,0.8541666666666666,0.8626893939393939,0.9166666666666666
Jebel Ali,1,fishing_vessel,25,0.64,0.64,0.48,0.48,0.48,0.48,0.64
Jebel Ali,2,general_cargo,757,0.35535006605019814,0.42668428005284015,0.44121532364597094,0.46367239101717306,0.46895640686922063,0.33157199471598414,0.6459709379128138
Jebel Ali,3,product_chem_tanker,1492,0.29892761394101874,0.19168900804289543,0.6950402144772118,0.5073726541554959,0.40683646112600536,0.2761394101876676,0.7654155495978552
Jebel Ali,4,container_ship,306,0.5196078431372549,0.47058823529411764,0.3006535947712418,0.4150326797385621,0.3431372549019608,0.434640522875817,0.5686274509803921
Jebel Ali,5,crude_oil_tanker,335,0.6059701492537314,0.4925373134328358,0.21492537313432836,0.3880597014925373,0.24477611940298508,0.3492537313432836,0.6268656716417911
Jebel Ali,6,tug_towing,125,0.016,0.072,0.008,0.024,0.0,0.056,0.088
Jebel Ali,7,offshore_supply,506,0.3201581027667984,0.40118577075098816,0.029644268774703556,0.21936758893280633,0.03557312252964427,0.308300395256917,0.4762845849802372
Los Angeles,0,bulk_carrier,92,0.17391304347826086,0.34782608695652173,0.967391304347826,0.967391304347826,0.967391304347826,0.9565217391304348,0.967391304347826
Los Angeles,1,fishing_vessel,20,0.9,0.9,0.75,0.8,0.9,0.9,0.9
Los Angeles,2,general_cargo,36,0.1111111111111111,0.19444444444444445,0.027777777777777776,0.027777777777777776,0.027777777777777776,0.027777777777777776,0.19444444444444445
Los Angeles,3,product_chem_tanker,97,0.38144329896907214,0.3402061855670103,0.3402061855670103,0.3711340206185567,0.27835051546391754,0.28865979381443296,0.5567010309278351
Los Angeles,4,container_ship,65,0.6153846153846154,0.6307692307692307,0.36923076923076925,0.4153846153846154,0.36923076923076925,0.5230769230769231,0.7076923076923077
Los Angeles,5,crude_oil_tanker,215,0.6232558139534884,0.586046511627907,0.10232558139534884,0.22790697674418606,0.16744186046511628,0.4,0.6465116279069767
Los Angeles,6,tug_towing,41,0.04878048780487805,0.04878048780487805,0.0,0.024390243902439025,0.0,0.04878048780487805,0.0975609756097561
Los Angeles,7,offshore_supply,17,0.058823529411764705,0.0,0.0,0.0,0.0,0.0,0.058823529411764705
Melbourne,0,bulk_carrier,43,0.4186046511627907,0.5348837209302325,0.8837209302325582,0.5116279069767442,0.7674418604651163,0.7674418604651163,0.9534883720930233
Melbourne,1,fishing_vessel,2,1.0,1.0,1.0,1.0,1.0,1.0,1.0
Melbourne,2,general_cargo,19,0.21052631578947367,0.2631578947368421,0.2631578947368421,0.21052631578947367,0.3684210526315789,0.3684210526315789,0.3684210526315789
Mombasa,0,bulk_carrier,82,0.3902439024390244,0.5853658536585366,0.9146341463414634,0.4634146341463415,0.8170731707317073,0.8292682926829268,0.9634146341463414
Mombasa,1,fishing_vessel,4,1.0,1.0,1.0,1.0,1.0,1.0,1.0
Mombasa,2,general_cargo,42,0.42857142857142855,0.47619047619047616,0.30952380952380953,0.42857142857142855,0.5952380952380952,0.5714285714285714,0.5952380952380952
Mombasa,3,product_chem_tanker,1,1.0,1.0,0.0,1.0,0.0,0.0,1.0
Mombasa,4,container_ship,17,0.11764705882352941,0.17647058823529413,0.11764705882352941,0.11764705882352941,0.11764705882352941,0.17647058823529413,0.17647058823529413
Mombasa,5,crude_oil_tanker,2,1.0,1.0,0.0,1.0,0.0,0.0,1.0
Mombasa,6,tug_towing,1,0.0,0.0,0.0,0.0,0.0,0.0,0.0
New York,0,bulk_carrier,30,0.3,0.2,0.9666666666666667,0.7666666666666667,0.9333333333333333,0.9666666666666667,1.0
New York,1,fishing_vessel,64,0.96875,0.90625,0.953125,0.953125,0.984375,0.984375,0.984375
New York,2,general_cargo,36,0.3055555555555556,0.3055555555555556,0.3611111111111111,0.3333333333333333,0.3055555555555556,0.19444444444444445,0.5277777777777778
New York,3,product_chem_tanker,56,0.2857142857142857,0.14285714285714285,0.39285714285714285,0.3392857142857143,0.32142857142857145,0.21428571428571427,0.5535714285714286
New York,4,container_ship,48,0.5833333333333334,0.4791666666666667,0.4166666666666667,0.4583333333333333,0.3958333333333333,0.4583333333333333,0.6666666666666666
New York,5,crude_oil_tanker,33,0.7272727272727273,0.6060606060606061,0.36363636363636365,0.5454545454545454,0.48484848484848486,0.5454545454545454,0.7272727272727273
New York,6,tug_towing,197,0.116751269035533,0.4263959390862944,0.0,0.09137055837563451,0.02030456852791878,0.20812182741116753,0.4467005076142132
New York,7,offshore_supply,6,0.16666666666666666,0.16666666666666666,0.0,0.16666666666666666,0.0,0.0,0.16666666666666666
Newcastle,0,bulk_carrier,190,0.32105263157894737,0.4052631578947368,0.4789473684210526,0.39473684210526316,0.5526315789473685,0.4789473684210526,0.6
Newcastle,1,fishing_vessel,20,0.75,0.75,0.7,0.75,0.75,0.75,0.8
Newcastle,2,general_cargo,51,0.49019607843137253,0.27450980392156865,0.39215686274509803,0.37254901960784315,0.5098039215686274,0.29411764705882354,0.6078431372549019
Newcastle,3,product_chem_tanker,5,0.2,0.2,0.8,0.2,0.6,0.2,0.8
Newcastle,4,container_ship,13,0.23076923076923078,0.3076923076923077,0.3076923076923077,0.23076923076923078,0.3076923076923077,0.3076923076923077,0.46153846153846156
Newcastle,5,crude_oil_tanker,3,0.6666666666666666,1.0,1.0,0.6666666666666666,1.0,1.0,1.0
Newcastle,6,tug_towing,17,0.058823529411764705,0.11764705882352941,0.0,0.11764705882352941,0.058823529411764705,0.11764705882352941,0.11764705882352941
Ningbo-Zhoushan,0,bulk_carrier,973,0.42857142857142855,0.590955806783145,0.9856115107913669,0.986639260020555,0.9856115107913669,0.9856115107913669,0.986639260020555
Ningbo-Zhoushan,1,fishing_vessel,4529,0.9006403179509825,0.9092514903952308,0.8405829101346876,0.8831971737690439,0.8573636564362994,0.8553764627953191,0.9355266063148598
Ningbo-Zhoushan,2,general_cargo,254,0.3779527559055118,0.46062992125984253,0.6417322834645669,0.6181102362204725,0.7165354330708661,0.7165354330708661,0.7204724409448819
Port Hedland,0,bulk_carrier,783,0.20434227330779056,0.23754789272030652,0.7484035759897829,0.7203065134099617,0.7458492975734355,0.6845466155810983,0.7777777777777778
Port Hedland,2,general_cargo,21,0.23809523809523808,0.2857142857142857,0.23809523809523808,0.14285714285714285,0.42857142857142855,0.42857142857142855,0.42857142857142855
Port Hedland,3,product_chem_tanker,11,0.36363636363636365,0.36363636363636365,0.18181818181818182,0.18181818181818182,0.18181818181818182,0.18181818181818182,0.36363636363636365
Port Hedland,5,crude_oil_tanker,2,0.0,0.0,0.0,0.0,0.0,0.0,0.0
Port Hedland,6,tug_towing,21,0.0,0.0,0.0,0.0,0.0,0.0,0.0
Port Hedland,7,offshore_supply,21,0.23809523809523808,0.14285714285714285,0.0,0.047619047619047616,0.0,0.0,0.23809523809523808
Port Klang,0,bulk_carrier,882,0.481859410430839,0.6938775510204082,0.971655328798186,0.9580498866213152,0.971655328798186,0.971655328798186,0.9795918367346939
Port Klang,1,fishing_vessel,57,0.5087719298245614,0.49122807017543857,0.6491228070175439,0.6491228070175439,0.6842105263157895,0.6842105263157895,0.8070175438596491
Port Klang,2,general_cargo,394,0.24873096446700507,0.23604060913705585,0.1116751269035533,0.15228426395939088,0.15228426395939088,0.11928934010152284,0.3680203045685279
Port Klang,3,product_chem_tanker,895,0.16089385474860335,0.07486033519553073,0.2,0.10502793296089385,0.13854748603351955,0.1452513966480447,0.29832402234636873
Port Klang,4,container_ship,651,0.522273425499232,0.48847926267281105,0.28417818740399386,0.402457757296467,0.2857142857142857,0.2980030721966206,0.5806451612903226
Port Klang,5,crude_oil_tanker,273,0.6776556776556777,0.5494505494505495,0.32967032967032966,0.4725274725274725,0.3333333333333333,0.34065934065934067,0.7142857142857143
Port Klang,6,tug_towing,197,0.05583756345177665,0.025380710659898477,0.005076142131979695,0.005076142131979695,0.005076142131979695,0.005076142131979695,0.06091370558375635
Port Klang,7,offshore_supply,76,0.21052631578947367,0.35526315789473684,0.0,0.21052631578947367,0.0,0.013157894736842105,0.35526315789473684
Port Said,0,bulk_carrier,564,0.45567375886524825,0.5053191489361702,0.7340425531914894,0.7198581560283688,0.7340425531914894,0.7322695035460993,0.824468085106383
Port Said,1,fishing_vessel,4,0.5,0.25,0.25,0.25,0.25,0.25,0.5
Port Said,2,general_cargo,485,0.5360824742268041,0.44536082474226807,0.41649484536082476,0.4350515463917526,0.6,0.4577319587628866,0.6783505154639176
Port Said,3,product_chem_tanker,463,0.19438444924406048,0.2159827213822894,0.7645788336933045,0.712742980561555,0.5421166306695464,0.42764578833693306,0.7775377969762419
Port Said,4,container_ship,94,0.3191489361702128,0.43617021276595747,0.2872340425531915,0.2872340425531915,0.26595744680851063,0.3404255319148936,0.5106382978723404
Port Said,5,crude_oil_tanker,213,0.596244131455399,0.3568075117370892,0.18309859154929578,0.27699530516431925,0.215962441314554,0.25821596244131456,0.6056338028169014
Port Said,6,tug_towing,21,0.0,0.14285714285714285,0.047619047619047616,0.047619047619047616,0.09523809523809523,0.09523809523809523,0.19047619047619047
Port Said,7,offshore_supply,51,0.1568627450980392,0.0784313725490196,0.0,0.0,0.0,0.0196078431372549,0.1568627450980392
Qingdao,0,bulk_carrier,695,0.7093525179856115,0.8028776978417266,0.9856115107913669,0.9841726618705036,0.981294964028777,0.9841726618705036,0.9899280575539569
Qingdao,1,fishing_vessel,1017,0.9262536873156342,0.8751229105211407,0.856440511307768,0.8898721730580138,0.8249754178957719,0.8269419862340216,0.9488692232055064
Qingdao,2,general_cargo,269,0.620817843866171,0.6468401486988847,0.9702602230483272,0.9516728624535316,0.9776951672862454,0.9702602230483272,0.9814126394052045
Richards Bay,0,bulk_carrier,526,0.27756653992395436,0.3916349809885932,0.9106463878326996,0.8992395437262357,0.7338403041825095,0.6634980988593155,0.9182509505703422
Richards Bay,1,fishing_vessel,5,0.8,0.8,1.0,1.0,1.0,1.0,1.0
Richards Bay,2,general_cargo,52,0.25,0.2692307692307692,0.1346153846153846,0.1346153846153846,0.3076923076923077,0.25,0.40384615384615385
Richards Bay,3,product_chem_tanker,64,0.171875,0.171875,0.390625,0.375,0.265625,0.265625,0.421875
Richards Bay,4,container_ship,64,0.8125,0.8125,0.765625,0.84375,0.8125,0.78125,0.890625
Richards Bay,5,crude_oil_tanker,10,0.4,0.5,0.3,0.4,0.3,0.3,0.5
Richards Bay,6,tug_towing,9,0.0,0.0,0.0,0.0,0.0,0.0,0.0
Richards Bay,7,offshore_supply,14,0.0,0.0,0.0,0.0,0.0,0.0,0.0
Rotterdam,0,bulk_carrier,148,0.5337837837837838,0.6959459459459459,0.9864864864864865,0.972972972972973,0.9864864864864865,0.9864864864864865,0.9864864864864865
Rotterdam,1,fishing_vessel,131,0.8778625954198473,0.8854961832061069,0.9694656488549618,0.9694656488549618,0.9770992366412213,0.9694656488549618,0.9770992366412213
Rotterdam,2,general_cargo,294,0.3299319727891156,0.5204081632653061,0.6156462585034014,0.6020408163265306,0.7210884353741497,0.7040816326530612,0.7210884353741497
Santos,0,bulk_carrier,901,0.39622641509433965,0.5982241953385128,0.9223085460599334,0.881243063263041,0.8912319644839067,0.8934517203107658,0.9422863485016648
Santos,1,fishing_vessel,10,0.9,0.8,0.8,0.8,0.8,0.8,0.9
Santos,2,general_cargo,90,0.08888888888888889,0.14444444444444443,0.044444444444444446,0.06666666666666667,0.08888888888888889,0.08888888888888889,0.18888888888888888
Santos,3,product_chem_tanker,191,0.3193717277486911,0.2513089005235602,0.24607329842931938,0.19895287958115182,0.18324607329842932,0.2198952879581152,0.4816753926701571
Santos,4,container_ship,197,0.7918781725888325,0.7918781725888325,0.4365482233502538,0.5431472081218274,0.4467005076142132,0.4517766497461929,0.8071065989847716
Santos,5,crude_oil_tanker,56,0.42857142857142855,0.5357142857142857,0.23214285714285715,0.30357142857142855,0.21428571428571427,0.23214285714285715,0.5714285714285714
Santos,6,tug_towing,188,0.031914893617021274,0.015957446808510637,0.0,0.010638297872340425,0.0,0.0,0.0425531914893617
Santos,7,offshore_supply,25,0.16,0.08,0.0,0.04,0.0,0.0,0.16
Shanghai,0,bulk_carrier,836,0.4988038277511962,0.69377990430622,0.9497607655502392,0.9521531100478469,0.9461722488038278,0.9473684210526315,0.972488038277512
Shanghai,1,fishing_vessel,1150,0.9234782608695652,0.9095652173913044,0.8843478260869565,0.8895652173913043,0.8826086956521739,0.8817391304347826,0.9452173913043478
Shanghai,2,general_cargo,404,0.3935643564356436,0.5148514851485149,0.9108910891089109,0.8366336633663366,0.9207920792079208,0.9183168316831684,0.9207920792079208
Singapore,0,bulk_carrier,1108,0.4747292418772563,0.572202166064982,0.9232851985559567,0.9404332129963899,0.953971119133574,0.9548736462093863,0.9620938628158845
Singapore,1,fishing_vessel,57,0.2631578947368421,0.2982456140350877,0.543859649122807,0.543859649122807,0.543859649122807,0.543859649122807,0.5789473684210527
Singapore,2,general_cargo,415,0.21927710843373494,0.06265060240963856,0.36626506024096384,0.3325301204819277,0.21445783132530122,0.1783132530120482,0.4578313253012048
Singapore,3,product_chem_tanker,1905,0.2099737532808399,0.16745406824146983,0.2551181102362205,0.220997375328084,0.2146981627296588,0.2283464566929134,0.3963254593175853
Singapore,4,container_ship,446,0.5269058295964125,0.4282511210762332,0.289237668161435,0.3430493273542601,0.2802690582959641,0.2802690582959641,0.6233183856502242
Singapore,5,crude_oil_tanker,451,0.6385809312638581,0.41019955654101997,0.2926829268292683,0.3148558758314856,0.2793791574279379,0.29046563192904656,0.6718403547671841
Singapore,6,tug_towing,467,0.15417558886509636,0.2398286937901499,0.03640256959314775,0.09207708779443255,0.032119914346895075,0.032119914346895075,0.3490364025695932
Singapore,7,offshore_supply,410,0.3926829268292683,0.21951219512195122,0.03170731707317073,0.0951219512195122,0.02195121951219512,0.02195121951219512,0.47804878048780486
Sydney Botany,0,bulk_carrier,196,0.42346938775510207,0.5459183673469388,0.9336734693877551,0.5561224489795918,0.7551020408163265,0.7602040816326531,0.9591836734693877
Sydney Botany,1,fishing_vessel,2,1.0,1.0,1.0,1.0,1.0,1.0,1.0
Sydney Botany,2,general_cargo,18,0.1111111111111111,0.1111111111111111,0.0,0.05555555555555555,0.1111111111111111,0.1111111111111111,0.16666666666666666
Sydney Botany,3,product_chem_tanker,19,0.42105263157894735,0.3157894736842105,0.42105263157894735,0.42105263157894735,0.2631578947368421,0.3684210526315789,0.5789473684210527
Sydney Botany,4,container_ship,36,0.6388888888888888,0.6388888888888888,0.5277777777777778,0.6388888888888888,0.6111111111111112,0.6111111111111112,0.7222222222222222
Sydney Botany,5,crude_oil_tanker,10,0.7,0.8,0.5,0.7,0.7,0.6,0.8
Sydney Botany,6,tug_towing,20,0.05,0.0,0.0,0.05,0.0,0.0,0.05
Sydney Botany,7,offshore_supply,3,0.0,0.0,0.0,0.0,0.0,0.0,0.0
Tanger Med,0,bulk_carrier,269,0.21933085501858737,0.6356877323420075,0.8921933085501859,0.9033457249070632,0.8884758364312267,0.895910780669145,0.9219330855018587
Tanger Med,1,fishing_vessel,5,0.8,0.8,0.6,0.6,0.6,0.8,0.8
Tanger Med,2,general_cargo,278,0.5611510791366906,0.539568345323741,0.26258992805755393,0.35251798561151076,0.4244604316546763,0.3669064748201439,0.6690647482014388
Tanger Med,3,product_chem_tanker,339,0.3303834808259587,0.46607669616519176,0.775811209439528,0.616519174041298,0.504424778761062,0.46017699115044247,0.8348082595870207
Tanger Med,4,container_ship,243,0.35802469135802467,0.34156378600823045,0.18518518518518517,0.2880658436213992,0.18518518518518517,0.3168724279835391,0.39094650205761317
Tanger Med,5,crude_oil_tanker,84,0.6190476190476191,0.6309523809523809,0.3333333333333333,0.6071428571428571,0.34523809523809523,0.5952380952380952,0.7023809523809523
Tanger Med,6,tug_towing,30,0.1,0.03333333333333333,0.1,0.06666666666666667,0.06666666666666667,0.03333333333333333,0.2
Tanger Med,7,offshore_supply,18,0.1111111111111111,0.1111111111111111,0.0,0.1111111111111111,0.0,0.1111111111111111,0.16666666666666666
