port,product,pol,objects,quark_file,quark_mb,quark_fid
Melbourne,S1A_IW_GRDH_1SDV_20250217T193335_20250217T193400_057940_072653_7401,VH,20,S1A_IW_GRDH_1SDV_20250217T193335_20250217T193400_057940_072653_7401_VH_UTM_8bit.tif,379.8,3cbb4dd4fce448058bf7e70a6317503a
Melbourne,S1A_IW_GRDH_1SDV_20250217T193335_20250217T193400_057940_072653_7401,VV,16,S1A_IW_GRDH_1SDV_20250217T193335_20250217T193400_057940_072653_7401_VV_UTM_8bit.tif,449.3,3089335b25a54e60b4446c7bd8006b7f
Melbourne,S1A_IW_GRDH_1SDV_20250406T193335_20250406T193400_058640_074290_9E86,VH,22,S1A_IW_GRDH_1SDV_20250406T193335_20250406T193400_058640_074290_9E86_VH_UTM_8bit.tif,394.7,c41a834ddf154fa1a22daf44b6d87396
Melbourne,S1A_IW_GRDH_1SDV_20250406T193335_20250406T193400_058640_074290_9E86,VV,23,S1A_IW_GRDH_1SDV_20250406T193335_20250406T193400_058640_074290_9E86_VV_UTM_8bit.tif,471.3,97a5d06fdddb4a519b8aa34c2faf6c49
Melbourne,S1A_IW_GRDH_1SDV_20250418T193335_20250418T193400_058815_0749B9_7FEC,VH,18,S1A_IW_GRDH_1SDV_20250418T193335_20250418T193400_058815_0749B9_7FEC_VH_UTM_8bit.tif,384.9,01f9645f987548baa382730abec907c1
Melbourne,S1A_IW_GRDH_1SDV_20250418T193335_20250418T193400_058815_0749B9_7FEC,VV,19,S1A_IW_GRDH_1SDV_20250418T193335_20250418T193400_058815_0749B9_7FEC_VV_UTM_8bit.tif,445.1,c220ac5c8cc64fcb97c9ba30411c3021
Melbourne,S1A_IW_GRDH_1SDV_20250629T193333_20250629T193358_059865_076F8D_C18A,VH,11,S1A_IW_GRDH_1SDV_20250629T193333_20250629T193358_059865_076F8D_C18A_VH_UTM_8bit.tif,401.0,57605d3dac31496a891b546b3e2891c4
Melbourne,S1A_IW_GRDH_1SDV_20250629T193333_20250629T193358_059865_076F8D_C18A,VV,11,S1A_IW_GRDH_1SDV_20250629T193333_20250629T193358_059865_076F8D_C18A_VV_UTM_8bit.tif,455.7,6141e8a1047846db8d4a88d9ad90ab8a
Mombasa,S1A_IW_GRDH_1SDV_20250115T153906_20250115T153935_057456_071303_0ED7,VH,20,S1A_IW_GRDH_1SDV_20250115T153906_20250115T153935_057456_071303_0ED7_VH_UTM_8bit.tif,349.1,697541c8a98f45a1b99b6f6bc9d87b63
Mombasa,S1A_IW_GRDH_1SDV_20250115T153906_20250115T153935_057456_071303_0ED7,VV,15,S1A_IW_GRDH_1SDV_20250115T153906_20250115T153935_057456_071303_0ED7_VV_UTM_8bit.tif,535.8,8b79c05fd0cc41728f8ab85b4cd797c5
Mombasa,S1A_IW_GRDH_1SDV_20250127T153906_20250127T153935_057631_0719FF_8570,VH,20,S1A_IW_GRDH_1SDV_20250127T153906_20250127T153935_057631_0719FF_8570_VH_UTM_8bit.tif,346.5,6b2622b8bc91428b90defdb594aea3cc
Mombasa,S1A_IW_GRDH_1SDV_20250127T153906_20250127T153935_057631_0719FF_8570,VV,20,S1A_IW_GRDH_1SDV_20250127T153906_20250127T153935_057631_0719FF_8570_VV_UTM_8bit.tif,517.5,babf9b64565944e4a99ca18a860f4b0d
Mombasa,S1A_IW_GRDH_1SDV_20250220T153905_20250220T153934_057981_0727FE_BF71,VH,27,S1A_IW_GRDH_1SDV_20250220T153905_20250220T153934_057981_0727FE_BF71_VH_UTM_8bit.tif,340.8,cf3f60b83596466e828e17fb00b5bdc8
Mombasa,S1A_IW_GRDH_1SDV_20250220T153905_20250220T153934_057981_0727FE_BF71,VV,27,S1A_IW_GRDH_1SDV_20250220T153905_20250220T153934_057981_0727FE_BF71_VV_UTM_8bit.tif,511.9,386d8b6264464772a6614e7749ec6786
Mombasa,S1A_IW_GRDH_1SDV_20250316T153905_20250316T153934_058331_073622_85D9,VH,14,S1A_IW_GRDH_1SDV_20250316T153905_20250316T153934_058331_073622_85D9_VH_UTM_8bit.tif,339.9,3ec8fd391049476b841640084e84e63f
Mombasa,S1A_IW_GRDH_1SDV_20250316T153905_20250316T153934_058331_073622_85D9,VV,16,S1A_IW_GRDH_1SDV_20250316T153905_20250316T153934_058331_073622_85D9_VV_UTM_8bit.tif,461.7,4ce43598343e4714b8cc85c089c8aef9
Mombasa,S1A_IW_GRDH_1SDV_20250328T153905_20250328T153934_058506_073D15_583F,VH,19,S1A_IW_GRDH_1SDV_20250328T153905_20250328T153934_058506_073D15_583F_VH_UTM_8bit.tif,341.2,1d1a5cf36b8941999599f317d9f7d128
Mombasa,S1A_IW_GRDH_1SDV_20250328T153905_20250328T153934_058506_073D15_583F,VV,18,S1A_IW_GRDH_1SDV_20250328T153905_20250328T153934_058506_073D15_583F_VV_UTM_8bit.tif,427.5,9a4df548949742ba92d432e94f02e08f
Mombasa,S1A_IW_GRDH_1SDV_20250421T153906_20250421T153935_058856_074B68_80A1,VH,28,S1A_IW_GRDH_1SDV_20250421T153906_20250421T153935_058856_074B68_80A1_VH_UTM_8bit.tif,339.9,5830a2be65d347af982da7ff34c384c5
Mombasa,S1A_IW_GRDH_1SDV_20250421T153906_20250421T153935_058856_074B68_80A1,VV,27,S1A_IW_GRDH_1SDV_20250421T153906_20250421T153935_058856_074B68_80A1_VV_UTM_8bit.tif,449.6,d89a9dcc2df648228b6fc1a4b329d554
Mombasa,S1A_IW_GRDH_1SDV_20250515T153905_20250515T153934_059206_0758C3_2241,VH,18,S1A_IW_GRDH_1SDV_20250515T153905_20250515T153934_059206_0758C3_2241_VH_UTM_8bit.tif,344.5,816819dcdded4a5e8708cc5e405d55d7
Mombasa,S1A_IW_GRDH_1SDV_20250515T153905_20250515T153934_059206_0758C3_2241,VV,21,S1A_IW_GRDH_1SDV_20250515T153905_20250515T153934_059206_0758C3_2241_VV_UTM_8bit.tif,471.9,4a276c33b2134fee877c22983c33e6ba
Mombasa,S1A_IW_GRDH_1SDV_20250527T153905_20250527T153934_059381_075EDC_EE48,VH,19,S1A_IW_GRDH_1SDV_20250527T153905_20250527T153934_059381_075EDC_EE48_VH_UTM_8bit.tif,342.2,f84373f09b81497aba602eafe1fbb2bd
Mombasa,S1A_IW_GRDH_1SDV_20250527T153905_20250527T153934_059381_075EDC_EE48,VV,20,S1A_IW_GRDH_1SDV_20250527T153905_20250527T153934_059381_075EDC_EE48_VV_UTM_8bit.tif,457.6,0f46470d51184815b187533733e03b99
Mombasa,S1A_IW_GRDH_1SDV_20250620T153903_20250620T153932_059731_076AE1_A027,VH,24,S1A_IW_GRDH_1SDV_20250620T153903_20250620T153932_059731_076AE1_A027_VH_UTM_8bit.tif,342.3,b22c67f6c4724868bf1b67c6eaecb525
Mombasa,S1A_IW_GRDH_1SDV_20250620T153903_20250620T153932_059731_076AE1_A027,VV,22,S1A_IW_GRDH_1SDV_20250620T153903_20250620T153932_059731_076AE1_A027_VV_UTM_8bit.tif,456.4,6d6cebb14c0e4dd7950861c79ddd0695
Mombasa,S1A_IW_GRDH_1SDV_20250702T153903_20250702T153932_059906_0770FC_6D94,VH,23,S1A_IW_GRDH_1SDV_20250702T153903_20250702T153932_059906_0770FC_6D94_VH_UTM_8bit.tif,341.7,e5092fcf482e4d878d8fe8f877057ad1
Mombasa,S1A_IW_GRDH_1SDV_20250702T153903_20250702T153932_059906_0770FC_6D94,VV,22,S1A_IW_GRDH_1SDV_20250702T153903_20250702T153932_059906_0770FC_6D94_VV_UTM_8bit.tif,463.4,b01fc28703fa46838b5186511f84925e
Mombasa,S1A_IW_GRDH_1SDV_20250714T153902_20250714T153931_060081_0776FF_25DB,VH,28,S1A_IW_GRDH_1SDV_20250714T153902_20250714T153931_060081_0776FF_25DB_VH_UTM_8bit.tif,342.3,55256b7c167740c7b68e9e2ad66adeb2
Mombasa,S1A_IW_GRDH_1SDV_20250714T153902_20250714T153931_060081_0776FF_25DB,VV,28,S1A_IW_GRDH_1SDV_20250714T153902_20250714T153931_060081_0776FF_25DB_VV_UTM_8bit.tif,468.4,ca2b113c9ae647fa87eb7ccc57da6d12
Mombasa,S1A_IW_GRDH_1SDV_20250726T153902_20250726T153931_060256_077D04_0826,VH,22,S1A_IW_GRDH_1SDV_20250726T153902_20250726T153931_060256_077D04_0826_VH_UTM_8bit.tif,343.1,eca7abb5d368440281d3f7e416d555d5
Mombasa,S1A_IW_GRDH_1SDV_20250726T153902_20250726T153931_060256_077D04_0826,VV,20,S1A_IW_GRDH_1SDV_20250726T153902_20250726T153931_060256_077D04_0826_VV_UTM_8bit.tif,468.2,13602c3a6e9241618d45ef2733bb7b63
Mombasa,S1A_IW_GRDH_1SDV_20250819T153902_20250819T153931_060606_078A07_42F0,VH,22,S1A_IW_GRDH_1SDV_20250819T153902_20250819T153931_060606_078A07_42F0_VH_UTM_8bit.tif,341.9,3b452ff29c9d48b48d5abdcd72009ca7
Mombasa,S1A_IW_GRDH_1SDV_20250819T153902_20250819T153931_060606_078A07_42F0,VV,20,S1A_IW_GRDH_1SDV_20250819T153902_20250819T153931_060606_078A07_42F0_VV_UTM_8bit.tif,462.9,826715d066af4540a4bb31330ca738bd
Mombasa,S1A_IW_GRDH_1SDV_20250831T153902_20250831T153931_060781_0790EA_0B81,VH,41,S1A_IW_GRDH_1SDV_20250831T153902_20250831T153931_060781_0790EA_0B81_VH_UTM_8bit.tif,345.9,909b9a130bf64087bafa204cedd244fe
Mombasa,S1A_IW_GRDH_1SDV_20250831T153902_20250831T153931_060781_0790EA_0B81,VV,40,S1A_IW_GRDH_1SDV_20250831T153902_20250831T153931_060781_0790EA_0B81_VV_UTM_8bit.tif,473.9,300c14aa63a1418bb99663ed08ab6662
Mombasa,S1A_IW_GRDH_1SDV_20250912T153902_20250912T153931_060956_0797E9_52CC,VH,41,S1A_IW_GRDH_1SDV_20250912T153902_20250912T153931_060956_0797E9_52CC_VH_UTM_8bit.tif,340.9,e40a0d74bbcc40e4a7d660a92cec6033
Mombasa,S1A_IW_GRDH_1SDV_20250912T153902_20250912T153931_060956_0797E9_52CC,VV,40,S1A_IW_GRDH_1SDV_20250912T153902_20250912T153931_060956_0797E9_52CC_VV_UTM_8bit.tif,464.4,3660e304adb44d4c98a37b34044dd868
Mombasa,S1A_IW_GRDH_1SDV_20250924T153902_20250924T153931_061131_079EEF_95D2,VH,28,S1A_IW_GRDH_1SDV_20250924T153902_20250924T153931_061131_079EEF_95D2_VH_UTM_8bit.tif,341.5,4dbb79c1cb8342f293d6385fdccdde62
Mombasa,S1A_IW_GRDH_1SDV_20250924T153902_20250924T153931_061131_079EEF_95D2,VV,27,S1A_IW_GRDH_1SDV_20250924T153902_20250924T153931_061131_079EEF_95D2_VV_UTM_8bit.tif,462.0,b97c9fa8685d46ffa7e05de35bef3e59
Mombasa,S1A_IW_GRDH_1SDV_20251006T153903_20251006T153932_061306_07A5FE_9B54,VH,22,S1A_IW_GRDH_1SDV_20251006T153903_20251006T153932_061306_07A5FE_9B54_VH_UTM_8bit.tif,340.7,dcc12706ddd848deb9ba7916e184c826
Mombasa,S1A_IW_GRDH_1SDV_20251006T153903_20251006T153932_061306_07A5FE_9B54,VV,19,S1A_IW_GRDH_1SDV_20251006T153903_20251006T153932_061306_07A5FE_9B54_VV_UTM_8bit.tif,445.3,c9803404921c4e9997a0e9766402311d
Mombasa,S1A_IW_GRDH_1SDV_20251018T153903_20251018T153932_061481_07AD03_B243,VH,37,S1A_IW_GRDH_1SDV_20251018T153903_20251018T153932_061481_07AD03_B243_VH_UTM_8bit.tif,342.5,38c1b5e137484e1a9a6f0cb0548ff462
Mombasa,S1A_IW_GRDH_1SDV_20251018T153903_20251018T153932_061481_07AD03_B243,VV,37,S1A_IW_GRDH_1SDV_20251018T153903_20251018T153932_061481_07AD03_B243_VV_UTM_8bit.tif,462.4,0646c3d5608f4caa96af3cb83989ecb0
Mombasa,S1A_IW_GRDH_1SDV_20251030T153902_20251030T153931_061656_07B411_FB08,VH,55,S1A_IW_GRDH_1SDV_20251030T153902_20251030T153931_061656_07B411_FB08_VH_UTM_8bit.tif,339.7,f3f64841e29e419eb958f9627a4b3161
Mombasa,S1A_IW_GRDH_1SDV_20251030T153902_20251030T153931_061656_07B411_FB08,VV,56,S1A_IW_GRDH_1SDV_20251030T153902_20251030T153931_061656_07B411_FB08_VV_UTM_8bit.tif,437.6,cc7bbd92d6b94fec89210fad8b1abc0a
Mombasa,S1C_IW_GRDH_1SDV_20250920T030348_20250920T030413_004202_008573_E1A5,VH,31,S1C_IW_GRDH_1SDV_20250920T030348_20250920T030413_004202_008573_E1A5_VH_UTM_8bit.tif,414.2,dcb6556b62374024a0022da8fc271be8
Mombasa,S1C_IW_GRDH_1SDV_20250920T030348_20250920T030413_004202_008573_E1A5,VV,31,S1C_IW_GRDH_1SDV_20250920T030348_20250920T030413_004202_008573_E1A5_VV_UTM_8bit.tif,483.2,20e2723c335d46b6a66d8057c0294979
Mombasa,S1C_IW_GRDH_1SDV_20251026T030348_20251026T030413_004727_009566_6FE4,VH,57,S1C_IW_GRDH_1SDV_20251026T030348_20251026T030413_004727_009566_6FE4_VH_UTM_8bit.tif,401.8,c79371110cf04f91a94a71a1ce848ba4
Mombasa,S1C_IW_GRDH_1SDV_20251026T030348_20251026T030413_004727_009566_6FE4,VV,53,S1C_IW_GRDH_1SDV_20251026T030348_20251026T030413_004727_009566_6FE4_VV_UTM_8bit.tif,483.9,e339c9ece0c448eaa5769d9935f271ef
Mombasa,S1C_IW_GRDH_1SDV_20251107T030348_20251107T030413_004902_009B16_327F,VH,40,S1C_IW_GRDH_1SDV_20251107T030348_20251107T030413_004902_009B16_327F_VH_UTM_8bit.tif,407.1,f4b5cbaf9149451484d28c5188005c21
Mombasa,S1C_IW_GRDH_1SDV_20251107T030348_20251107T030413_004902_009B16_327F,VV,41,S1C_IW_GRDH_1SDV_20251107T030348_20251107T030413_004902_009B16_327F_VV_UTM_8bit.tif,477.8,7d6fea950c854e2586687a0e3c10ad9f
Mombasa,S1C_IW_GRDH_1SDV_20251201T030347_20251201T030412_005252_00A6CF_3A0E,VH,51,S1C_IW_GRDH_1SDV_20251201T030347_20251201T030412_005252_00A6CF_3A0E_VH_UTM_8bit.tif,403.3,df6b422bc8834a9593515543926d84d9
Mombasa,S1C_IW_GRDH_1SDV_20251201T030347_20251201T030412_005252_00A6CF_3A0E,VV,51,S1C_IW_GRDH_1SDV_20251201T030347_20251201T030412_005252_00A6CF_3A0E_VV_UTM_8bit.tif,489.9,5c380f22682747be877896e9ab07f193
New York,S1A_IW_GRDH_1SDV_20250211T225059_20250211T225124_057855_0722DE_45FE,VH,27,S1A_IW_GRDH_1SDV_20250211T225059_20250211T225124_057855_0722DE_45FE_VH_UTM_8bit.tif,319.4,a4c2e44f49ee4a86891e4f5fa9d469d1
New York,S1A_IW_GRDH_1SDV_20250211T225059_20250211T225124_057855_0722DE_45FE,VV,25,S1A_IW_GRDH_1SDV_20250211T225059_20250211T225124_057855_0722DE_45FE_VV_UTM_8bit.tif,378.0,1d98564730d440658434942a83d7cc08
New York,S1A_IW_GRDH_1SDV_20251126T225109_20251126T225134_062055_07C38B_B529,VH,87,S1A_IW_GRDH_1SDV_20251126T225109_20251126T225134_062055_07C38B_B529_VH_UTM_8bit.tif,388.0,067e9853c5ba4653b1e3dfee63933bdd
New York,S1A_IW_GRDH_1SDV_20251126T225109_20251126T225134_062055_07C38B_B529,VV,79,S1A_IW_GRDH_1SDV_20251126T225109_20251126T225134_062055_07C38B_B529_VV_UTM_8bit.tif,411.4,744a397543434cf0ad27ce15274cecc4
Newcastle,S1A_IW_GRDH_1SDV_20250121T190730_20250121T190755_057546_07169B_6835,VH,61,S1A_IW_GRDH_1SDV_20250121T190730_20250121T190755_057546_07169B_6835_VH_UTM_8bit.tif,329.4,832d8313a17a46a08431c71cba090555
Newcastle,S1A_IW_GRDH_1SDV_20250121T190730_20250121T190755_057546_07169B_6835,VV,66,S1A_IW_GRDH_1SDV_20250121T190730_20250121T190755_057546_07169B_6835_VV_UTM_8bit.tif,438.0,b654d9fc449b4811b856336ae1c1ed7e
Newcastle,S1A_IW_GRDH_1SDV_20250126T191540_20250126T191605_057619_07197E_F97F,VH,16,S1A_IW_GRDH_1SDV_20250126T191540_20250126T191605_057619_07197E_F97F_VH_UTM_8bit.tif,433.3,85ec00a14785437f9e10c05f14296416
Newcastle,S1A_IW_GRDH_1SDV_20250126T191540_20250126T191605_057619_07197E_F97F,VV,27,S1A_IW_GRDH_1SDV_20250126T191540_20250126T191605_057619_07197E_F97F_VV_UTM_8bit.tif,485.9,21087d69e2df4e49b8d9d967989e499a
Newcastle,S1A_IW_GRDH_1SDV_20250219T191539_20250219T191604_057969_072771_AEEC,VH,19,S1A_IW_GRDH_1SDV_20250219T191539_20250219T191604_057969_072771_AEEC_VH_UTM_8bit.tif,430.6,d175d65032b04db598d5132c56927510
Newcastle,S1A_IW_GRDH_1SDV_20250219T191539_20250219T191604_057969_072771_AEEC,VV,20,S1A_IW_GRDH_1SDV_20250219T191539_20250219T191604_057969_072771_AEEC_VV_UTM_8bit.tif,485.9,80678693cd734901a01dfbaf14610981
Newcastle,S1A_IW_GRDH_1SDV_20250315T191539_20250315T191604_058319_0735A5_19A8,VH,19,S1A_IW_GRDH_1SDV_20250315T191539_20250315T191604_058319_0735A5_19A8_VH_UTM_8bit.tif,434.5,f619221a82bc4f61a24328474f08c280
Newcastle,S1A_IW_GRDH_1SDV_20250315T191539_20250315T191604_058319_0735A5_19A8,VV,25,S1A_IW_GRDH_1SDV_20250315T191539_20250315T191604_058319_0735A5_19A8_VV_UTM_8bit.tif,481.0,65ab59d5a0a847ccadf7f57a91b4e921
Newcastle,S1A_IW_GRDH_1SDV_20250514T191539_20250514T191604_059194_07585D_32C0,VH,58,S1A_IW_GRDH_1SDV_20250514T191539_20250514T191604_059194_07585D_32C0_VH_UTM_8bit.tif,436.7,4049ede7ebd24a698aec0a5229de8461
Newcastle,S1A_IW_GRDH_1SDV_20250514T191539_20250514T191604_059194_07585D_32C0,VV,55,S1A_IW_GRDH_1SDV_20250514T191539_20250514T191604_059194_07585D_32C0_VV_UTM_8bit.tif,477.4,8c4fdce1689647c3aa92029bab9e1df2
Newcastle,S1A_IW_GRDH_1SDV_20250619T191537_20250619T191602_059719_076A71_A28F,VH,64,S1A_IW_GRDH_1SDV_20250619T191537_20250619T191602_059719_076A71_A28F_VH_UTM_8bit.tif,417.9,5eb3f6eeb05540d4a786222651666be4
Newcastle,S1A_IW_GRDH_1SDV_20250619T191537_20250619T191602_059719_076A71_A28F,VV,50,S1A_IW_GRDH_1SDV_20250619T191537_20250619T191602_059719_076A71_A28F_VV_UTM_8bit.tif,482.5,dc99de4149d9442f9a1729fad6d8d567
Newcastle,S1A_IW_GRDH_1SDV_20250806T191536_20250806T191601_060419_0782A5_AF18,VH,21,S1A_IW_GRDH_1SDV_20250806T191536_20250806T191601_060419_0782A5_AF18_VH_UTM_8bit.tif,426.4,92d034c16c4248e0913af87130460008
Newcastle,S1A_IW_GRDH_1SDV_20250806T191536_20250806T191601_060419_0782A5_AF18,VV,22,S1A_IW_GRDH_1SDV_20250806T191536_20250806T191601_060419_0782A5_AF18_VV_UTM_8bit.tif,484.2,0adbaaf729164e87822c8ee2ccb10fcd
Newcastle,S1A_IW_GRDH_1SDV_20251017T191537_20251017T191602_061469_07AC87_CC33,VH,35,S1A_IW_GRDH_1SDV_20251017T191537_20251017T191602_061469_07AC87_CC33_VH_UTM_8bit.tif,437.1,965a9ffd2f6942fd82c5819f057522bc
Newcastle,S1A_IW_GRDH_1SDV_20251017T191537_20251017T191602_061469_07AC87_CC33,VV,30,S1A_IW_GRDH_1SDV_20251017T191537_20251017T191602_061469_07AC87_CC33_VV_UTM_8bit.tif,482.0,a852bed71d8c46b488f1ffa1adc4cbb4
Newcastle,S1A_IW_GRDH_1SDV_20251029T191536_20251029T191601_061644_07B393_8142,VH,18,S1A_IW_GRDH_1SDV_20251029T191536_20251029T191601_061644_07B393_8142_VH_UTM_8bit.tif,440.2,bc18f6ccdc3144e88e1acdfc84ee0c7f
Newcastle,S1A_IW_GRDH_1SDV_20251029T191536_20251029T191601_061644_07B393_8142,VV,20,S1A_IW_GRDH_1SDV_20251029T191536_20251029T191601_061644_07B393_8142_VV_UTM_8bit.tif,480.0,b971ee3b75304f7b8d1dd56f3dedd11f
Newcastle,S1A_IW_GRDH_1SDV_20251110T191536_20251110T191601_061819_07BA62_4077,VH,60,S1A_IW_GRDH_1SDV_20251110T191536_20251110T191601_061819_07BA62_4077_VH_UTM_8bit.tif,421.3,a4cdcd253b984dbd8f6484bec3d5be08
Newcastle,S1A_IW_GRDH_1SDV_20251110T191536_20251110T191601_061819_07BA62_4077,VV,63,S1A_IW_GRDH_1SDV_20251110T191536_20251110T191601_061819_07BA62_4077_VV_UTM_8bit.tif,484.0,13d5ab506b054feeabbefd06841b1a5c
Newcastle,S1A_IW_GRDH_1SDV_20251204T191534_20251204T191559_062169_07C80B_6F85,VH,18,S1A_IW_GRDH_1SDV_20251204T191534_20251204T191559_062169_07C80B_6F85_VH_UTM_8bit.tif,424.8,80c1d8d505f94435b90054aaa36e8759
Newcastle,S1A_IW_GRDH_1SDV_20251204T191534_20251204T191559_062169_07C80B_6F85,VV,20,S1A_IW_GRDH_1SDV_20251204T191534_20251204T191559_062169_07C80B_6F85_VV_UTM_8bit.tif,480.4,23131d37854c462cbc3dd7092f815ff7
Newcastle,S1C_IW_GRDH_1SDV_20250813T062133_20250813T062158_003650_0074D4_BCC0,VH,41,S1C_IW_GRDH_1SDV_20250813T062133_20250813T062158_003650_0074D4_BCC0_VH_UTM_8bit.tif,367.2,1851e3ad9429474f845b984d2127c7d5
Newcastle,S1C_IW_GRDH_1SDV_20250813T062133_20250813T062158_003650_0074D4_BCC0,VV,54,S1C_IW_GRDH_1SDV_20250813T062133_20250813T062158_003650_0074D4_BCC0_VV_UTM_8bit.tif,457.3,e4719667035c40bb83ddf617263c44ed
Ningbo-Zhoushan,S1A_IW_GRDH_1SDV_20250703T095436_20250703T095501_059918_07715F_4982,VH,1017,S1A_IW_GRDH_1SDV_20250703T095436_20250703T095501_059918_07715F_4982_VH_UTM_8bit.tif,360.3,657b11d9a1e343b49708bd314c634152
Ningbo-Zhoushan,S1A_IW_GRDH_1SDV_20250703T095436_20250703T095501_059918_07715F_4982,VV,1102,S1A_IW_GRDH_1SDV_20250703T095436_20250703T095501_059918_07715F_4982_VV_UTM_8bit.tif,378.4,de485b0d85a345138393475f2a5603a2
Ningbo-Zhoushan,S1A_IW_GRDH_1SDV_20251230T095431_20251230T095456_062543_07D685_F009,VH,899,S1A_IW_GRDH_1SDV_20251230T095431_20251230T095456_062543_07D685_F009_VH_UTM_8bit.tif,364.5,f58892b699fc4056aace03a045100483
Ningbo-Zhoushan,S1A_IW_GRDH_1SDV_20251230T095431_20251230T095456_062543_07D685_F009,VV,847,S1A_IW_GRDH_1SDV_20251230T095431_20251230T095456_062543_07D685_F009_VV_UTM_8bit.tif,418.6,7cd678d838b041f3b7b5745fd94f0dd4
Port Hedland,S1C_IW_GRDH_1SDV_20250614T213050_20250614T213119_002784_005B97_D06D,VH,70,S1C_IW_GRDH_1SDV_20250614T213050_20250614T213119_002784_005B97_D06D_VH_UTM_8bit.tif,374.8,889e788420a54796b78fe612f104530e
Port Hedland,S1C_IW_GRDH_1SDV_20250614T213050_20250614T213119_002784_005B97_D06D,VV,68,S1C_IW_GRDH_1SDV_20250614T213050_20250614T213119_002784_005B97_D06D_VV_UTM_8bit.tif,498.3,16021652057e49c88aea7a9a6870f4f1
Port Hedland,S1C_IW_GRDH_1SDV_20250813T213053_20250813T213122_003659_00751A_DBC8,VH,103,S1C_IW_GRDH_1SDV_20250813T213053_20250813T213122_003659_00751A_DBC8_VH_UTM_8bit.tif,373.1,b3b7d203b5454880aed78724f1dcac08
Port Hedland,S1C_IW_GRDH_1SDV_20250813T213053_20250813T213122_003659_00751A_DBC8,VV,103,S1C_IW_GRDH_1SDV_20250813T213053_20250813T213122_003659_00751A_DBC8_VV_UTM_8bit.tif,484.9,e919123dd2a14483b2e2e30f5894ce37
Port Hedland,S1C_IW_GRDH_1SDV_20251024T213054_20251024T213124_004709_0094E0_DB1C,VH,78,S1C_IW_GRDH_1SDV_20251024T213054_20251024T213124_004709_0094E0_DB1C_VH_UTM_8bit.tif,386.7,0682650c7688476f9baa15c5e2f7f482
Port Hedland,S1C_IW_GRDH_1SDV_20251024T213054_20251024T213124_004709_0094E0_DB1C,VV,77,S1C_IW_GRDH_1SDV_20251024T213054_20251024T213124_004709_0094E0_DB1C_VV_UTM_8bit.tif,517.6,4a6312b85de44c68984a5f6aaa2e8cff
Port Hedland,S1C_IW_GRDH_1SDV_20251105T213054_20251105T213124_004884_009A7D_8FDC,VH,66,S1C_IW_GRDH_1SDV_20251105T213054_20251105T213124_004884_009A7D_8FDC_VH_UTM_8bit.tif,387.5,9498b81b919c4dc5b941bed7c3a297f3
Port Hedland,S1C_IW_GRDH_1SDV_20251105T213054_20251105T213124_004884_009A7D_8FDC,VV,65,S1C_IW_GRDH_1SDV_20251105T213054_20251105T213124_004884_009A7D_8FDC_VV_UTM_8bit.tif,514.1,2b84bf264345415c93b4c88a5ab75279
Port Hedland,S1C_IW_GRDH_1SDV_20251117T213054_20251117T213123_005059_00A05C_1C3A,VH,63,S1C_IW_GRDH_1SDV_20251117T213054_20251117T213123_005059_00A05C_1C3A_VH_UTM_8bit.tif,383.8,e7ede2fcf458446090d8dbb7d789af6f
Port Hedland,S1C_IW_GRDH_1SDV_20251117T213054_20251117T213123_005059_00A05C_1C3A,VV,61,S1C_IW_GRDH_1SDV_20251117T213054_20251117T213123_005059_00A05C_1C3A_VV_UTM_8bit.tif,501.8,f4393b2bd38e440d8483d501711bcad3
Port Hedland,S1C_IW_GRDH_1SDV_20251129T213053_20251129T213123_005234_00A63B_63CD,VH,62,S1C_IW_GRDH_1SDV_20251129T213053_20251129T213123_005234_00A63B_63CD_VH_UTM_8bit.tif,382.0,d5c7d3acf17943f4b4eb165b22b71999
Port Hedland,S1C_IW_GRDH_1SDV_20251129T213053_20251129T213123_005234_00A63B_63CD,VV,61,S1C_IW_GRDH_1SDV_20251129T213053_20251129T213123_005234_00A63B_63CD_VV_UTM_8bit.tif,486.9,5d59bb9f94784672b5e66558c972acd0
Port Hedland,S1C_IW_GRDH_1SDV_20251211T213053_20251211T213122_005409_00AC3F_40F8,VH,87,S1C_IW_GRDH_1SDV_20251211T213053_20251211T213122_005409_00AC3F_40F8_VH_UTM_8bit.tif,388.5,52370116efef45e4926a8657b9793cb3
Port Hedland,S1C_IW_GRDH_1SDV_20251211T213053_20251211T213122_005409_00AC3F_40F8,VV,84,S1C_IW_GRDH_1SDV_20251211T213053_20251211T213122_005409_00AC3F_40F8_VV_UTM_8bit.tif,505.2,91246f48cb1d4e198763bf3e8cad7403
Port Hedland,S1C_IW_GRDH_1SDV_20251223T213052_20251223T213121_005584_00B23E_FFF7,VH,102,S1C_IW_GRDH_1SDV_20251223T213052_20251223T213121_005584_00B23E_FFF7_VH_UTM_8bit.tif,380.6,13535c135c2347ce9b47933d331c7fa8
Port Hedland,S1C_IW_GRDH_1SDV_20251223T213052_20251223T213121_005584_00B23E_FFF7,VV,99,S1C_IW_GRDH_1SDV_20251223T213052_20251223T213121_005584_00B23E_FFF7_VV_UTM_8bit.tif,486.6,837f9a5fa5dd4233a3bdd8479044ccc5
Port Klang,S1A_IW_GRDH_1SDV_20250310T113410_20250310T113435_058242_07329D_6109,VH,194,S1A_IW_GRDH_1SDV_20250310T113410_20250310T113435_058242_07329D_6109_VH_UTM_8bit.tif,399.5,4f0b3389482d4f76866d6a0d5296f341
Port Klang,S1A_IW_GRDH_1SDV_20250310T113410_20250310T113435_058242_07329D_6109,VV,180,S1A_IW_GRDH_1SDV_20250310T113410_20250310T113435_058242_07329D_6109_VV_UTM_8bit.tif,420.9,e27a82184a79456ab60f138165cee52c
Port Klang,S1A_IW_GRDH_1SDV_20250626T113408_20250626T113433_059817_076DDC_1C20,VH,185,S1A_IW_GRDH_1SDV_20250626T113408_20250626T113433_059817_076DDC_1C20_VH_UTM_8bit.tif,396.3,38be279e460541d396c1e7b8d1b811ff
Port Klang,S1A_IW_GRDH_1SDV_20250626T113408_20250626T113433_059817_076DDC_1C20,VV,180,S1A_IW_GRDH_1SDV_20250626T113408_20250626T113433_059817_076DDC_1C20_VV_UTM_8bit.tif,441.5,6fb54d75043943b0a1706eccbecbd4cb
Port Klang,S1A_IW_GRDH_1SDV_20250708T113408_20250708T113433_059992_0773EA_C045,VH,233,S1A_IW_GRDH_1SDV_20250708T113408_20250708T113433_059992_0773EA_C045_VH_UTM_8bit.tif,400.3,675715240c6d4714be1152de61ae32d7
Port Klang,S1A_IW_GRDH_1SDV_20250708T113408_20250708T113433_059992_0773EA_C045,VV,211,S1A_IW_GRDH_1SDV_20250708T113408_20250708T113433_059992_0773EA_C045_VV_UTM_8bit.tif,421.3,58506ea5e25a4b98981a3935e7b0dfbb
Port Klang,S1A_IW_GRDH_1SDV_20250720T113407_20250720T113432_060167_0779EF_8B2D,VH,235,S1A_IW_GRDH_1SDV_20250720T113407_20250720T113432_060167_0779EF_8B2D_VH_UTM_8bit.tif,398.1,b106f9f36a2c43069b71338779607835
Port Klang,S1A_IW_GRDH_1SDV_20250720T113407_20250720T113432_060167_0779EF_8B2D,VV,238,S1A_IW_GRDH_1SDV_20250720T113407_20250720T113432_060167_0779EF_8B2D_VV_UTM_8bit.tif,425.0,aaf58939ff194d34991ffe2545f5f82b
Port Klang,S1A_IW_GRDH_1SDV_20250813T113407_20250813T113432_060517_078680_45FA,VH,186,S1A_IW_GRDH_1SDV_20250813T113407_20250813T113432_060517_078680_45FA_VH_UTM_8bit.tif,393.9,30e3f1384c084b07ae577cd32c390199
Port Klang,S1A_IW_GRDH_1SDV_20250813T113407_20250813T113432_060517_078680_45FA,VV,174,S1A_IW_GRDH_1SDV_20250813T113407_20250813T113432_060517_078680_45FA_VV_UTM_8bit.tif,420.7,20cef54ff847436ebb63c397c5857003
Port Klang,S1A_IW_GRDH_1SDV_20250930T113407_20250930T113432_061217_07A26A_3C89,VH,242,S1A_IW_GRDH_1SDV_20250930T113407_20250930T113432_061217_07A26A_3C89_VH_UTM_8bit.tif,397.1,44bb38798e61401bb7a8a101749344f9
Port Klang,S1A_IW_GRDH_1SDV_20250930T113407_20250930T113432_061217_07A26A_3C89,VV,231,S1A_IW_GRDH_1SDV_20250930T113407_20250930T113432_061217_07A26A_3C89_VV_UTM_8bit.tif,440.4,c1e6dcf6bf9c46949065554d1778fb66
Port Klang,S1A_IW_GRDH_1SDV_20251012T113408_20251012T113433_061392_07A972_E193,VH,236,S1A_IW_GRDH_1SDV_20251012T113408_20251012T113433_061392_07A972_E193_VH_UTM_8bit.tif,396.1,98d9bab9d5d54493bb4d5389291cbc7a
Port Klang,S1A_IW_GRDH_1SDV_20251012T113408_20251012T113433_061392_07A972_E193,VV,223,S1A_IW_GRDH_1SDV_20251012T113408_20251012T113433_061392_07A972_E193_VV_UTM_8bit.tif,414.1,3ea36d3d76314ee4b07c4d0b8cbe17e8
Port Klang,S1A_IW_GRDH_1SDV_20251129T113406_20251129T113431_062092_07C503_6B6D,VH,317,S1A_IW_GRDH_1SDV_20251129T113406_20251129T113431_062092_07C503_6B6D_VH_UTM_8bit.tif,396.7,3fd92960df33456ea2fa2bd883955f2b
Port Klang,S1A_IW_GRDH_1SDV_20251129T113406_20251129T113431_062092_07C503_6B6D,VV,299,S1A_IW_GRDH_1SDV_20251129T113406_20251129T113431_062092_07C503_6B6D_VV_UTM_8bit.tif,427.9,991beb3c88534827af5a0a8d04e64018
Port Klang,S1A_IW_GRDH_1SDV_20251211T113405_20251211T113430_062267_07CBD7_A7ED,VH,268,S1A_IW_GRDH_1SDV_20251211T113405_20251211T113430_062267_07CBD7_A7ED_VH_UTM_8bit.tif,398.0,8c47e62acb124251aaecf3889a9a2f56
Port Klang,S1A_IW_GRDH_1SDV_20251211T113405_20251211T113430_062267_07CBD7_A7ED,VV,256,S1A_IW_GRDH_1SDV_20251211T113405_20251211T113430_062267_07CBD7_A7ED_VV_UTM_8bit.tif,417.6,7ebb618d960444d38e3e0b2433b2947f
Port Klang,S1A_IW_GRDH_1SDV_20251223T113403_20251223T113428_062442_07D2AB_3284,VH,305,S1A_IW_GRDH_1SDV_20251223T113403_20251223T113428_062442_07D2AB_3284_VH_UTM_8bit.tif,395.0,954b923a65264a388e9db89269a09f14
Port Klang,S1A_IW_GRDH_1SDV_20251223T113403_20251223T113428_062442_07D2AB_3284,VV,306,S1A_IW_GRDH_1SDV_20251223T113403_20251223T113428_062442_07D2AB_3284_VV_UTM_8bit.tif,423.3,9fc75222898748878f0426cec50e4780
Port Klang,S1A_IW_GRDH_1SDV_20260104T113402_20260104T113427_062617_07D969_8415,VH,323,S1A_IW_GRDH_1SDV_20260104T113402_20260104T113427_062617_07D969_8415_VH_UTM_8bit.tif,395.6,7f75458ad2414bc28b4480e066b43296
Port Klang,S1A_IW_GRDH_1SDV_20260104T113402_20260104T113427_062617_07D969_8415,VV,321,S1A_IW_GRDH_1SDV_20260104T113402_20260104T113427_062617_07D969_8415_VV_UTM_8bit.tif,435.2,39bde85805c6494ab985cf25d6779c3b
Port Said,S1A_IW_GRDH_1SDV_20250317T035236_20250317T035301_058339_07366E_1A19,VH,219,S1A_IW_GRDH_1SDV_20250317T035236_20250317T035301_058339_07366E_1A19_VH_UTM_8bit.tif,317.0,af223386dad64b8f817821faca248309
Port Said,S1A_IW_GRDH_1SDV_20250317T035236_20250317T035301_058339_07366E_1A19,VV,227,S1A_IW_GRDH_1SDV_20250317T035236_20250317T035301_058339_07366E_1A19_VV_UTM_8bit.tif,370.6,60e52929844e444db02f57dacd13c22d
Port Said,S1A_IW_GRDH_1SDV_20250422T035237_20250422T035302_058864_074BB7_3AD7,VH,258,S1A_IW_GRDH_1SDV_20250422T035237_20250422T035302_058864_074BB7_3AD7_VH_UTM_8bit.tif,320.1,204b21831b634ae88543506ae8ea3c9d
Port Said,S1A_IW_GRDH_1SDV_20250422T035237_20250422T035302_058864_074BB7_3AD7,VV,264,S1A_IW_GRDH_1SDV_20250422T035237_20250422T035302_058864_074BB7_3AD7_VV_UTM_8bit.tif,426.7,65ef121a71bf42d38e52c7e13cb17184
Port Said,S1A_IW_GRDH_1SDV_20250504T035237_20250504T035302_059039_0752BC_810D,VH,166,S1A_IW_GRDH_1SDV_20250504T035237_20250504T035302_059039_0752BC_810D_VH_UTM_8bit.tif,317.7,e13f85fd4ebf45ddb792836c55666563
Port Said,S1A_IW_GRDH_1SDV_20250504T035237_20250504T035302_059039_0752BC_810D,VV,169,S1A_IW_GRDH_1SDV_20250504T035237_20250504T035302_059039_0752BC_810D_VV_UTM_8bit.tif,429.1,cefd2d9651434ce4a8a242a7cebc23bd
Port Said,S1A_IW_GRDH_1SDV_20250516T035237_20250516T035302_059214_07590C_1B74,VH,237,S1A_IW_GRDH_1SDV_20250516T035237_20250516T035302_059214_07590C_1B74_VH_UTM_8bit.tif,321.6,d87de1365a8a40aeb8749c0aa4c0b976
Port Said,S1A_IW_GRDH_1SDV_20250516T035237_20250516T035302_059214_07590C_1B74,VV,230,S1A_IW_GRDH_1SDV_20250516T035237_20250516T035302_059214_07590C_1B74_VV_UTM_8bit.tif,445.8,4fbd4c7494e64d868801104aaa2f031b
Port Said,S1A_IW_GRDH_1SDV_20250528T035236_20250528T035301_059389_075F25_EDE8,VH,200,S1A_IW_GRDH_1SDV_20250528T035236_20250528T035301_059389_075F25_EDE8_VH_UTM_8bit.tif,323.4,de92683bf33c4b809fff34fbc67b90f6
Port Said,S1A_IW_GRDH_1SDV_20250528T035236_20250528T035301_059389_075F25_EDE8,VV,192,S1A_IW_GRDH_1SDV_20250528T035236_20250528T035301_059389_075F25_EDE8_VV_UTM_8bit.tif,481.1,5269511c05404443af338960aced8801
Port Said,S1A_IW_GRDH_1SDV_20250609T035235_20250609T035300_059564_07651D_4100,VH,237,S1A_IW_GRDH_1SDV_20250609T035235_20250609T035300_059564_07651D_4100_VH_UTM_8bit.tif,318.9,6d6d5ffb76a24d9e8b8c9f9fd3fe4fca
Port Said,S1A_IW_GRDH_1SDV_20250609T035235_20250609T035300_059564_07651D_4100,VV,243,S1A_IW_GRDH_1SDV_20250609T035235_20250609T035300_059564_07651D_4100_VV_UTM_8bit.tif,412.6,e67d41a5e40a40b6b793ce2efba85efd
Port Said,S1A_IW_GRDH_1SDV_20250621T035235_20250621T035300_059739_076B27_C979,VH,208,S1A_IW_GRDH_1SDV_20250621T035235_20250621T035300_059739_076B27_C979_VH_UTM_8bit.tif,320.5,78dd9a2d6b4541a285dbe4870e970b03
Port Said,S1A_IW_GRDH_1SDV_20250621T035235_20250621T035300_059739_076B27_C979,VV,206,S1A_IW_GRDH_1SDV_20250621T035235_20250621T035300_059739_076B27_C979_VV_UTM_8bit.tif,439.6,bc313420e87e45a5989672a0272f0c97
Port Said,S1A_IW_GRDH_1SDV_20250703T035234_20250703T035259_059914_077140_7BD6,VH,228,S1A_IW_GRDH_1SDV_20250703T035234_20250703T035259_059914_077140_7BD6_VH_UTM_8bit.tif,317.3,6879383a91df47a89ad5507f83392bcc
Port Said,S1A_IW_GRDH_1SDV_20250703T035234_20250703T035259_059914_077140_7BD6,VV,223,S1A_IW_GRDH_1SDV_20250703T035234_20250703T035259_059914_077140_7BD6_VV_UTM_8bit.tif,406.9,5c8ecf795e8b47f987c0b25d7ba77feb
Port Said,S1A_IW_GRDH_1SDV_20250715T035234_20250715T035259_060089_077743_FB08,VH,236,S1A_IW_GRDH_1SDV_20250715T035234_20250715T035259_060089_077743_FB08_VH_UTM_8bit.tif,319.8,454f4d15fa5b41798a9292a7227c353f
Port Said,S1A_IW_GRDH_1SDV_20250715T035234_20250715T035259_060089_077743_FB08,VV,230,S1A_IW_GRDH_1SDV_20250715T035234_20250715T035259_060089_077743_FB08_VV_UTM_8bit.tif,438.4,45d613a332794facb0373240665d30b2
Port Said,S1A_IW_GRDH_1SDV_20250727T035233_20250727T035258_060264_077D47_F0A8,VH,216,S1A_IW_GRDH_1SDV_20250727T035233_20250727T035258_060264_077D47_F0A8_VH_UTM_8bit.tif,318.5,246e8be1696a4fc28d96bc35eb9fa328
Port Said,S1A_IW_GRDH_1SDV_20250727T035233_20250727T035258_060264_077D47_F0A8,VV,211,S1A_IW_GRDH_1SDV_20250727T035233_20250727T035258_060264_077D47_F0A8_VV_UTM_8bit.tif,415.4,f46bd2e872e84b669baee7be78e3378c
Port Said,S1A_IW_GRDH_1SDV_20250808T035233_20250808T035258_060439_078370_CD54,VH,158,S1A_IW_GRDH_1SDV_20250808T035233_20250808T035258_060439_078370_CD54_VH_UTM_8bit.tif,317.1,3467d13bdbca498383229fa37d41a67b
Port Said,S1A_IW_GRDH_1SDV_20250808T035233_20250808T035258_060439_078370_CD54,VV,159,S1A_IW_GRDH_1SDV_20250808T035233_20250808T035258_060439_078370_CD54_VV_UTM_8bit.tif,407.9,8d9dcac25c79429cae55d4d89c3b7cad
Port Said,S1A_IW_GRDH_1SDV_20250820T035233_20250820T035258_060614_078A53_5450,VH,175,S1A_IW_GRDH_1SDV_20250820T035233_20250820T035258_060614_078A53_5450_VH_UTM_8bit.tif,320.7,335fe5084b4c479c85a7e60ae2e8ec67
Port Said,S1A_IW_GRDH_1SDV_20250820T035233_20250820T035258_060614_078A53_5450,VV,183,S1A_IW_GRDH_1SDV_20250820T035233_20250820T035258_060614_078A53_5450_VV_UTM_8bit.tif,435.8,d3825a8693324cc388bb2092cf90c55f
Port Said,S1A_IW_GRDH_1SDV_20250901T035233_20250901T035258_060789_079136_B324,VH,215,S1A_IW_GRDH_1SDV_20250901T035233_20250901T035258_060789_079136_B324_VH_UTM_8bit.tif,319.4,95addd2ce793489bb2fa5e19c5eff522
Port Said,S1A_IW_GRDH_1SDV_20250901T035233_20250901T035258_060789_079136_B324,VV,207,S1A_IW_GRDH_1SDV_20250901T035233_20250901T035258_060789_079136_B324_VV_UTM_8bit.tif,418.7,8771430010104ba6b5c5103506e0fd6a
Port Said,S1A_IW_GRDH_1SDV_20250913T035234_20250913T035259_060964_079836_C838,VH,184,S1A_IW_GRDH_1SDV_20250913T035234_20250913T035259_060964_079836_C838_VH_UTM_8bit.tif,320.0,989b8082b1ce4f05935d45527bcbc3f2
Port Said,S1A_IW_GRDH_1SDV_20250913T035234_20250913T035259_060964_079836_C838,VV,184,S1A_IW_GRDH_1SDV_20250913T035234_20250913T035259_060964_079836_C838_VV_UTM_8bit.tif,379.6,2516e65cd3874705be547cb7a232b144
Port Said,S1A_IW_GRDH_1SDV_20250925T035234_20250925T035259_061139_079F3E_697B,VH,208,S1A_IW_GRDH_1SDV_20250925T035234_20250925T035259_061139_079F3E_697B_VH_UTM_8bit.tif,322.1,99b4b0fe39b943858089b4009b61d2f5
Port Said,S1A_IW_GRDH_1SDV_20250925T035234_20250925T035259_061139_079F3E_697B,VV,200,S1A_IW_GRDH_1SDV_20250925T035234_20250925T035259_061139_079F3E_697B_VV_UTM_8bit.tif,459.3,252a6f92ed874293a6f76489359814e5
Port Said,S1A_IW_GRDH_1SDV_20251007T035234_20251007T035259_061314_07A64B_B254,VH,222,S1A_IW_GRDH_1SDV_20251007T035234_20251007T035259_061314_07A64B_B254_VH_UTM_8bit.tif,316.1,0d061524c3a94aeca87b2e704e019d13
Port Said,S1A_IW_GRDH_1SDV_20251007T035234_20251007T035259_061314_07A64B_B254,VV,220,S1A_IW_GRDH_1SDV_20251007T035234_20251007T035259_061314_07A64B_B254_VV_UTM_8bit.tif,384.7,77f3d62261644dfeb6899f3fa67bae67
Port Said,S1A_IW_GRDH_1SDV_20251019T035234_20251019T035259_061489_07AD50_1AB6,VH,226,S1A_IW_GRDH_1SDV_20251019T035234_20251019T035259_061489_07AD50_1AB6_VH_UTM_8bit.tif,318.2,a5482d02c128447393d01958e9ba9a78
Port Said,S1A_IW_GRDH_1SDV_20251019T035234_20251019T035259_061489_07AD50_1AB6,VV,214,S1A_IW_GRDH_1SDV_20251019T035234_20251019T035259_061489_07AD50_1AB6_VV_UTM_8bit.tif,405.7,939430a8bc314ab9b82b470f5984ab1d
Port Said,S1A_IW_GRDH_1SDV_20251112T035233_20251112T035258_061839_07BB21_91CA,VH,197,S1A_IW_GRDH_1SDV_20251112T035233_20251112T035258_061839_07BB21_91CA_VH_UTM_8bit.tif,313.4,26c0581e966b43ca8e0e6d811e2ad82b
Port Said,S1A_IW_GRDH_1SDV_20251112T035233_20251112T035258_061839_07BB21_91CA,VV,195,S1A_IW_GRDH_1SDV_20251112T035233_20251112T035258_061839_07BB21_91CA_VV_UTM_8bit.tif,376.3,72d97373756049bab9eb3b0a2ef4fb45
Port Said,S1A_IW_GRDH_1SDV_20251124T035232_20251124T035257_062014_07C1F4_0DB0,VH,212,S1A_IW_GRDH_1SDV_20251124T035232_20251124T035257_062014_07C1F4_0DB0_VH_UTM_8bit.tif,320.8,8c709be7a534460d86348acf914baab4
Port Said,S1A_IW_GRDH_1SDV_20251124T035232_20251124T035257_062014_07C1F4_0DB0,VV,216,S1A_IW_GRDH_1SDV_20251124T035232_20251124T035257_062014_07C1F4_0DB0_VV_UTM_8bit.tif,423.3,7318f5d17fc3421fa3a7ffe17ec1de7c
Port Said,S1A_IW_GRDH_1SDV_20251206T035231_20251206T035256_062189_07C8C7_B4B3,VH,153,S1A_IW_GRDH_1SDV_20251206T035231_20251206T035256_062189_07C8C7_B4B3_VH_UTM_8bit.tif,315.2,25c44d73439649259b58d1f3f42b0918
Port Said,S1A_IW_GRDH_1SDV_20251206T035231_20251206T035256_062189_07C8C7_B4B3,VV,149,S1A_IW_GRDH_1SDV_20251206T035231_20251206T035256_062189_07C8C7_B4B3_VV_UTM_8bit.tif,382.0,4583c10bdc54488798e3ee86e2fb588e
Port Said,S1A_IW_GRDH_1SDV_20251218T035230_20251218T035255_062364_07CF9A_DF33,VH,222,S1A_IW_GRDH_1SDV_20251218T035230_20251218T035255_062364_07CF9A_DF33_VH_UTM_8bit.tif,318.5,7f1bfce2b7884298a4250bcc78143020
Port Said,S1A_IW_GRDH_1SDV_20251218T035230_20251218T035255_062364_07CF9A_DF33,VV,216,S1A_IW_GRDH_1SDV_20251218T035230_20251218T035255_062364_07CF9A_DF33_VV_UTM_8bit.tif,421.0,26dc92fb30f84201ae29a863282860ae
Port Said,S1A_IW_GRDH_1SDV_20251230T035229_20251230T035254_062539_07D665_2BBB,VH,190,S1A_IW_GRDH_1SDV_20251230T035229_20251230T035254_062539_07D665_2BBB_VH_UTM_8bit.tif,320.1,4a8d72e658d94a4d958628fdc63ba54f
Port Said,S1A_IW_GRDH_1SDV_20251230T035229_20251230T035254_062539_07D665_2BBB,VV,186,S1A_IW_GRDH_1SDV_20251230T035229_20251230T035254_062539_07D665_2BBB_VV_UTM_8bit.tif,439.7,8c445af1689347999d7b0e58f6c1b6d7
Qingdao,S1A_IW_GRDH_1SDV_20250128T095619_20250128T095644_057643_071A6C_C629,VH,250,S1A_IW_GRDH_1SDV_20250128T095619_20250128T095644_057643_071A6C_C629_VH_UTM_8bit.tif,309.5,b1c6840988bb4a2f945b4ae6b9082ed2
Qingdao,S1A_IW_GRDH_1SDV_20250128T095619_20250128T095644_057643_071A6C_C629,VV,255,S1A_IW_GRDH_1SDV_20250128T095619_20250128T095644_057643_071A6C_C629_VV_UTM_8bit.tif,455.7,02afec4dcc5c4b40b38a883fb4df61d9
Qingdao,S1A_IW_GRDH_1SDV_20250209T095619_20250209T095644_057818_072156_A282,VH,331,S1A_IW_GRDH_1SDV_20250209T095619_20250209T095644_057818_072156_A282_VH_UTM_8bit.tif,297.4,a7ca9d7b246b463dbf1985a0efd84ebc
Qingdao,S1A_IW_GRDH_1SDV_20250209T095619_20250209T095644_057818_072156_A282,VV,313,S1A_IW_GRDH_1SDV_20250209T095619_20250209T095644_057818_072156_A282_VV_UTM_8bit.tif,374.4,f18124176e734048a7a069de96a4cd12
Qingdao,S1A_IW_GRDH_1SDV_20250317T095619_20250317T095644_058343_073693_570A,VH,334,S1A_IW_GRDH_1SDV_20250317T095619_20250317T095644_058343_073693_570A_VH_UTM_8bit.tif,306.9,395b3e30a12447e4be317013660d5a0d
Qingdao,S1A_IW_GRDH_1SDV_20250317T095619_20250317T095644_058343_073693_570A,VV,337,S1A_IW_GRDH_1SDV_20250317T095619_20250317T095644_058343_073693_570A_VV_UTM_8bit.tif,438.6,4fe317c715a94ba3a1ba06d0561756bd
Qingdao,S1A_IW_GRDH_1SDV_20250329T095619_20250329T095644_058518_073D8B_5302,VH,435,S1A_IW_GRDH_1SDV_20250329T095619_20250329T095644_058518_073D8B_5302_VH_UTM_8bit.tif,297.2,ab3ec7b6917f4d0aae3b2cffd96d5ef1
Qingdao,S1A_IW_GRDH_1SDV_20250329T095619_20250329T095644_058518_073D8B_5302,VV,433,S1A_IW_GRDH_1SDV_20250329T095619_20250329T095644_058518_073D8B_5302_VV_UTM_8bit.tif,380.8,4213eda4b2104575b469b3270ce25c97
Qingdao,S1A_IW_GRDH_1SDV_20250410T095619_20250410T095644_058693_0744B4_726C,VH,542,S1A_IW_GRDH_1SDV_20250410T095619_20250410T095644_058693_0744B4_726C_VH_UTM_8bit.tif,294.6,166c86911dd4476f84f2d3e26bb0781b
Qingdao,S1A_IW_GRDH_1SDV_20250410T095619_20250410T095644_058693_0744B4_726C,VV,572,S1A_IW_GRDH_1SDV_20250410T095619_20250410T095644_058693_0744B4_726C_VV_UTM_8bit.tif,365.9,c3fecc241c74498ab104e414e3c75070
Qingdao,S1A_IW_GRDH_1SDV_20250422T095619_20250422T095644_058868_074BDE_EE82,VH,687,S1A_IW_GRDH_1SDV_20250422T095619_20250422T095644_058868_074BDE_EE82_VH_UTM_8bit.tif,295.7,aab7c71be917402bb77966a65a313f54
Qingdao,S1A_IW_GRDH_1SDV_20250422T095619_20250422T095644_058868_074BDE_EE82,VV,684,S1A_IW_GRDH_1SDV_20250422T095619_20250422T095644_058868_074BDE_EE82_VV_UTM_8bit.tif,368.6,f945da2191f74756829c1eae28173f4e
Qingdao,S1A_IW_GRDH_1SDV_20250504T095619_20250504T095644_059043_0752E1_23FF,VH,412,S1A_IW_GRDH_1SDV_20250504T095619_20250504T095644_059043_0752E1_23FF_VH_UTM_8bit.tif,297.6,3a921305d0b54018a0d513dc9fa6446e
Qingdao,S1A_IW_GRDH_1SDV_20250504T095619_20250504T095644_059043_0752E1_23FF,VV,399,S1A_IW_GRDH_1SDV_20250504T095619_20250504T095644_059043_0752E1_23FF_VV_UTM_8bit.tif,385.6,636fb021cc12494697ace62d283725cb
Qingdao,S1A_IW_GRDH_1SDV_20250516T095619_20250516T095644_059218_07592B_E377,VH,479,S1A_IW_GRDH_1SDV_20250516T095619_20250516T095644_059218_07592B_E377_VH_UTM_8bit.tif,295.4,fdcdc620bf5a4cb79e2a9a5898033cc8
Qingdao,S1A_IW_GRDH_1SDV_20250516T095619_20250516T095644_059218_07592B_E377,VV,491,S1A_IW_GRDH_1SDV_20250516T095619_20250516T095644_059218_07592B_E377_VV_UTM_8bit.tif,357.5,29c0bbe19b364d07bb1d9e190034d137
Qingdao,S1A_IW_GRDH_1SDV_20250528T095618_20250528T095643_059393_075F43_4703,VH,440,S1A_IW_GRDH_1SDV_20250528T095618_20250528T095643_059393_075F43_4703_VH_UTM_8bit.tif,297.9,8be1b69ac19442a883c2d2944255ecdc
Qingdao,S1A_IW_GRDH_1SDV_20250528T095618_20250528T095643_059393_075F43_4703,VV,421,S1A_IW_GRDH_1SDV_20250528T095618_20250528T095643_059393_075F43_4703_VV_UTM_8bit.tif,397.6,11a16e351ad941fbb357f92321b018e3
Qingdao,S1A_IW_GRDH_1SDV_20250609T095618_20250609T095643_059568_07653B_64EC,VH,561,S1A_IW_GRDH_1SDV_20250609T095618_20250609T095643_059568_07653B_64EC_VH_UTM_8bit.tif,301.4,16088baf3a9c4c5eb687fd8d8349348f
Qingdao,S1A_IW_GRDH_1SDV_20250609T095618_20250609T095643_059568_07653B_64EC,VV,513,S1A_IW_GRDH_1SDV_20250609T095618_20250609T095643_059568_07653B_64EC_VV_UTM_8bit.tif,406.0,83b66f83b35a4df89f48710db9dcfd48
Qingdao,S1A_IW_GRDH_1SDV_20250621T095617_20250621T095642_059743_076B46_1176,VH,779,S1A_IW_GRDH_1SDV_20250621T095617_20250621T095642_059743_076B46_1176_VH_UTM_8bit.tif,296.6,1c63038a5a3147ebaba4f54745173020
Qingdao,S1A_IW_GRDH_1SDV_20250621T095617_20250621T095642_059743_076B46_1176,VV,754,S1A_IW_GRDH_1SDV_20250621T095617_20250621T095642_059743_076B46_1176_VV_UTM_8bit.tif,342.2,5df0c41bee6c43889fa82385f809b484
Qingdao,S1A_IW_GRDH_1SDV_20250715T095616_20250715T095641_060093_077760_1FAF,VH,439,S1A_IW_GRDH_1SDV_20250715T095616_20250715T095641_060093_077760_1FAF_VH_UTM_8bit.tif,297.7,3c487b8dff524cd68999374e094fef16
Qingdao,S1A_IW_GRDH_1SDV_20250715T095616_20250715T095641_060093_077760_1FAF,VV,440,S1A_IW_GRDH_1SDV_20250715T095616_20250715T095641_060093_077760_1FAF_VV_UTM_8bit.tif,381.1,0ef4505372fd40639eb614d27d36a8d9
Qingdao,S1A_IW_GRDH_1SDV_20250808T095615_20250808T095640_060443_078391_9942,VH,493,S1A_IW_GRDH_1SDV_20250808T095615_20250808T095640_060443_078391_9942_VH_UTM_8bit.tif,298.9,890127d9010749c5b60bd053c11a3736
Qingdao,S1A_IW_GRDH_1SDV_20250808T095615_20250808T095640_060443_078391_9942,VV,451,S1A_IW_GRDH_1SDV_20250808T095615_20250808T095640_060443_078391_9942_VV_UTM_8bit.tif,386.9,079e571a33914f4ab63bf970d77bc298
Qingdao,S1A_IW_GRDH_1SDV_20250820T095615_20250820T095640_060618_078A74_3D5A,VH,505,S1A_IW_GRDH_1SDV_20250820T095615_20250820T095640_060618_078A74_3D5A_VH_UTM_8bit.tif,301.5,2606300e369d44579a30dcb18d608ef3
Qingdao,S1A_IW_GRDH_1SDV_20250820T095615_20250820T095640_060618_078A74_3D5A,VV,471,S1A_IW_GRDH_1SDV_20250820T095615_20250820T095640_060618_078A74_3D5A_VV_UTM_8bit.tif,398.5,6d96905a4574408b8eff59ebe1987003
Qingdao,S1A_IW_GRDH_1SDV_20250901T095616_20250901T095641_060793_079158_54A8,VH,709,S1A_IW_GRDH_1SDV_20250901T095616_20250901T095641_060793_079158_54A8_VH_UTM_8bit.tif,301.7,d99ad81f9f2741239b156c33e52754b0
Qingdao,S1A_IW_GRDH_1SDV_20250901T095616_20250901T095641_060793_079158_54A8,VV,702,S1A_IW_GRDH_1SDV_20250901T095616_20250901T095641_060793_079158_54A8_VV_UTM_8bit.tif,391.0,5af608131bee4b79b30bf0d83641962b
Qingdao,S1A_IW_GRDH_1SDV_20250925T095616_20250925T095641_061143_079F62_D4E3,VH,653,S1A_IW_GRDH_1SDV_20250925T095616_20250925T095641_061143_079F62_D4E3_VH_UTM_8bit.tif,302.1,739412bc62be4d12a324242f01455404
Qingdao,S1A_IW_GRDH_1SDV_20250925T095616_20250925T095641_061143_079F62_D4E3,VV,530,S1A_IW_GRDH_1SDV_20250925T095616_20250925T095641_061143_079F62_D4E3_VV_UTM_8bit.tif,418.1,b37eacacc41442448915d44b30b951d1
Qingdao,S1A_IW_GRDH_1SDV_20251007T095617_20251007T095642_061318_07A66F_2CB9,VH,889,S1A_IW_GRDH_1SDV_20251007T095617_20251007T095642_061318_07A66F_2CB9_VH_UTM_8bit.tif,299.8,003b76c46b2a41368b0ad09e769b1fd0
Qingdao,S1A_IW_GRDH_1SDV_20251007T095617_20251007T095642_061318_07A66F_2CB9,VV,672,S1A_IW_GRDH_1SDV_20251007T095617_20251007T095642_061318_07A66F_2CB9_VV_UTM_8bit.tif,364.5,ace222ec03be43508de4dfd8bd4fe544
Qingdao,S1A_IW_GRDH_1SDV_20251019T095616_20251019T095641_061493_07AD75_3A90,VH,536,S1A_IW_GRDH_1SDV_20251019T095616_20251019T095641_061493_07AD75_3A90_VH_UTM_8bit.tif,312.3,e88b17adb25f4db4bccc02de1e25d4e6
Qingdao,S1A_IW_GRDH_1SDV_20251019T095616_20251019T095641_061493_07AD75_3A90,VV,543,S1A_IW_GRDH_1SDV_20251019T095616_20251019T095641_061493_07AD75_3A90_VV_UTM_8bit.tif,448.2,5ab3e0392bba44aba87065ea6c04c2c8
Qingdao,S1A_IW_GRDH_1SDV_20251031T095616_20251031T095641_061668_07B482_0BCC,VH,677,S1A_IW_GRDH_1SDV_20251031T095616_20251031T095641_061668_07B482_0BCC_VH_UTM_8bit.tif,304.4,fe7f582ea6b44291b6eddf211cec3d40
Qingdao,S1A_IW_GRDH_1SDV_20251031T095616_20251031T095641_061668_07B482_0BCC,VV,556,S1A_IW_GRDH_1SDV_20251031T095616_20251031T095641_061668_07B482_0BCC_VV_UTM_8bit.tif,408.8,c8097fb4e80749869ff4fffd1bc8188e
Qingdao,S1A_IW_GRDH_1SDV_20251112T095615_20251112T095640_061843_07BB43_DBA5,VH,575,S1A_IW_GRDH_1SDV_20251112T095615_20251112T095640_061843_07BB43_DBA5_VH_UTM_8bit.tif,296.9,2320e1f7bd6b402e8e67a27beba9349f
Qingdao,S1A_IW_GRDH_1SDV_20251112T095615_20251112T095640_061843_07BB43_DBA5,VV,695,S1A_IW_GRDH_1SDV_20251112T095615_20251112T095640_061843_07BB43_DBA5_VV_UTM_8bit.tif,356.5,eced23dca17d49c8a0a6ff87822dcd48
Qingdao,S1A_IW_GRDH_1SDV_20251124T095615_20251124T095640_062018_07C214_78ED,VH,495,S1A_IW_GRDH_1SDV_20251124T095615_20251124T095640_062018_07C214_78ED_VH_UTM_8bit.tif,307.2,7292db04080641ada6b46a9d99bbbffc
Qingdao,S1A_IW_GRDH_1SDV_20251124T095615_20251124T095640_062018_07C214_78ED,VV,473,S1A_IW_GRDH_1SDV_20251124T095615_20251124T095640_062018_07C214_78ED_VV_UTM_8bit.tif,449.3,a1a496a731d2450cbacf5354c258fa56
Qingdao,S1A_IW_GRDH_1SDV_20251206T095613_20251206T095638_062193_07C8EB_13B5,VH,569,S1A_IW_GRDH_1SDV_20251206T095613_20251206T095638_062193_07C8EB_13B5_VH_UTM_8bit.tif,303.6,2985b9c1ead640848aa2d4f445f761f1
Qingdao,S1A_IW_GRDH_1SDV_20251206T095613_20251206T095638_062193_07C8EB_13B5,VV,474,S1A_IW_GRDH_1SDV_20251206T095613_20251206T095638_062193_07C8EB_13B5_VV_UTM_8bit.tif,439.6,e34955be27d44d7caa248b8425d42828
Qingdao,S1A_IW_GRDH_1SDV_20251218T095612_20251218T095637_062368_07CFBE_D9B3,VH,472,S1A_IW_GRDH_1SDV_20251218T095612_20251218T095637_062368_07CFBE_D9B3_VH_UTM_8bit.tif,304.2,3446cdf235894dffbafd5c2d0fd8454e
Qingdao,S1A_IW_GRDH_1SDV_20251218T095612_20251218T095637_062368_07CFBE_D9B3,VV,423,S1A_IW_GRDH_1SDV_20251218T095612_20251218T095637_062368_07CFBE_D9B3_VV_UTM_8bit.tif,414.7,52d7798f929748608cf5643812648643
Qingdao,S1A_IW_GRDH_1SDV_20251230T095611_20251230T095636_062543_07D685_8E60,VH,513,S1A_IW_GRDH_1SDV_20251230T095611_20251230T095636_062543_07D685_8E60_VH_UTM_8bit.tif,296.7,ec920230587641eda755ef6596aaeb64
Qingdao,S1A_IW_GRDH_1SDV_20251230T095611_20251230T095636_062543_07D685_8E60,VV,440,S1A_IW_GRDH_1SDV_20251230T095611_20251230T095636_062543_07D685_8E60_VV_UTM_8bit.tif,370.1,076ba1a0485b4520a03b7a7cc98543fe
Qingdao,S1C_IW_GRDH_1SDV_20251025T215643_20251025T215708_004724_00954D_12A7,VH,707,S1C_IW_GRDH_1SDV_20251025T215643_20251025T215708_004724_00954D_12A7_VH_UTM_8bit.tif,265.7,d2fc0dcaa1184d7ea6805550c3208419
Qingdao,S1C_IW_GRDH_1SDV_20251025T215643_20251025T215708_004724_00954D_12A7,VV,549,S1C_IW_GRDH_1SDV_20251025T215643_20251025T215708_004724_00954D_12A7_VV_UTM_8bit.tif,408.0,973a926e8ce54ccabdd13b7d32130e49
Richards Bay,S1A_IW_GRDH_1SDV_20250327T163005_20250327T163030_058492_073C79_EAA7,VH,19,S1A_IW_GRDH_1SDV_20250327T163005_20250327T163030_058492_073C79_EAA7_VH_UTM_8bit.tif,378.6,af195cc451ea4567b74430b1f803d69d
Richards Bay,S1A_IW_GRDH_1SDV_20250327T163005_20250327T163030_058492_073C79_EAA7,VV,20,S1A_IW_GRDH_1SDV_20250327T163005_20250327T163030_058492_073C79_EAA7_VV_UTM_8bit.tif,446.8,1e9c95e576804c6db82e7293e55ba282
Richards Bay,S1A_IW_GRDH_1SDV_20250502T163006_20250502T163031_059017_0751E2_680E,VH,42,S1A_IW_GRDH_1SDV_20250502T163006_20250502T163031_059017_0751E2_680E_VH_UTM_8bit.tif,380.0,a0e1981c9aa44abf981892d3cd642be5
Richards Bay,S1A_IW_GRDH_1SDV_20250502T163006_20250502T163031_059017_0751E2_680E,VV,38,S1A_IW_GRDH_1SDV_20250502T163006_20250502T163031_059017_0751E2_680E_VV_UTM_8bit.tif,452.7,3f61c2ad7ce845d0ace0debfe8084190
Richards Bay,S1A_IW_GRDH_1SDV_20250526T163005_20250526T163030_059367_075E5F_4FCB,VH,30,S1A_IW_GRDH_1SDV_20250526T163005_20250526T163030_059367_075E5F_4FCB_VH_UTM_8bit.tif,367.5,6dfd17a981ac40519b95cbc5b7221e71
Richards Bay,S1A_IW_GRDH_1SDV_20250526T163005_20250526T163030_059367_075E5F_4FCB,VV,27,S1A_IW_GRDH_1SDV_20250526T163005_20250526T163030_059367_075E5F_4FCB_VV_UTM_8bit.tif,424.1,83f0f8a95e144b09939e7d4451a20d8b
Richards Bay,S1A_IW_GRDH_1SDV_20250607T163005_20250607T163030_059542_076467_C24A,VH,16,S1A_IW_GRDH_1SDV_20250607T163005_20250607T163030_059542_076467_C24A_VH_UTM_8bit.tif,373.6,2c4d7ad7c8b146e19eef4822af1d7de8
Richards Bay,S1A_IW_GRDH_1SDV_20250607T163005_20250607T163030_059542_076467_C24A,VV,18,S1A_IW_GRDH_1SDV_20250607T163005_20250607T163030_059542_076467_C24A_VV_UTM_8bit.tif,450.7,f001b11443a14fa282ecc51478787c4f
Richards Bay,S1A_IW_GRDH_1SDV_20250619T163004_20250619T163029_059717_076A60_94E5,VH,28,S1A_IW_GRDH_1SDV_20250619T163004_20250619T163029_059717_076A60_94E5_VH_UTM_8bit.tif,366.8,9730774e633d4561a8690898166bd2d9
Richards Bay,S1A_IW_GRDH_1SDV_20250619T163004_20250619T163029_059717_076A60_94E5,VV,30,S1A_IW_GRDH_1SDV_20250619T163004_20250619T163029_059717_076A60_94E5_VV_UTM_8bit.tif,443.5,78a5e0c7898c4d6598a6ddcfb4d67025
Richards Bay,S1A_IW_GRDH_1SDV_20250713T163003_20250713T163028_060067_07767F_5920,VH,20,S1A_IW_GRDH_1SDV_20250713T163003_20250713T163028_060067_07767F_5920_VH_UTM_8bit.tif,371.0,547e402f83a649f48bf4c44cc37b6640
Richards Bay,S1A_IW_GRDH_1SDV_20250713T163003_20250713T163028_060067_07767F_5920,VV,19,S1A_IW_GRDH_1SDV_20250713T163003_20250713T163028_060067_07767F_5920_VV_UTM_8bit.tif,449.0,2cc83075fe0d49ca8fc2a98b11efa588
Richards Bay,S1A_IW_GRDH_1SDV_20250725T163002_20250725T163027_060242_077C8C_6445,VH,17,S1A_IW_GRDH_1SDV_20250725T163002_20250725T163027_060242_077C8C_6445_VH_UTM_8bit.tif,372.8,57c3162947bb4eef82ad550abc910d41
Richards Bay,S1A_IW_GRDH_1SDV_20250725T163002_20250725T163027_060242_077C8C_6445,VV,15,S1A_IW_GRDH_1SDV_20250725T163002_20250725T163027_060242_077C8C_6445_VV_UTM_8bit.tif,438.0,1d43f26d1d34432bacac3f81662d4354
Richards Bay,S1A_IW_GRDH_1SDV_20250911T163003_20250911T163028_060942_079755_9E0D,VH,25,S1A_IW_GRDH_1SDV_20250911T163003_20250911T163028_060942_079755_9E0D_VH_UTM_8bit.tif,374.1,004554f421604642b10667789032290c
Richards Bay,S1A_IW_GRDH_1SDV_20250911T163003_20250911T163028_060942_079755_9E0D,VV,27,S1A_IW_GRDH_1SDV_20250911T163003_20250911T163028_060942_079755_9E0D_VV_UTM_8bit.tif,458.9,1ba376a7dad44d9baf313771a5b15fee
Richards Bay,S1A_IW_GRDH_1SDV_20251216T162959_20251216T163024_062342_07CECD_EF29,VH,45,S1A_IW_GRDH_1SDV_20251216T162959_20251216T163024_062342_07CECD_EF29_VH_UTM_8bit.tif,377.9,3c4c36a442d04d2583ea689cfedf0112
Richards Bay,S1A_IW_GRDH_1SDV_20251216T162959_20251216T163024_062342_07CECD_EF29,VV,45,S1A_IW_GRDH_1SDV_20251216T162959_20251216T163024_062342_07CECD_EF29_VV_UTM_8bit.tif,472.1,4db50c3ccf0d407f9accac65abd8fe68
Richards Bay,S1C_IW_GRDH_1SDV_20250920T031050_20250920T031118_004202_008574_3319,VH,77,S1C_IW_GRDH_1SDV_20250920T031050_20250920T031118_004202_008574_3319_VH_UTM_8bit.tif,305.3,368d0f7cdcff40df9270a97e5bb29cf5
Richards Bay,S1C_IW_GRDH_1SDV_20250920T031050_20250920T031118_004202_008574_3319,VV,77,S1C_IW_GRDH_1SDV_20250920T031050_20250920T031118_004202_008574_3319_VV_UTM_8bit.tif,471.5,1a1858dabe8442529e95573391486118
Richards Bay,S1C_IW_GRDH_1SDV_20251002T031050_20251002T031117_004377_008ACD_BFF1,VH,44,S1C_IW_GRDH_1SDV_20251002T031050_20251002T031117_004377_008ACD_BFF1_VH_UTM_8bit.tif,324.8,8cce54c686dc4c558f22513c6c3fd23a
Richards Bay,S1C_IW_GRDH_1SDV_20251002T031050_20251002T031117_004377_008ACD_BFF1,VV,52,S1C_IW_GRDH_1SDV_20251002T031050_20251002T031117_004377_008ACD_BFF1_VV_UTM_8bit.tif,504.8,2eacba66d391414cb223d9163980d346
Richards Bay,S1C_IW_GRDH_1SDV_20251119T031050_20251119T031117_005077_00A0F4_F122,VH,78,S1C_IW_GRDH_1SDV_20251119T031050_20251119T031117_005077_00A0F4_F122_VH_UTM_8bit.tif,297.3,4c916cff8c694f8096cb5396d68a1c23
Richards Bay,S1C_IW_GRDH_1SDV_20251119T031050_20251119T031117_005077_00A0F4_F122,VV,77,S1C_IW_GRDH_1SDV_20251119T031050_20251119T031117_005077_00A0F4_F122_VV_UTM_8bit.tif,431.9,2c9fd06820e94a5d960d37714b0a6066
Rotterdam,S1A_IW_GRDH_1SDV_20250112T055841_20250112T055906_057407_07110D_854D,VH,578,S1A_IW_GRDH_1SDV_20250112T055841_20250112T055906_057407_07110D_854D_VH_UTM_8bit.tif,355.9,158166aaaed14aca9d9b73152a3d590e
Rotterdam,S1A_IW_GRDH_1SDV_20250112T055841_20250112T055906_057407_07110D_854D,VV,588,S1A_IW_GRDH_1SDV_20250112T055841_20250112T055906_057407_07110D_854D_VV_UTM_8bit.tif,381.2,5eb77415e9194878ab5741ac111fae89
Rotterdam,S1A_IW_GRDH_1SDV_20250217T055839_20250217T055904_057932_0725F5_9F4A,VH,613,S1A_IW_GRDH_1SDV_20250217T055839_20250217T055904_057932_0725F5_9F4A_VH_UTM_8bit.tif,350.0,e4b921fb013143ec82881e34a0c09392
Rotterdam,S1A_IW_GRDH_1SDV_20250217T055839_20250217T055904_057932_0725F5_9F4A,VV,627,S1A_IW_GRDH_1SDV_20250217T055839_20250217T055904_057932_0725F5_9F4A_VV_UTM_8bit.tif,421.6,becd6a0e63594bf1a502cc7bf0d6049c
Rotterdam,S1A_IW_GRDH_1SDV_20250418T055840_20250418T055905_058807_074958_2BFC,VH,681,S1A_IW_GRDH_1SDV_20250418T055840_20250418T055905_058807_074958_2BFC_VH_UTM_8bit.tif,352.0,42dd086bf63a4c1188014b2d875e1f05
Rotterdam,S1A_IW_GRDH_1SDV_20250418T055840_20250418T055905_058807_074958_2BFC,VV,694,S1A_IW_GRDH_1SDV_20250418T055840_20250418T055905_058807_074958_2BFC_VV_UTM_8bit.tif,376.0,87de189f45874da6bdf019656ff7ed93
Rotterdam,S1A_IW_GRDH_1SDV_20250711T055837_20250711T055902_060032_077547_699B,VH,608,S1A_IW_GRDH_1SDV_20250711T055837_20250711T055902_060032_077547_699B_VH_UTM_8bit.tif,356.4,389cfbcc75b343cbb2de5a54b3d53024
Rotterdam,S1A_IW_GRDH_1SDV_20250711T055837_20250711T055902_060032_077547_699B,VV,598,S1A_IW_GRDH_1SDV_20250711T055837_20250711T055902_060032_077547_699B_VV_UTM_8bit.tif,364.0,0107f53b4ab04ee0b658c0e5a5bc9828
Rotterdam,S1A_IW_GRDH_1SDV_20250909T055837_20250909T055902_060907_0795EC_8CC1,VH,635,S1A_IW_GRDH_1SDV_20250909T055837_20250909T055902_060907_0795EC_8CC1_VH_UTM_8bit.tif,356.7,cd13252ffe3b40fab829e9d3ac7a15e3
Rotterdam,S1A_IW_GRDH_1SDV_20250909T055837_20250909T055902_060907_0795EC_8CC1,VV,642,S1A_IW_GRDH_1SDV_20250909T055837_20250909T055902_060907_0795EC_8CC1_VV_UTM_8bit.tif,371.8,bf026955f0394d52b07799e2db2896d0
Rotterdam,S1A_IW_GRDH_1SDV_20251027T055837_20251027T055902_061607_07B211_E251,VH,555,S1A_IW_GRDH_1SDV_20251027T055837_20251027T055902_061607_07B211_E251_VH_UTM_8bit.tif,382.2,512db8bcdd9148409f2b84d56b45c6f5
Rotterdam,S1A_IW_GRDH_1SDV_20251027T055837_20251027T055902_061607_07B211_E251,VV,551,S1A_IW_GRDH_1SDV_20251027T055837_20251027T055902_061607_07B211_E251_VV_UTM_8bit.tif,478.6,ac582517377244cb87e7086e509b68cf
Rotterdam,S1A_IW_GRDH_1SDV_20251120T055836_20251120T055901_061957_07BFB6_DC2D,VH,466,S1A_IW_GRDH_1SDV_20251120T055836_20251120T055901_061957_07BFB6_DC2D_VH_UTM_8bit.tif,365.1,4ac2593defb84da4ae3a5188ed2c1b56
Rotterdam,S1A_IW_GRDH_1SDV_20251120T055836_20251120T055901_061957_07BFB6_DC2D,VV,469,S1A_IW_GRDH_1SDV_20251120T055836_20251120T055901_061957_07BFB6_DC2D_VV_UTM_8bit.tif,419.7,3fd46bb8b18b4f7ebd3adbe980a3b90b
Rotterdam,S1A_IW_GRDH_1SDV_20251202T055835_20251202T055900_062132_07C68A_27C0,VH,501,S1A_IW_GRDH_1SDV_20251202T055835_20251202T055900_062132_07C68A_27C0_VH_UTM_8bit.tif,367.8,d31670c1014e419fb6c6f1df7fcc6d7d
Rotterdam,S1A_IW_GRDH_1SDV_20251202T055835_20251202T055900_062132_07C68A_27C0,VV,519,S1A_IW_GRDH_1SDV_20251202T055835_20251202T055900_062132_07C68A_27C0_VV_UTM_8bit.tif,413.7,ce1f100f59be449e8dd3e9d5a13b97cd
Rotterdam,S1A_IW_GRDH_1SDV_20251214T055834_20251214T055859_062307_07CD62_B45A,VH,502,S1A_IW_GRDH_1SDV_20251214T055834_20251214T055859_062307_07CD62_B45A_VH_UTM_8bit.tif,365.2,a70038f879ee49d98197bdd277b30176
Rotterdam,S1A_IW_GRDH_1SDV_20251214T055834_20251214T055859_062307_07CD62_B45A,VV,493,S1A_IW_GRDH_1SDV_20251214T055834_20251214T055859_062307_07CD62_B45A_VV_UTM_8bit.tif,405.2,ccb5c929c475410aa18df485df14f7db
Rotterdam,S1A_IW_GRDH_1SDV_20251226T055832_20251226T055857_062482_07D430_A244,VH,422,S1A_IW_GRDH_1SDV_20251226T055832_20251226T055857_062482_07D430_A244_VH_UTM_8bit.tif,356.7,c8cdd0543fcd41ee851d103507784ebd
Rotterdam,S1A_IW_GRDH_1SDV_20251226T055832_20251226T055857_062482_07D430_A244,VV,447,S1A_IW_GRDH_1SDV_20251226T055832_20251226T055857_062482_07D430_A244_VV_UTM_8bit.tif,437.7,99207dc400a6452bb015845d88f55a99
Rotterdam,S1A_IW_GRDH_1SDV_20260224T055828_20260224T055853_063357_07F51A_CAA5,VH,576,S1A_IW_GRDH_1SDV_20260224T055828_20260224T055853_063357_07F51A_CAA5_VH_UTM_8bit.tif,362.6,fcdfe151b0f343759b7a955d2b1361ee
Rotterdam,S1A_IW_GRDH_1SDV_20260224T055828_20260224T055853_063357_07F51A_CAA5,VV,589,S1A_IW_GRDH_1SDV_20260224T055828_20260224T055853_063357_07F51A_CAA5_VV_UTM_8bit.tif,366.4,018c4417e65f474ea878f6e7f20d98d7
Santos,S1A_IW_GRDH_1SDV_20250213T083110_20250213T083139_057875_0723AA_0832,VH,12,S1A_IW_GRDH_1SDV_20250213T083110_20250213T083139_057875_0723AA_0832_VH_UTM_8bit.tif,483.1,544cb0f375de473db9cc1d2ee908fd5e
Santos,S1A_IW_GRDH_1SDV_20250213T083110_20250213T083139_057875_0723AA_0832,VV,11,S1A_IW_GRDH_1SDV_20250213T083110_20250213T083139_057875_0723AA_0832_VV_UTM_8bit.tif,507.3,28f1bb9f90f24d319a776caea5d6177f
Santos,S1A_IW_GRDH_1SDV_20250309T083110_20250309T083139_058225_0731F2_0C8F,VH,9,S1A_IW_GRDH_1SDV_20250309T083110_20250309T083139_058225_0731F2_0C8F_VH_UTM_8bit.tif,482.6,813e612c241941268c92898edd8a9d3c
Santos,S1A_IW_GRDH_1SDV_20250309T083110_20250309T083139_058225_0731F2_0C8F,VV,8,S1A_IW_GRDH_1SDV_20250309T083110_20250309T083139_058225_0731F2_0C8F_VV_UTM_8bit.tif,493.3,a86d5bbda55e4ee6bf62e444360dc547
Santos,S1C_IW_GRDH_1SDV_20250526T083012_20250526T083037_002499_00535A_A7A9,VH,84,S1C_IW_GRDH_1SDV_20250526T083012_20250526T083037_002499_00535A_A7A9_VH_UTM_8bit.tif,349.6,a34507b481f44cd2b46d1323be7512e7
Santos,S1C_IW_GRDH_1SDV_20250526T083012_20250526T083037_002499_00535A_A7A9,VV,90,S1C_IW_GRDH_1SDV_20250526T083012_20250526T083037_002499_00535A_A7A9_VV_UTM_8bit.tif,426.1,742c25d4d39e4bb7bd6570018d18a94b
Santos,S1C_IW_GRDH_1SDV_20250607T083013_20250607T083038_002674_005863_339E,VH,25,S1C_IW_GRDH_1SDV_20250607T083013_20250607T083038_002674_005863_339E_VH_UTM_8bit.tif,350.0,341a2e9f3ced49ac87e8a78651f72208
Santos,S1C_IW_GRDH_1SDV_20250607T083013_20250607T083038_002674_005863_339E,VV,24,S1C_IW_GRDH_1SDV_20250607T083013_20250607T083038_002674_005863_339E_VV_UTM_8bit.tif,411.1,aeb5b488ed80454d820e35ed596d3762
Santos,S1C_IW_GRDH_1SDV_20250619T083013_20250619T083038_002849_005D71_762B,VH,42,S1C_IW_GRDH_1SDV_20250619T083013_20250619T083038_002849_005D71_762B_VH_UTM_8bit.tif,344.9,3643c54dd38d473da17be59044664310
Santos,S1C_IW_GRDH_1SDV_20250619T083013_20250619T083038_002849_005D71_762B,VV,30,S1C_IW_GRDH_1SDV_20250619T083013_20250619T083038_002849_005D71_762B_VV_UTM_8bit.tif,405.2,62e0ca64367f476e861fdff07dd8279f
Santos,S1C_IW_GRDH_1SDV_20250713T083015_20250713T083040_003199_006788_CF0A,VH,64,S1C_IW_GRDH_1SDV_20250713T083015_20250713T083040_003199_006788_CF0A_VH_UTM_8bit.tif,346.5,c0d99fb43f9c4447a1eb7583d4ff12af
Santos,S1C_IW_GRDH_1SDV_20250713T083015_20250713T083040_003199_006788_CF0A,VV,66,S1C_IW_GRDH_1SDV_20250713T083015_20250713T083040_003199_006788_CF0A_VV_UTM_8bit.tif,432.6,54c6ed924f9e4b198bfa380bcef2da99
Santos,S1C_IW_GRDH_1SDV_20250725T083016_20250725T083041_003374_006C9F_DCD2,VH,62,S1C_IW_GRDH_1SDV_20250725T083016_20250725T083041_003374_006C9F_DCD2_VH_UTM_8bit.tif,350.1,0b2ce24bbb764486a325d4a83f44dab7
Santos,S1C_IW_GRDH_1SDV_20250725T083016_20250725T083041_003374_006C9F_DCD2,VV,72,S1C_IW_GRDH_1SDV_20250725T083016_20250725T083041_003374_006C9F_DCD2_VV_UTM_8bit.tif,448.7,3d68189c2f8d4d698dc69a87893a57e9
Santos,S1C_IW_GRDH_1SDV_20250806T083016_20250806T083041_003549_0071C1_63F3,VH,43,S1C_IW_GRDH_1SDV_20250806T083016_20250806T083041_003549_0071C1_63F3_VH_UTM_8bit.tif,350.5,89f1a3f2fd304b62adf60edea4c9bca7
Santos,S1C_IW_GRDH_1SDV_20250806T083016_20250806T083041_003549_0071C1_63F3,VV,34,S1C_IW_GRDH_1SDV_20250806T083016_20250806T083041_003549_0071C1_63F3_VV_UTM_8bit.tif,443.3,f3b1c1bd76ec41ce9d54d81efbb247ef
Santos,S1C_IW_GRDH_1SDV_20250923T083018_20250923T083043_004249_0086DF_07F5,VH,28,S1C_IW_GRDH_1SDV_20250923T083018_20250923T083043_004249_0086DF_07F5_VH_UTM_8bit.tif,350.9,1738355faee74ba9a56711f9ec5676ea
Santos,S1C_IW_GRDH_1SDV_20250923T083018_20250923T083043_004249_0086DF_07F5,VV,30,S1C_IW_GRDH_1SDV_20250923T083018_20250923T083043_004249_0086DF_07F5_VV_UTM_8bit.tif,429.5,543c47d02ae74e4c8296d41f5632153e
Santos,S1C_IW_GRDH_1SDV_20251005T083018_20251005T083043_004424_008C38_8E9B,VH,43,S1C_IW_GRDH_1SDV_20251005T083018_20251005T083043_004424_008C38_8E9B_VH_UTM_8bit.tif,349.1,506f563783f44d198784949b09d70792
Santos,S1C_IW_GRDH_1SDV_20251005T083018_20251005T083043_004424_008C38_8E9B,VV,37,S1C_IW_GRDH_1SDV_20251005T083018_20251005T083043_004424_008C38_8E9B_VV_UTM_8bit.tif,440.7,287f6156dc9f46828e923bb06e5714c5
Santos,S1C_IW_GRDH_1SDV_20251017T083018_20251017T083043_004599_009184_9E4E,VH,68,S1C_IW_GRDH_1SDV_20251017T083018_20251017T083043_004599_009184_9E4E_VH_UTM_8bit.tif,345.9,1ced4d2184724dd68cebbd22384ed0e4
Santos,S1C_IW_GRDH_1SDV_20251017T083018_20251017T083043_004599_009184_9E4E,VV,66,S1C_IW_GRDH_1SDV_20251017T083018_20251017T083043_004599_009184_9E4E_VV_UTM_8bit.tif,417.6,fc853c318a62415c83d350163d25b5ce
Santos,S1C_IW_GRDH_1SDV_20251110T083017_20251110T083042_004949_009CA9_3A13,VH,23,S1C_IW_GRDH_1SDV_20251110T083017_20251110T083042_004949_009CA9_3A13_VH_UTM_8bit.tif,346.8,b6ef82e1690440d59fe26849afdff58a
Santos,S1C_IW_GRDH_1SDV_20251110T083017_20251110T083042_004949_009CA9_3A13,VV,20,S1C_IW_GRDH_1SDV_20251110T083017_20251110T083042_004949_009CA9_3A13_VV_UTM_8bit.tif,415.4,3791e644f44046eda6e4c1fab4a1e301
Santos,S1C_IW_GRDH_1SDV_20251204T083017_20251204T083042_005299_00A86E_347C,VH,21,S1C_IW_GRDH_1SDV_20251204T083017_20251204T083042_005299_00A86E_347C_VH_UTM_8bit.tif,348.9,dfe438c84b8f4f9cb700843f258e2590
Santos,S1C_IW_GRDH_1SDV_20251204T083017_20251204T083042_005299_00A86E_347C,VV,21,S1C_IW_GRDH_1SDV_20251204T083017_20251204T083042_005299_00A86E_347C_VV_UTM_8bit.tif,419.6,e6e7594e1c1e4b1caaa0a6e903f2f043
Santos,S1C_IW_GRDH_1SDV_20251216T083016_20251216T083041_005474_00AE73_758D,VH,27,S1C_IW_GRDH_1SDV_20251216T083016_20251216T083041_005474_00AE73_758D_VH_UTM_8bit.tif,347.7,ec885bc245f6493fa0055d879e67041b
Santos,S1C_IW_GRDH_1SDV_20251216T083016_20251216T083041_005474_00AE73_758D,VV,24,S1C_IW_GRDH_1SDV_20251216T083016_20251216T083041_005474_00AE73_758D_VV_UTM_8bit.tif,382.6,d3fd8899522a4e16b2682d7e7264eb13
Santos,S1C_IW_GRDH_1SDV_20251228T083015_20251228T083040_005649_00B479_86EE,VH,13,S1C_IW_GRDH_1SDV_20251228T083015_20251228T083040_005649_00B479_86EE_VH_UTM_8bit.tif,347.9,b5d87691a94e45f8b35d3e1d37de59f7
Santos,S1C_IW_GRDH_1SDV_20251228T083015_20251228T083040_005649_00B479_86EE,VV,16,S1C_IW_GRDH_1SDV_20251228T083015_20251228T083040_005649_00B479_86EE_VV_UTM_8bit.tif,407.7,d8e3fb3f4eff48ce8447e26b1c8f1dd9
Shanghai,S1A_IW_GRDH_1SDV_20250422T095504_20250422T095529_058868_074BDE_2A15,VH,1627,S1A_IW_GRDH_1SDV_20250422T095504_20250422T095529_058868_074BDE_2A15_VH_UTM_8bit.tif,361.7,563361598fef4a6b84ccb3ce04080923
Shanghai,S1A_IW_GRDH_1SDV_20250422T095504_20250422T095529_058868_074BDE_2A15,VV,1574,S1A_IW_GRDH_1SDV_20250422T095504_20250422T095529_058868_074BDE_2A15_VV_UTM_8bit.tif,382.7,165ba1a49114445f889bea85d507e268
Shanghai,S1A_IW_GRDH_1SDV_20250504T095504_20250504T095529_059043_0752E1_E126,VH,1630,S1A_IW_GRDH_1SDV_20250504T095504_20250504T095529_059043_0752E1_E126_VH_UTM_8bit.tif,359.0,c74455a2d02f41229a7c13ecb22885bd
Shanghai,S1A_IW_GRDH_1SDV_20250504T095504_20250504T095529_059043_0752E1_E126,VV,1630,S1A_IW_GRDH_1SDV_20250504T095504_20250504T095529_059043_0752E1_E126_VV_UTM_8bit.tif,404.5,f6444cba79414f6aba9006b74c21326f
Shanghai,S1A_IW_GRDH_1SDV_20250516T095504_20250516T095529_059218_07592B_0FC8,VH,1401,S1A_IW_GRDH_1SDV_20250516T095504_20250516T095529_059218_07592B_0FC8_VH_UTM_8bit.tif,360.7,994c36a6015143d7be4d04252df11c96
Shanghai,S1A_IW_GRDH_1SDV_20250516T095504_20250516T095529_059218_07592B_0FC8,VV,1389,S1A_IW_GRDH_1SDV_20250516T095504_20250516T095529_059218_07592B_0FC8_VV_UTM_8bit.tif,348.6,df9512c75ef1477aba744f5a20358cde
Shanghai,S1A_IW_GRDH_1SDV_20250528T095503_20250528T095528_059393_075F43_DC80,VH,1512,S1A_IW_GRDH_1SDV_20250528T095503_20250528T095528_059393_075F43_DC80_VH_UTM_8bit.tif,357.5,09c03d64c86e4681a237ba9da75194fa
Shanghai,S1A_IW_GRDH_1SDV_20250528T095503_20250528T095528_059393_075F43_DC80,VV,1482,S1A_IW_GRDH_1SDV_20250528T095503_20250528T095528_059393_075F43_DC80_VV_UTM_8bit.tif,387.9,2d8710685f2f44d087e9ac7474d4baf7
Shanghai,S1A_IW_GRDH_1SDV_20250609T095503_20250609T095528_059568_07653B_1E66,VH,1570,S1A_IW_GRDH_1SDV_20250609T095503_20250609T095528_059568_07653B_1E66_VH_UTM_8bit.tif,362.1,283737dd18364da9996bcc2fd119e7bd
Shanghai,S1A_IW_GRDH_1SDV_20250609T095503_20250609T095528_059568_07653B_1E66,VV,1551,S1A_IW_GRDH_1SDV_20250609T095503_20250609T095528_059568_07653B_1E66_VV_UTM_8bit.tif,351.1,566cf64e0921480f9407970a728341fc
Shanghai,S1A_IW_GRDH_1SDV_20250621T095502_20250621T095527_059743_076B46_2434,VH,1539,S1A_IW_GRDH_1SDV_20250621T095502_20250621T095527_059743_076B46_2434_VH_UTM_8bit.tif,359.0,133686974d7c46b9ab428d5927abc885
Shanghai,S1A_IW_GRDH_1SDV_20250621T095502_20250621T095527_059743_076B46_2434,VV,1519,S1A_IW_GRDH_1SDV_20250621T095502_20250621T095527_059743_076B46_2434_VV_UTM_8bit.tif,373.2,898c4f8a92704a4bad498504621ddffb
Shanghai,S1A_IW_GRDH_1SDV_20250715T095501_20250715T095526_060093_077760_4889,VH,1321,S1A_IW_GRDH_1SDV_20250715T095501_20250715T095526_060093_077760_4889_VH_UTM_8bit.tif,357.5,7717bf7f8ff94eeeabad6898c032e1af
Shanghai,S1A_IW_GRDH_1SDV_20250715T095501_20250715T095526_060093_077760_4889,VV,1234,S1A_IW_GRDH_1SDV_20250715T095501_20250715T095526_060093_077760_4889_VV_UTM_8bit.tif,374.4,df97f68ade694bca86fc1ae94d355b36
Shanghai,S1A_IW_GRDH_1SDV_20250727T095501_20250727T095526_060268_077D68_FED2,VH,1260,S1A_IW_GRDH_1SDV_20250727T095501_20250727T095526_060268_077D68_FED2_VH_UTM_8bit.tif,373.3,17c5b980459b44619eac110f70d61394
Shanghai,S1A_IW_GRDH_1SDV_20250727T095501_20250727T095526_060268_077D68_FED2,VV,1140,S1A_IW_GRDH_1SDV_20250727T095501_20250727T095526_060268_077D68_FED2_VV_UTM_8bit.tif,409.4,552349fdbb6b47d3bf6ff5c9a9553858
Shanghai,S1A_IW_GRDH_1SDV_20250808T095500_20250808T095525_060443_078391_5813,VH,1543,S1A_IW_GRDH_1SDV_20250808T095500_20250808T095525_060443_078391_5813_VH_UTM_8bit.tif,361.0,8af4021f05b748c89ba2f149d35f1f8e
Shanghai,S1A_IW_GRDH_1SDV_20250808T095500_20250808T095525_060443_078391_5813,VV,1437,S1A_IW_GRDH_1SDV_20250808T095500_20250808T095525_060443_078391_5813_VV_UTM_8bit.tif,377.2,8667fb3d2ed34e63be1174c188a05c2b
Shanghai,S1A_IW_GRDH_1SDV_20250820T095500_20250820T095525_060618_078A74_9040,VH,1448,S1A_IW_GRDH_1SDV_20250820T095500_20250820T095525_060618_078A74_9040_VH_UTM_8bit.tif,358.9,27317d648fb344e191d41a4dea9e00a3
Shanghai,S1A_IW_GRDH_1SDV_20250820T095500_20250820T095525_060618_078A74_9040,VV,1300,S1A_IW_GRDH_1SDV_20250820T095500_20250820T095525_060618_078A74_9040_VV_UTM_8bit.tif,382.2,f7381d861cf248a1bfc066b97b1dd701
Shanghai,S1A_IW_GRDH_1SDV_20250913T095501_20250913T095526_060968_07985B_0B8B,VH,1260,S1A_IW_GRDH_1SDV_20250913T095501_20250913T095526_060968_07985B_0B8B_VH_UTM_8bit.tif,360.3,f4b116fd1363406d9c17e509d99dcb31
Shanghai,S1A_IW_GRDH_1SDV_20250913T095501_20250913T095526_060968_07985B_0B8B,VV,1192,S1A_IW_GRDH_1SDV_20250913T095501_20250913T095526_060968_07985B_0B8B_VV_UTM_8bit.tif,360.6,a1b2a686f74b48989f557225db4f1976
Shanghai,S1A_IW_GRDH_1SDV_20250925T095501_20250925T095526_061143_079F62_43F4,VH,1215,S1A_IW_GRDH_1SDV_20250925T095501_20250925T095526_061143_079F62_43F4_VH_UTM_8bit.tif,361.3,cd5b427f84f64e29bbe26d88dec833fe
Shanghai,S1A_IW_GRDH_1SDV_20250925T095501_20250925T095526_061143_079F62_43F4,VV,1098,S1A_IW_GRDH_1SDV_20250925T095501_20250925T095526_061143_079F62_43F4_VV_UTM_8bit.tif,376.7,519c7c81013542daaaf4efca4389c4b6
Shanghai,S1A_IW_GRDH_1SDV_20251007T095502_20251007T095527_061318_07A66F_9734,VH,1500,S1A_IW_GRDH_1SDV_20251007T095502_20251007T095527_061318_07A66F_9734_VH_UTM_8bit.tif,360.6,53056e9db4ec4d40b42deb9b74cf5e66
Shanghai,S1A_IW_GRDH_1SDV_20251007T095502_20251007T095527_061318_07A66F_9734,VV,1284,S1A_IW_GRDH_1SDV_20251007T095502_20251007T095527_061318_07A66F_9734_VV_UTM_8bit.tif,382.5,318e4c06943941bcaae0d0ca172faf9f
Shanghai,S1A_IW_GRDH_1SDV_20251019T095501_20251019T095526_061493_07AD75_C893,VH,1127,S1A_IW_GRDH_1SDV_20251019T095501_20251019T095526_061493_07AD75_C893_VH_UTM_8bit.tif,372.7,f089921a24964b42a1d86378206e0464
Shanghai,S1A_IW_GRDH_1SDV_20251019T095501_20251019T095526_061493_07AD75_C893,VV,1097,S1A_IW_GRDH_1SDV_20251019T095501_20251019T095526_061493_07AD75_C893_VV_UTM_8bit.tif,407.8,f993a198df4341789cce747697af7cb7
Shanghai,S1A_IW_GRDH_1SDV_20251031T095501_20251031T095526_061668_07B482_E582,VH,1408,S1A_IW_GRDH_1SDV_20251031T095501_20251031T095526_061668_07B482_E582_VH_UTM_8bit.tif,362.4,dcf6ea405abb4bd69a2b84b7556861e1
Shanghai,S1A_IW_GRDH_1SDV_20251031T095501_20251031T095526_061668_07B482_E582,VV,1292,S1A_IW_GRDH_1SDV_20251031T095501_20251031T095526_061668_07B482_E582_VV_UTM_8bit.tif,375.0,aa5dfe9cb17647bea36125d7684bacaf
Shanghai,S1A_IW_GRDH_1SDV_20251112T095500_20251112T095525_061843_07BB43_791B,VH,1281,S1A_IW_GRDH_1SDV_20251112T095500_20251112T095525_061843_07BB43_791B_VH_UTM_8bit.tif,366.3,029e8b1a173f4ed8a3979a83b519d63b
Shanghai,S1A_IW_GRDH_1SDV_20251112T095500_20251112T095525_061843_07BB43_791B,VV,1203,S1A_IW_GRDH_1SDV_20251112T095500_20251112T095525_061843_07BB43_791B_VV_UTM_8bit.tif,408.8,7a6d554a3c2040e3a53f8995d5b299e7
Shanghai,S1A_IW_GRDH_1SDV_20251124T095500_20251124T095525_062018_07C214_828E,VH,1214,S1A_IW_GRDH_1SDV_20251124T095500_20251124T095525_062018_07C214_828E_VH_UTM_8bit.tif,358.5,f4b9b867ebc74e8f87660eee102d1721
Shanghai,S1A_IW_GRDH_1SDV_20251124T095500_20251124T095525_062018_07C214_828E,VV,1125,S1A_IW_GRDH_1SDV_20251124T095500_20251124T095525_062018_07C214_828E_VV_UTM_8bit.tif,375.1,ddf752fb598d49eabcde623c5690a855
Shanghai,S1A_IW_GRDH_1SDV_20251206T095458_20251206T095523_062193_07C8EB_18F6,VH,1177,S1A_IW_GRDH_1SDV_20251206T095458_20251206T095523_062193_07C8EB_18F6_VH_UTM_8bit.tif,354.9,391c794298cc47358a4faa8767eb26f1
Shanghai,S1A_IW_GRDH_1SDV_20251206T095458_20251206T095523_062193_07C8EB_18F6,VV,1095,S1A_IW_GRDH_1SDV_20251206T095458_20251206T095523_062193_07C8EB_18F6_VV_UTM_8bit.tif,362.4,306dc5d0398848b892769bdc5ef5791f
Shanghai,S1A_IW_GRDH_1SDV_20251218T095457_20251218T095522_062368_07CFBE_85B2,VH,1353,S1A_IW_GRDH_1SDV_20251218T095457_20251218T095522_062368_07CFBE_85B2_VH_UTM_8bit.tif,357.6,76d44d0c59f643c3805d8f5f51bcfbaf
Shanghai,S1A_IW_GRDH_1SDV_20251218T095457_20251218T095522_062368_07CFBE_85B2,VV,1235,S1A_IW_GRDH_1SDV_20251218T095457_20251218T095522_062368_07CFBE_85B2_VV_UTM_8bit.tif,383.6,b70d28aa27f545b59cba6ca0a555a9b4
Shanghai,S1A_IW_GRDH_1SDV_20251230T095456_20251230T095521_062543_07D685_E32F,VH,1233,S1A_IW_GRDH_1SDV_20251230T095456_20251230T095521_062543_07D685_E32F_VH_UTM_8bit.tif,359.9,5bd36ce283b34e2c9a34bea10a6f9add
Shanghai,S1A_IW_GRDH_1SDV_20251230T095456_20251230T095521_062543_07D685_E32F,VV,1151,S1A_IW_GRDH_1SDV_20251230T095456_20251230T095521_062543_07D685_E32F_VV_UTM_8bit.tif,401.0,6ea7daa5a83b45c8a782ba23d97e0314
Singapore,S1A_IW_GRDH_1SDV_20250105T224813_20250105T224838_057315_070D6B_4F1E,VH,949,S1A_IW_GRDH_1SDV_20250105T224813_20250105T224838_057315_070D6B_4F1E_VH_UTM_8bit.tif,386.5,7b3d9eb17880493c9e538e52f50fa57e
Singapore,S1A_IW_GRDH_1SDV_20250105T224813_20250105T224838_057315_070D6B_4F1E,VV,951,S1A_IW_GRDH_1SDV_20250105T224813_20250105T224838_057315_070D6B_4F1E_VV_UTM_8bit.tif,441.0,2298ee6e57a344ffab6a97228e91d638
Singapore,S1A_IW_GRDH_1SDV_20250117T224812_20250117T224837_057490_071459_C3D3,VH,4,S1A_IW_GRDH_1SDV_20250117T224812_20250117T224837_057490_071459_C3D3_VH_UTM_8bit.tif,388.3,989085b53faf44878963c1495649b85e
Singapore,S1A_IW_GRDH_1SDV_20250117T224812_20250117T224837_057490_071459_C3D3,VV,5,S1A_IW_GRDH_1SDV_20250117T224812_20250117T224837_057490_071459_C3D3_VV_UTM_8bit.tif,444.7,35aab25518984a469f0659a9f3894dbb
Singapore,S1A_IW_GRDH_1SDV_20250210T224811_20250210T224836_057840_072244_0469,VH,985,S1A_IW_GRDH_1SDV_20250210T224811_20250210T224836_057840_072244_0469_VH_UTM_8bit.tif,385.1,cd89dfdec6ae48d181e4b5d322070699
Singapore,S1A_IW_GRDH_1SDV_20250210T224811_20250210T224836_057840_072244_0469,VV,978,S1A_IW_GRDH_1SDV_20250210T224811_20250210T224836_057840_072244_0469_VV_UTM_8bit.tif,440.8,38d331ddff9f4f6a80fa152aa153681c
Singapore,S1A_IW_GRDH_1SDV_20250222T224810_20250222T224835_058015_072961_178E,VH,796,S1A_IW_GRDH_1SDV_20250222T224810_20250222T224835_058015_072961_178E_VH_UTM_8bit.tif,384.7,5e779c1745644a7b98e46490a65478a9
Singapore,S1A_IW_GRDH_1SDV_20250222T224810_20250222T224835_058015_072961_178E,VV,789,S1A_IW_GRDH_1SDV_20250222T224810_20250222T224835_058015_072961_178E_VV_UTM_8bit.tif,427.5,6bc986ca66b749bd974c8c539eebbec6
Singapore,S1A_IW_GRDH_1SDV_20250306T224811_20250306T224836_058190_07308D_CDA9,VH,940,S1A_IW_GRDH_1SDV_20250306T224811_20250306T224836_058190_07308D_CDA9_VH_UTM_8bit.tif,385.4,c2ffe5ccb37c4d60bfa054c10454f610
Singapore,S1A_IW_GRDH_1SDV_20250306T224811_20250306T224836_058190_07308D_CDA9,VV,941,S1A_IW_GRDH_1SDV_20250306T224811_20250306T224836_058190_07308D_CDA9_VV_UTM_8bit.tif,411.7,b8e1dd08ad044aa1959b65ee82cd54e5
Singapore,S1A_IW_GRDH_1SDV_20250318T224811_20250318T224836_058365_073771_B1C2,VH,879,S1A_IW_GRDH_1SDV_20250318T224811_20250318T224836_058365_073771_B1C2_VH_UTM_8bit.tif,387.6,dd6004243e3f477892a2f4dc581129b0
Singapore,S1A_IW_GRDH_1SDV_20250318T224811_20250318T224836_058365_073771_B1C2,VV,870,S1A_IW_GRDH_1SDV_20250318T224811_20250318T224836_058365_073771_B1C2_VV_UTM_8bit.tif,439.1,14206152fc6740b79739d40ea53ab7ae
Singapore,S1A_IW_GRDH_1SDV_20250330T224811_20250330T224836_058540_073E75_9F1A,VH,804,S1A_IW_GRDH_1SDV_20250330T224811_20250330T224836_058540_073E75_9F1A_VH_UTM_8bit.tif,388.0,8bc2885de1d34dbb99d819b38f1106b9
Singapore,S1A_IW_GRDH_1SDV_20250330T224811_20250330T224836_058540_073E75_9F1A,VV,791,S1A_IW_GRDH_1SDV_20250330T224811_20250330T224836_058540_073E75_9F1A_VV_UTM_8bit.tif,426.8,aad624e9dc1943acbf21ac7cf748c195
Singapore,S1A_IW_GRDH_1SDV_20250411T224811_20250411T224836_058715_07459E_9525,VH,835,S1A_IW_GRDH_1SDV_20250411T224811_20250411T224836_058715_07459E_9525_VH_UTM_8bit.tif,387.2,f8fff7a4a1c34c9e96868c19230f9874
Singapore,S1A_IW_GRDH_1SDV_20250411T224811_20250411T224836_058715_07459E_9525,VV,863,S1A_IW_GRDH_1SDV_20250411T224811_20250411T224836_058715_07459E_9525_VV_UTM_8bit.tif,423.7,24344b62bce2427eab151b828f83c6ad
Singapore,S1A_IW_GRDH_1SDV_20250423T224811_20250423T224836_058890_074CC9_8953,VH,945,S1A_IW_GRDH_1SDV_20250423T224811_20250423T224836_058890_074CC9_8953_VH_UTM_8bit.tif,387.1,b829e374220e454383cae0d58e9fa8a8
Singapore,S1A_IW_GRDH_1SDV_20250423T224811_20250423T224836_058890_074CC9_8953,VV,944,S1A_IW_GRDH_1SDV_20250423T224811_20250423T224836_058890_074CC9_8953_VV_UTM_8bit.tif,392.3,7a4dde7d99904c62b871ab587c1caf3a
Singapore,S1A_IW_GRDH_1SDV_20250505T224811_20250505T224836_059065_0753C1_B8EA,VH,954,S1A_IW_GRDH_1SDV_20250505T224811_20250505T224836_059065_0753C1_B8EA_VH_UTM_8bit.tif,387.5,5e72ac7bbce94042aaa2f85c377a6a97
Singapore,S1A_IW_GRDH_1SDV_20250505T224811_20250505T224836_059065_0753C1_B8EA,VV,945,S1A_IW_GRDH_1SDV_20250505T224811_20250505T224836_059065_0753C1_B8EA_VV_UTM_8bit.tif,414.1,f2ec4135e67d4681989a067ba9275bd0
Singapore,S1A_IW_GRDH_1SDV_20250609T112534_20250609T112559_059568_076545_1D7F,VH,775,S1A_IW_GRDH_1SDV_20250609T112534_20250609T112559_059568_076545_1D7F_VH_UTM_8bit.tif,403.4,8ffc335addf14723a309681b21c1bc4c
Singapore,S1A_IW_GRDH_1SDV_20250609T112534_20250609T112559_059568_076545_1D7F,VV,751,S1A_IW_GRDH_1SDV_20250609T112534_20250609T112559_059568_076545_1D7F_VV_UTM_8bit.tif,427.0,e30f9e0d6f264a568daf33c19e70a5f0
Singapore,S1A_IW_GRDH_1SDV_20250715T112532_20250715T112557_060093_07776A_62D2,VH,786,S1A_IW_GRDH_1SDV_20250715T112532_20250715T112557_060093_07776A_62D2_VH_UTM_8bit.tif,404.3,993ca4898e9c42998244dbe3afa1d20c
Singapore,S1A_IW_GRDH_1SDV_20250715T112532_20250715T112557_060093_07776A_62D2,VV,788,S1A_IW_GRDH_1SDV_20250715T112532_20250715T112557_060093_07776A_62D2_VV_UTM_8bit.tif,428.7,3db512e7b3b54e0dac369c860e79bd55
Singapore,S1A_IW_GRDH_1SDV_20250821T224808_20250821T224833_060640_078B59_E798,VH,937,S1A_IW_GRDH_1SDV_20250821T224808_20250821T224833_060640_078B59_E798_VH_UTM_8bit.tif,386.4,8ee72c1a17914585a5222d558386cdcc
Singapore,S1A_IW_GRDH_1SDV_20250821T224808_20250821T224833_060640_078B59_E798,VV,953,S1A_IW_GRDH_1SDV_20250821T224808_20250821T224833_060640_078B59_E798_VV_UTM_8bit.tif,409.3,74293c07d0ba45be8a84d454a02e0a18
Singapore,S1A_IW_GRDH_1SDV_20250902T224808_20250902T224833_060815_079241_9713,VH,982,S1A_IW_GRDH_1SDV_20250902T224808_20250902T224833_060815_079241_9713_VH_UTM_8bit.tif,384.8,8f63e902613d4993a9b426d67436d910
Singapore,S1A_IW_GRDH_1SDV_20250902T224808_20250902T224833_060815_079241_9713,VV,981,S1A_IW_GRDH_1SDV_20250902T224808_20250902T224833_060815_079241_9713_VV_UTM_8bit.tif,425.8,b1336f3c80dd4e9fa6aa10b0c79b6fc5
Singapore,S1A_IW_GRDH_1SDV_20250914T224808_20250914T224833_060990_079946_63DA,VH,1001,S1A_IW_GRDH_1SDV_20250914T224808_20250914T224833_060990_079946_63DA_VH_UTM_8bit.tif,387.6,89ece5732eea4e1785a34f3c80395a99
Singapore,S1A_IW_GRDH_1SDV_20250914T224808_20250914T224833_060990_079946_63DA,VV,985,S1A_IW_GRDH_1SDV_20250914T224808_20250914T224833_060990_079946_63DA_VV_UTM_8bit.tif,426.9,739d37839eea4d4ba2c5926cd5c01cf1
Singapore,S1A_IW_GRDH_1SDV_20250926T224808_20250926T224833_061165_07A04B_FD27,VH,961,S1A_IW_GRDH_1SDV_20250926T224808_20250926T224833_061165_07A04B_FD27_VH_UTM_8bit.tif,387.9,cb9aa206dd2c47a59dd88a9c302b4dc2
Singapore,S1A_IW_GRDH_1SDV_20250926T224808_20250926T224833_061165_07A04B_FD27,VV,979,S1A_IW_GRDH_1SDV_20250926T224808_20250926T224833_061165_07A04B_FD27_VV_UTM_8bit.tif,420.3,2f3498840cc84f658ff18085f0da7368
Singapore,S1A_IW_GRDH_1SDV_20251008T224809_20251008T224834_061340_07A75B_C1A5,VH,901,S1A_IW_GRDH_1SDV_20251008T224809_20251008T224834_061340_07A75B_C1A5_VH_UTM_8bit.tif,385.3,174eb3cb351449de946a2242b250f807
Singapore,S1A_IW_GRDH_1SDV_20251008T224809_20251008T224834_061340_07A75B_C1A5,VV,888,S1A_IW_GRDH_1SDV_20251008T224809_20251008T224834_061340_07A75B_C1A5_VV_UTM_8bit.tif,418.1,e28cce40031044bfa252b839dbefd461
Singapore,S1A_IW_GRDH_1SDV_20251020T224808_20251020T224833_061515_07AE62_BC0B,VH,997,S1A_IW_GRDH_1SDV_20251020T224808_20251020T224833_061515_07AE62_BC0B_VH_UTM_8bit.tif,388.5,5bd1d3a0ca454d90b7c24b3e9db847f7
Singapore,S1A_IW_GRDH_1SDV_20251020T224808_20251020T224833_061515_07AE62_BC0B,VV,1010,S1A_IW_GRDH_1SDV_20251020T224808_20251020T224833_061515_07AE62_BC0B_VV_UTM_8bit.tif,438.7,92c28d62d0484a27ad6bd61e68a578a5
Singapore,S1A_IW_GRDH_1SDV_20251101T224808_20251101T224833_061690_07B564_1AD8,VH,939,S1A_IW_GRDH_1SDV_20251101T224808_20251101T224833_061690_07B564_1AD8_VH_UTM_8bit.tif,386.0,cdfd330034804ec99941bf675b438c8b
Singapore,S1A_IW_GRDH_1SDV_20251101T224808_20251101T224833_061690_07B564_1AD8,VV,944,S1A_IW_GRDH_1SDV_20251101T224808_20251101T224833_061690_07B564_1AD8_VV_UTM_8bit.tif,422.8,1c6215df87324ccabb4548dbe5209907
Singapore,S1A_IW_GRDH_1SDV_20251113T224807_20251113T224832_061865_07BC26_8BE5,VH,1059,S1A_IW_GRDH_1SDV_20251113T224807_20251113T224832_061865_07BC26_8BE5_VH_UTM_8bit.tif,387.1,2cc27031c43742ee86c297e7956e6c68
Singapore,S1A_IW_GRDH_1SDV_20251113T224807_20251113T224832_061865_07BC26_8BE5,VV,1052,S1A_IW_GRDH_1SDV_20251113T224807_20251113T224832_061865_07BC26_8BE5_VV_UTM_8bit.tif,424.4,a5b876a7e6c7407a9fffdce0811665d6
Singapore,S1A_IW_GRDH_1SDV_20251125T224806_20251125T224831_062040_07C2F5_5BFA,VH,1017,S1A_IW_GRDH_1SDV_20251125T224806_20251125T224831_062040_07C2F5_5BFA_VH_UTM_8bit.tif,385.9,f671d0ab01224470ae779cb983daefef
Singapore,S1A_IW_GRDH_1SDV_20251125T224806_20251125T224831_062040_07C2F5_5BFA,VV,1021,S1A_IW_GRDH_1SDV_20251125T224806_20251125T224831_062040_07C2F5_5BFA_VV_UTM_8bit.tif,401.8,07dbda548a764d1db4862d6f16d8982d
Singapore,S1A_IW_GRDH_1SDV_20251207T224805_20251207T224830_062215_07C9D3_13F1,VH,993,S1A_IW_GRDH_1SDV_20251207T224805_20251207T224830_062215_07C9D3_13F1_VH_UTM_8bit.tif,386.6,6d14b3a13631410d9efc23a97aa96926
Singapore,S1A_IW_GRDH_1SDV_20251207T224805_20251207T224830_062215_07C9D3_13F1,VV,1002,S1A_IW_GRDH_1SDV_20251207T224805_20251207T224830_062215_07C9D3_13F1_VV_UTM_8bit.tif,440.3,7148f81ea407404d8912f53646a2814b
Singapore,S1A_IW_GRDH_1SDV_20251219T224804_20251219T224829_062390_07D0A3_DC5F,VH,1003,S1A_IW_GRDH_1SDV_20251219T224804_20251219T224829_062390_07D0A3_DC5F_VH_UTM_8bit.tif,386.9,4bff200b87c34a64b0562cb685b15dc1
Singapore,S1A_IW_GRDH_1SDV_20251219T224804_20251219T224829_062390_07D0A3_DC5F,VV,1018,S1A_IW_GRDH_1SDV_20251219T224804_20251219T224829_062390_07D0A3_DC5F_VV_UTM_8bit.tif,434.0,473798d7ff3b4fff959dcf19d9b90b18
Singapore,S1A_IW_GRDH_1SDV_20251231T224803_20251231T224828_062565_07D762_CEEB,VH,1070,S1A_IW_GRDH_1SDV_20251231T224803_20251231T224828_062565_07D762_CEEB_VH_UTM_8bit.tif,385.1,5d1c99e7b0254a76897cded9b96da392
Singapore,S1A_IW_GRDH_1SDV_20251231T224803_20251231T224828_062565_07D762_CEEB,VV,1066,S1A_IW_GRDH_1SDV_20251231T224803_20251231T224828_062565_07D762_CEEB_VV_UTM_8bit.tif,429.1,803da6ff72b24552b5c2d834efb709a2
Sydney Botany,S1A_IW_GRDH_1SDV_20250109T190756_20250109T190821_057371_070FA6_03D6,VH,53,S1A_IW_GRDH_1SDV_20250109T190756_20250109T190821_057371_070FA6_03D6_VH_UTM_8bit.tif,306.2,67932516d89f4aba8f3923bdddcb4e41
Sydney Botany,S1A_IW_GRDH_1SDV_20250109T190756_20250109T190821_057371_070FA6_03D6,VV,50,S1A_IW_GRDH_1SDV_20250109T190756_20250109T190821_057371_070FA6_03D6_VV_UTM_8bit.tif,421.4,beb48efa852b4a99993557af882019c9
Sydney Botany,S1A_IW_GRDH_1SDV_20250214T190754_20250214T190819_057896_07248A_4BF0,VH,24,S1A_IW_GRDH_1SDV_20250214T190754_20250214T190819_057896_07248A_4BF0_VH_UTM_8bit.tif,318.9,504221b7dd284d019ba6b1c5b2a57b16
Sydney Botany,S1A_IW_GRDH_1SDV_20250214T190754_20250214T190819_057896_07248A_4BF0,VV,24,S1A_IW_GRDH_1SDV_20250214T190754_20250214T190819_057896_07248A_4BF0_VV_UTM_8bit.tif,454.6,bcb31bc7a2f54020bb8fa6018bd6f6bb
Sydney Botany,S1A_IW_GRDH_1SDV_20250310T190754_20250310T190819_058246_0732C7_AA66,VH,31,S1A_IW_GRDH_1SDV_20250310T190754_20250310T190819_058246_0732C7_AA66_VH_UTM_8bit.tif,302.5,c7d7d008d72c4afeb3a585b944c2f0c8
Sydney Botany,S1A_IW_GRDH_1SDV_20250310T190754_20250310T190819_058246_0732C7_AA66,VV,25,S1A_IW_GRDH_1SDV_20250310T190754_20250310T190819_058246_0732C7_AA66_VV_UTM_8bit.tif,403.8,1acb741a369f4dfb857e59cd4f854948
Sydney Botany,S1A_IW_GRDH_1SDV_20250509T190755_20250509T190820_059121_0755D9_0C55,VH,37,S1A_IW_GRDH_1SDV_20250509T190755_20250509T190820_059121_0755D9_0C55_VH_UTM_8bit.tif,303.9,9aaa962d58af44d1b971132311ffb894
Sydney Botany,S1A_IW_GRDH_1SDV_20250509T190755_20250509T190820_059121_0755D9_0C55,VV,28,S1A_IW_GRDH_1SDV_20250509T190755_20250509T190820_059121_0755D9_0C55_VV_UTM_8bit.tif,378.8,80ba02fe3d2144d2808ad5dcc6f62a35
Sydney Botany,S1A_IW_GRDH_1SDV_20250521T190754_20250521T190819_059296_075BE6_A716,VH,33,S1A_IW_GRDH_1SDV_20250521T190754_20250521T190819_059296_075BE6_A716_VH_UTM_8bit.tif,318.5,d8565da136a045458495b8b893cd0afa
Sydney Botany,S1A_IW_GRDH_1SDV_20250521T190754_20250521T190819_059296_075BE6_A716,VV,27,S1A_IW_GRDH_1SDV_20250521T190754_20250521T190819_059296_075BE6_A716_VV_UTM_8bit.tif,473.2,beeae347f7e248e2afb3b1edac8a26ea
Sydney Botany,S1A_IW_GRDH_1SDV_20250602T190754_20250602T190819_059471_0761F8_4A83,VH,27,S1A_IW_GRDH_1SDV_20250602T190754_20250602T190819_059471_0761F8_4A83_VH_UTM_8bit.tif,303.6,d4a4c02dc0774799991cd3538658dc8c
Sydney Botany,S1A_IW_GRDH_1SDV_20250602T190754_20250602T190819_059471_0761F8_4A83,VV,25,S1A_IW_GRDH_1SDV_20250602T190754_20250602T190819_059471_0761F8_4A83_VV_UTM_8bit.tif,407.9,e414aac7672e4717a8a3efa58627859f
Sydney Botany,S1A_IW_GRDH_1SDV_20250614T190753_20250614T190818_059646_0767EE_B1E0,VH,16,S1A_IW_GRDH_1SDV_20250614T190753_20250614T190818_059646_0767EE_B1E0_VH_UTM_8bit.tif,303.0,7c21c0b0c52a48679e58c1d91998bb5e
Sydney Botany,S1A_IW_GRDH_1SDV_20250614T190753_20250614T190818_059646_0767EE_B1E0,VV,17,S1A_IW_GRDH_1SDV_20250614T190753_20250614T190818_059646_0767EE_B1E0_VV_UTM_8bit.tif,387.8,f2f5488bc5ea4e048cb9af8a3742ce62
Sydney Botany,S1A_IW_GRDH_1SDV_20250626T190753_20250626T190818_059821_076E01_58B5,VH,25,S1A_IW_GRDH_1SDV_20250626T190753_20250626T190818_059821_076E01_58B5_VH_UTM_8bit.tif,311.6,1ae2afeb8f2941cf863b02e8e67e9ec4
Sydney Botany,S1A_IW_GRDH_1SDV_20250626T190753_20250626T190818_059821_076E01_58B5,VV,22,S1A_IW_GRDH_1SDV_20250626T190753_20250626T190818_059821_076E01_58B5_VV_UTM_8bit.tif,453.5,e0984a395f9f42b99d6676b02b6fd789
Sydney Botany,S1A_IW_GRDH_1SDV_20250708T190752_20250708T190817_059996_07740F_E63A,VH,24,S1A_IW_GRDH_1SDV_20250708T190752_20250708T190817_059996_07740F_E63A_VH_UTM_8bit.tif,314.7,4a61fc3d637a487dab7ad0a2e1ac173d
Sydney Botany,S1A_IW_GRDH_1SDV_20250708T190752_20250708T190817_059996_07740F_E63A,VV,23,S1A_IW_GRDH_1SDV_20250708T190752_20250708T190817_059996_07740F_E63A_VV_UTM_8bit.tif,447.9,456c92a1efba46cea69d3c9118ce4b32
Sydney Botany,S1A_IW_GRDH_1SDV_20250720T190751_20250720T190816_060171_077A13_1559,VH,31,S1A_IW_GRDH_1SDV_20250720T190751_20250720T190816_060171_077A13_1559_VH_UTM_8bit.tif,308.0,82c01cacb23d4bae8d4071596d90c9b6
Sydney Botany,S1A_IW_GRDH_1SDV_20250720T190751_20250720T190816_060171_077A13_1559,VV,39,S1A_IW_GRDH_1SDV_20250720T190751_20250720T190816_060171_077A13_1559_VV_UTM_8bit.tif,448.6,96bffd29e1a34f7188e164a3e83340d7
Sydney Botany,S1A_IW_GRDH_1SDV_20250801T190751_20250801T190816_060346_078019_953E,VH,32,S1A_IW_GRDH_1SDV_20250801T190751_20250801T190816_060346_078019_953E_VH_UTM_8bit.tif,322.4,1add4adb5267499d9dea6347950df9b1
Sydney Botany,S1A_IW_GRDH_1SDV_20250801T190751_20250801T190816_060346_078019_953E,VV,31,S1A_IW_GRDH_1SDV_20250801T190751_20250801T190816_060346_078019_953E_VV_UTM_8bit.tif,471.9,b2994239893d4857898f75ba9f21e248
Sydney Botany,S1A_IW_GRDH_1SDV_20250813T190751_20250813T190816_060521_0786AA_88CA,VH,37,S1A_IW_GRDH_1SDV_20250813T190751_20250813T190816_060521_0786AA_88CA_VH_UTM_8bit.tif,311.3,63f7a9096681469fbcdd7f18b19c56d4
Sydney Botany,S1A_IW_GRDH_1SDV_20250813T190751_20250813T190816_060521_0786AA_88CA,VV,40,S1A_IW_GRDH_1SDV_20250813T190751_20250813T190816_060521_0786AA_88CA_VV_UTM_8bit.tif,428.5,e2191fb4d0fc4c76a3ace466ed2599b2
Sydney Botany,S1A_IW_GRDH_1SDV_20250825T190751_20250825T190816_060696_078D8D_4592,VH,28,S1A_IW_GRDH_1SDV_20250825T190751_20250825T190816_060696_078D8D_4592_VH_UTM_8bit.tif,309.5,bd94244b95e749f2bb5676755c115f77
Sydney Botany,S1A_IW_GRDH_1SDV_20250825T190751_20250825T190816_060696_078D8D_4592,VV,28,S1A_IW_GRDH_1SDV_20250825T190751_20250825T190816_060696_078D8D_4592_VV_UTM_8bit.tif,439.9,154081f15e80471e8b4cfba3694212b2
Sydney Botany,S1A_IW_GRDH_1SDV_20250906T190751_20250906T190816_060871_07947B_EDC3,VH,25,S1A_IW_GRDH_1SDV_20250906T190751_20250906T190816_060871_07947B_EDC3_VH_UTM_8bit.tif,311.5,1d1a9f48487444e581b6717cc29c891d
Sydney Botany,S1A_IW_GRDH_1SDV_20250906T190751_20250906T190816_060871_07947B_EDC3,VV,29,S1A_IW_GRDH_1SDV_20250906T190751_20250906T190816_060871_07947B_EDC3_VV_UTM_8bit.tif,437.9,91e0e511887047979e0542e79ac4bf34
Sydney Botany,S1A_IW_GRDH_1SDV_20250918T190752_20250918T190817_061046_079B83_BFBC,VH,36,S1A_IW_GRDH_1SDV_20250918T190752_20250918T190817_061046_079B83_BFBC_VH_UTM_8bit.tif,314.1,df34c24650e54650afee6170197ce0e9
Sydney Botany,S1A_IW_GRDH_1SDV_20250918T190752_20250918T190817_061046_079B83_BFBC,VV,35,S1A_IW_GRDH_1SDV_20250918T190752_20250918T190817_061046_079B83_BFBC_VV_UTM_8bit.tif,462.3,73d50056d7324a68bb131544bfe9776f
Sydney Botany,S1A_IW_GRDH_1SDV_20250930T190752_20250930T190817_061221_07A294_DB4F,VH,43,S1A_IW_GRDH_1SDV_20250930T190752_20250930T190817_061221_07A294_DB4F_VH_UTM_8bit.tif,314.2,2420a44158104269a39f0b9d410c0bab
Sydney Botany,S1A_IW_GRDH_1SDV_20250930T190752_20250930T190817_061221_07A294_DB4F,VV,33,S1A_IW_GRDH_1SDV_20250930T190752_20250930T190817_061221_07A294_DB4F_VV_UTM_8bit.tif,477.2,a5b804aa306d49e8b049d72c60b5abe4
Sydney Botany,S1A_IW_GRDH_1SDV_20251012T190752_20251012T190817_061396_07A99C_7947,VH,28,S1A_IW_GRDH_1SDV_20251012T190752_20251012T190817_061396_07A99C_7947_VH_UTM_8bit.tif,313.6,a5ad2bad75404dbc9e69882902765c36
Sydney Botany,S1A_IW_GRDH_1SDV_20251012T190752_20251012T190817_061396_07A99C_7947,VV,26,S1A_IW_GRDH_1SDV_20251012T190752_20251012T190817_061396_07A99C_7947_VV_UTM_8bit.tif,472.1,1ca5879cddea439599460f09b91aa218
Sydney Botany,S1A_IW_GRDH_1SDV_20251024T190752_20251024T190817_061571_07B0A2_E5D2,VH,34,S1A_IW_GRDH_1SDV_20251024T190752_20251024T190817_061571_07B0A2_E5D2_VH_UTM_8bit.tif,302.0,00a260fbe50c49c38315f9336cc0183b
Sydney Botany,S1A_IW_GRDH_1SDV_20251024T190752_20251024T190817_061571_07B0A2_E5D2,VV,31,S1A_IW_GRDH_1SDV_20251024T190752_20251024T190817_061571_07B0A2_E5D2_VV_UTM_8bit.tif,371.4,f824f5e6048b4d1d8415cb498ec084f6
Sydney Botany,S1A_IW_GRDH_1SDV_20251105T190752_20251105T190817_061746_07B792_3E36,VH,27,S1A_IW_GRDH_1SDV_20251105T190752_20251105T190817_061746_07B792_3E36_VH_UTM_8bit.tif,305.4,57655f3205074ab49033bd7f4c05a6ee
Sydney Botany,S1A_IW_GRDH_1SDV_20251105T190752_20251105T190817_061746_07B792_3E36,VV,30,S1A_IW_GRDH_1SDV_20251105T190752_20251105T190817_061746_07B792_3E36_VV_UTM_8bit.tif,416.6,0ae7a2e35d924a77a9984b93e8a6098b
Sydney Botany,S1A_IW_GRDH_1SDV_20251117T190751_20251117T190816_061921_07BE5B_1974,VH,32,S1A_IW_GRDH_1SDV_20251117T190751_20251117T190816_061921_07BE5B_1974_VH_UTM_8bit.tif,308.3,1591a72f33284915a2a5cf5fef4d9fd2
Sydney Botany,S1A_IW_GRDH_1SDV_20251117T190751_20251117T190816_061921_07BE5B_1974,VV,26,S1A_IW_GRDH_1SDV_20251117T190751_20251117T190816_061921_07BE5B_1974_VV_UTM_8bit.tif,444.9,93ed796553f345fa87082a4cdf12eaa7
Sydney Botany,S1A_IW_GRDH_1SDV_20251129T190750_20251129T190815_062096_07C52D_C156,VH,25,S1A_IW_GRDH_1SDV_20251129T190750_20251129T190815_062096_07C52D_C156_VH_UTM_8bit.tif,303.3,c4b4567f28df46db84bdda24fb6789b7
Sydney Botany,S1A_IW_GRDH_1SDV_20251129T190750_20251129T190815_062096_07C52D_C156,VV,26,S1A_IW_GRDH_1SDV_20251129T190750_20251129T190815_062096_07C52D_C156_VV_UTM_8bit.tif,418.6,ba5f93cc207848fa88405d959f1c218b
Sydney Botany,S1A_IW_GRDH_1SDV_20251211T190749_20251211T190814_062271_07CC01_6A6B,VH,47,S1A_IW_GRDH_1SDV_20251211T190749_20251211T190814_062271_07CC01_6A6B_VH_UTM_8bit.tif,312.1,50d409b4761c44d1ada16a6a371b09e1
Sydney Botany,S1A_IW_GRDH_1SDV_20251211T190749_20251211T190814_062271_07CC01_6A6B,VV,46,S1A_IW_GRDH_1SDV_20251211T190749_20251211T190814_062271_07CC01_6A6B_VV_UTM_8bit.tif,463.5,e821909d1e8149259a3d7938ae946191
Sydney Botany,S1A_IW_GRDH_1SDV_20251223T190747_20251223T190812_062446_07D2D3_0484,VH,22,S1A_IW_GRDH_1SDV_20251223T190747_20251223T190812_062446_07D2D3_0484_VH_UTM_8bit.tif,306.0,439de1134e3546e4aad2f2bacc9e1233
Sydney Botany,S1A_IW_GRDH_1SDV_20251223T190747_20251223T190812_062446_07D2D3_0484,VV,23,S1A_IW_GRDH_1SDV_20251223T190747_20251223T190812_062446_07D2D3_0484_VV_UTM_8bit.tif,422.6,8fd9e01da99c401cb5d485172077120a
Tanger Med,S1A_IW_GRDH_1SDV_20251223T181816_20251223T181841_062446_07D2CE_C333,VH,114,S1A_IW_GRDH_1SDV_20251223T181816_20251223T181841_062446_07D2CE_C333_VH_UTM_8bit.tif,350.3,9336365061174673907f9e1dd6764533
Tanger Med,S1A_IW_GRDH_1SDV_20251223T181816_20251223T181841_062446_07D2CE_C333,VV,111,S1A_IW_GRDH_1SDV_20251223T181816_20251223T181841_062446_07D2CE_C333_VV_UTM_8bit.tif,407.5,e19f700d3400402dbe990b1ea6afdee2
