product_id,objects,t1_labelled,t2_labelled,ais_rows
S1A_IW_GRDH_1SDV_20250101T142509_20250101T142534_057252_070AF6_8BC8,1543,45,59,24539
S1A_IW_GRDH_1SDV_20250108T141656_20250108T141721_057354_070EF9_747A,801,11,30,7319
S1A_IW_GRDH_1SDV_20250112T055841_20250112T055906_057407_07110D_854D,3363,64,104,203811
S1A_IW_GRDH_1SDV_20250113T142508_20250113T142533_057427_0711E2_2089,1697,29,48,11456
S1A_IW_GRDH_1SDV_20250120T141655_20250120T141720_057529_0715E8_27AA,512,27,46,67687
S1A_IW_GRDH_1SDV_20250125T142507_20250125T142532_057602_0718D6_9C14,2242,46,90,6095
S1A_IW_GRDH_1SDV_20250201T141654_20250201T141719_057704_071CD3_8E9C,484,1,34,24744
S1A_IW_GRDH_1SDV_20250206T142506_20250206T142531_057777_071FC4_4425,1789,43,85,7536
S1A_IW_GRDH_1SDV_20250217T055839_20250217T055904_057932_0725F5_9F4A,2602,53,79,39115
S1A_IW_GRDH_1SDV_20250218T142506_20250218T142531_057952_0726CE_AB2C,1888,55,87,30814
S1A_IW_GRDH_1SDV_20250225T141654_20250225T141719_058054_072AFB_9955,640,14,49,19460
S1A_IW_GRDH_1SDV_20250302T142506_20250302T142531_058127_072DF2_C32F,1486,36,55,8977
S1A_IW_GRDH_1SDV_20250310T113410_20250310T113435_058242_07329D_6109,685,22,40,34812
S1A_IW_GRDH_1SDV_20250314T142506_20250314T142531_058302_073505_F8D8,2153,46,92,11425
S1A_IW_GRDH_1SDV_20250317T035236_20250317T035301_058339_07366E_1A19,704,13,22,15156
S1A_IW_GRDH_1SDV_20250321T141654_20250321T141719_058404_07390A_3A64,540,13,47,23982
S1A_IW_GRDH_1SDV_20250326T142506_20250326T142531_058477_073BE1_A5C1,1764,34,66,8954
S1A_IW_GRDH_1SDV_20250407T142506_20250407T142531_058652_07430E_28DD,1773,54,73,14009
S1A_IW_GRDH_1SDV_20250418T055840_20250418T055905_058807_074958_2BFC,3459,66,140,182616
S1A_IW_GRDH_1SDV_20250419T142506_20250419T142531_058827_074A34_03DC,1594,52,78,11702
S1A_IW_GRDH_1SDV_20250422T035237_20250422T035302_058864_074BB7_3AD7,721,14,21,16443
S1A_IW_GRDH_1SDV_20250422T095504_20250422T095529_058868_074BDE_2A15,4050,1184,1553,634768
S1A_IW_GRDH_1SDV_20250501T142507_20250501T142532_059002_075153_F22D,1795,56,94,13933
S1A_IW_GRDH_1SDV_20250504T035237_20250504T035302_059039_0752BC_810D,593,9,13,5514
S1A_IW_GRDH_1SDV_20250504T095504_20250504T095529_059043_0752E1_E126,3674,1108,1388,547392
S1A_IW_GRDH_1SDV_20250508T141655_20250508T141720_059104_07553F_D9D1,515,11,43,54190
S1A_IW_GRDH_1SDV_20250513T142506_20250513T142531_059177_0757CB_F25B,1844,61,101,12219
S1A_IW_GRDH_1SDV_20250516T035237_20250516T035302_059214_07590C_1B74,461,18,23,9304
S1A_IW_GRDH_1SDV_20250516T095504_20250516T095529_059218_07592B_0FC8,3692,896,1213,319974
S1A_IW_GRDH_1SDV_20250525T142506_20250525T142531_059352_075DD8_6C78,1853,53,85,13141
S1A_IW_GRDH_1SDV_20250528T035236_20250528T035301_059389_075F25_EDE8,477,14,18,5929
S1A_IW_GRDH_1SDV_20250528T095503_20250528T095528_059393_075F43_DC80,3549,1081,1329,601332
S1A_IW_GRDH_1SDV_20250606T142505_20250606T142530_059527_0763E5_967B,1695,50,77,10869
S1A_IW_GRDH_1SDV_20250609T021544_20250609T021608_059563_076513_C2E0,1366,44,67,19403
S1A_IW_GRDH_1SDV_20250609T035235_20250609T035300_059564_07651D_4100,461,20,25,15608
S1A_IW_GRDH_1SDV_20250609T095503_20250609T095528_059568_07653B_1E66,3826,920,1208,460071
S1A_IW_GRDH_1SDV_20250618T142504_20250618T142529_059702_0769DE_8658,1757,25,54,9396
S1A_IW_GRDH_1SDV_20250621T035235_20250621T035300_059739_076B27_C979,492,10,12,9259
S1A_IW_GRDH_1SDV_20250621T095502_20250621T095527_059743_076B46_2434,3574,1074,1365,627601
S1A_IW_GRDH_1SDV_20250626T113408_20250626T113433_059817_076DDC_1C20,425,26,45,31202
S1A_IW_GRDH_1SDV_20250630T142504_20250630T142529_059877_076FF7_ED71,1884,42,76,76667
S1A_IW_GRDH_1SDV_20250703T035234_20250703T035259_059914_077140_7BD6,608,13,21,13741
S1A_IW_GRDH_1SDV_20250708T113408_20250708T113433_059992_0773EA_C045,467,19,24,37221
S1A_IW_GRDH_1SDV_20250711T055837_20250711T055902_060032_077547_699B,2275,38,87,392305
S1A_IW_GRDH_1SDV_20250715T021542_20250715T021606_060088_077739_3740,1361,27,51,53765
S1A_IW_GRDH_1SDV_20250715T035234_20250715T035259_060089_077743_FB08,564,7,12,11841
S1A_IW_GRDH_1SDV_20250715T095501_20250715T095526_060093_077760_4889,2444,886,1060,501492
S1A_IW_GRDH_1SDV_20250720T113407_20250720T113432_060167_0779EF_8B2D,468,26,43,36481
S1A_IW_GRDH_1SDV_20250724T142503_20250724T142528_060227_077C09_9CBA,1898,50,84,159126
S1A_IW_GRDH_1SDV_20250727T035233_20250727T035258_060264_077D47_F0A8,571,4,7,22807
S1A_IW_GRDH_1SDV_20250727T095501_20250727T095526_060268_077D68_FED2,2444,858,1047,521220
S1A_IW_GRDH_1SDV_20250731T141651_20250731T141716_060329_077F80_00CD,560,14,34,61704
S1A_IW_GRDH_1SDV_20250805T142503_20250805T142528_060402_078207_9714,1965,36,69,55009
S1A_IW_GRDH_1SDV_20250808T035233_20250808T035258_060439_078370_CD54,556,6,8,8070
S1A_IW_GRDH_1SDV_20250808T095500_20250808T095525_060443_078391_5813,2826,878,1074,295630
S1A_IW_GRDH_1SDV_20250813T113407_20250813T113432_060517_078680_45FA,818,15,28,12075
S1A_IW_GRDH_1SDV_20250817T142503_20250817T142528_060577_0788DF_80F4,1941,44,64,60132
S1A_IW_GRDH_1SDV_20250820T035233_20250820T035258_060614_078A53_5450,525,4,6,2694
S1A_IW_GRDH_1SDV_20250820T095500_20250820T095525_060618_078A74_9040,2901,888,1069,330092
S1A_IW_GRDH_1SDV_20250829T142503_20250829T142528_060752_078FC4_CDEA,1878,56,84,56417
S1A_IW_GRDH_1SDV_20250901T021542_20250901T021605_060788_07912C_0086,1361,40,63,26271
S1A_IW_GRDH_1SDV_20250901T035233_20250901T035258_060789_079136_B324,542,7,7,4430
S1A_IW_GRDH_1SDV_20250909T055837_20250909T055902_060907_0795EC_8CC1,2250,47,87,223119
S1A_IW_GRDH_1SDV_20250910T142503_20250910T142528_060927_0796BD_18EC,1897,49,80,60327
S1A_IW_GRDH_1SDV_20250913T035234_20250913T035259_060964_079836_C838,676,5,13,4222
S1A_IW_GRDH_1SDV_20250913T095501_20250913T095526_060968_07985B_0B8B,2428,748,942,299151
S1A_IW_GRDH_1SDV_20250917T141651_20250917T141716_061029_079AD4_BEB1,559,12,47,77772
S1A_IW_GRDH_1SDV_20250922T142504_20250922T142529_061102_079DC2_7207,1795,33,71,61953
S1A_IW_GRDH_1SDV_20250925T021543_20250925T021606_061138_079F34_4E55,1311,29,41,23311
S1A_IW_GRDH_1SDV_20250925T035234_20250925T035259_061139_079F3E_697B,530,8,8,2924
S1A_IW_GRDH_1SDV_20250925T095501_20250925T095526_061143_079F62_43F4,2627,747,927,307082
S1A_IW_GRDH_1SDV_20250930T113407_20250930T113432_061217_07A26A_3C89,459,16,25,21537
S1A_IW_GRDH_1SDV_20251004T142503_20251004T142528_061277_07A4D4_B04D,1754,64,96,34309
S1A_IW_GRDH_1SDV_20251007T035234_20251007T035259_061314_07A64B_B254,731,10,14,10038
S1A_IW_GRDH_1SDV_20251007T095502_20251007T095527_061318_07A66F_9734,3074,964,1144,318102
S1A_IW_GRDH_1SDV_20251011T141652_20251011T141717_061379_07A8EC_6D05,544,12,34,66303
S1A_IW_GRDH_1SDV_20251012T113408_20251012T113433_061392_07A972_E193,478,27,45,12613
S1A_IW_GRDH_1SDV_20251016T142504_20251016T142529_061452_07ABDD_BF78,2051,46,84,71543
S1A_IW_GRDH_1SDV_20251019T035234_20251019T035259_061489_07AD50_1AB6,605,11,13,8557
S1A_IW_GRDH_1SDV_20251019T095501_20251019T095526_061493_07AD75_C893,2276,729,824,262943
S1A_IW_GRDH_1SDV_20251023T141652_20251023T141717_061554_07AFF4_3310,588,10,40,94312
S1A_IW_GRDH_1SDV_20251026T020728_20251026T020753_061590_07B161_3CC3,652,15,34,28919
S1A_IW_GRDH_1SDV_20251027T055837_20251027T055902_061607_07B211_E251,1807,32,46,44478
S1A_IW_GRDH_1SDV_20251028T142503_20251028T142528_061627_07B2E5_AF8B,1953,38,56,59392
S1A_IW_GRDH_1SDV_20251031T095501_20251031T095526_061668_07B482_E582,2752,880,1073,374817
S1A_IW_GRDH_1SDV_20251109T142503_20251109T142528_061802_07B9BD_1AE4,1818,33,63,59951
S1A_IW_GRDH_1SDV_20251112T035233_20251112T035258_061839_07BB21_91CA,467,7,13,4069
S1A_IW_GRDH_1SDV_20251112T095500_20251112T095525_061843_07BB43_791B,2511,866,1031,330089
S1A_IW_GRDH_1SDV_20251120T055836_20251120T055901_061957_07BFB6_DC2D,2204,41,57,74260
S1A_IW_GRDH_1SDV_20251121T142503_20251121T142528_061977_07C08B_B3BC,1852,24,51,60644
S1A_IW_GRDH_1SDV_20251124T035232_20251124T035257_062014_07C1F4_0DB0,449,24,36,9516
S1A_IW_GRDH_1SDV_20251124T095500_20251124T095525_062018_07C214_828E,2582,703,866,336393
S1A_IW_GRDH_1SDV_20251129T113406_20251129T113431_062092_07C503_6B6D,548,10,16,28492
S1A_IW_GRDH_1SDV_20251202T055835_20251202T055900_062132_07C68A_27C0,2310,41,59,168844
S1A_IW_GRDH_1SDV_20251203T142501_20251203T142526_062152_07C75E_D213,2009,42,69,47199
S1A_IW_GRDH_1SDV_20251206T035231_20251206T035256_062189_07C8C7_B4B3,377,7,11,6707
S1A_IW_GRDH_1SDV_20251206T095458_20251206T095523_062193_07C8EB_18F6,2866,748,961,166249
S1A_IW_GRDH_1SDV_20251211T113405_20251211T113430_062267_07CBD7_A7ED,504,13,18,25905
S1A_IW_GRDH_1SDV_20251214T055834_20251214T055859_062307_07CD62_B45A,2389,42,64,120263
S1A_IW_GRDH_1SDV_20251215T142500_20251215T142525_062327_07CE36_F264,1633,29,45,47188
S1A_IW_GRDH_1SDV_20251218T035230_20251218T035255_062364_07CF9A_DF33,496,32,39,2490
S1A_IW_GRDH_1SDV_20251218T095457_20251218T095522_062368_07CFBE_85B2,2865,807,1003,275157
S1A_IW_GRDH_1SDV_20251222T141647_20251222T141712_062429_07D225_B5FC,557,4,21,37339
S1A_IW_GRDH_1SDV_20251223T113403_20251223T113428_062442_07D2AB_3284,527,22,30,23371
S1A_IW_GRDH_1SDV_20251226T055832_20251226T055857_062482_07D430_A244,2142,23,34,38415
S1A_IW_GRDH_1SDV_20251227T142459_20251227T142524_062502_07D505_24C1,2367,85,115,49234
S1A_IW_GRDH_1SDV_20251230T035229_20251230T035254_062539_07D665_2BBB,358,18,30,7555
S1A_IW_GRDH_1SDV_20251230T095456_20251230T095521_062543_07D685_E32F,2672,738,967,394805
S1A_IW_GRDH_1SDV_20260104T113402_20260104T113427_062617_07D969_8415,558,26,56,24730
S1A_IW_GRDH_1SDV_20260224T055828_20260224T055853_063357_07F51A_CAA5,2348,70,104,136463
S1C_IW_GRDH_1SDV_20250814T021436_20250814T021501_003662_00752F_F0F2,1336,43,75,24119
S1C_IW_GRDH_1SDV_20251013T021438_20251013T021503_004537_008FA6_7629,1326,47,71,32222
S1C_IW_GRDH_1SDV_20251106T021437_20251106T021502_004887_009A94_6EF3,1338,39,70,26176
S1C_IW_GRDH_1SDV_20251130T021436_20251130T021501_005237_00A653_4A11,1277,37,53,21757
