cell_x,cell_y,cell_lon,cell_lat,points,direction_deg,anisotropy
298500.0,3294500.0,-95.08408,29.76441,4391,23.26,2.36
296500.0,3292500.0,-95.10437,29.74604,3633,37.08,5.61
297500.0,3293500.0,-95.09422,29.75522,2738,56.49,6.57
295500.0,3291500.0,-95.11452,29.73686,2187,22.25,27.82
297500.0,3294500.0,-95.09441,29.76424,2180,22.84,2.1
294500.0,3291500.0,-95.12485,29.73669,2091,17.02,12.97
327500.0,3245500.0,-94.77652,29.32677,2033,78.32,4.52
290500.0,3292500.0,-95.16638,29.74504,1904,152.99,7.68
327500.0,3246500.0,-94.77667,29.33579,1899,70.93,7.4
299500.0,3295500.0,-95.07392,29.77359,1797,75.26,26.26
328500.0,3252500.0,-94.76731,29.39006,1795,42.88,110.96
304500.0,3288500.0,-95.02097,29.71125,1769,98.21,30.1
299500.0,3296500.0,-95.07411,29.78261,1703,54.77,8.42
304500.0,3289500.0,-95.02115,29.72027,1642,99.25,23.02
301500.0,3291500.0,-95.05251,29.73783,1633,142.65,47.2
299500.0,3294500.0,-95.07374,29.76457,1622,146.74,5.07
319500.0,3263500.0,-94.86183,29.48802,1620,114.28,212.17
293500.0,3291500.0,-95.13519,29.73653,1595,171.66,16.81
319500.0,3262500.0,-94.86166,29.479,1591,113.45,127.19
303500.0,3290500.0,-95.03166,29.72913,1564,163.44,16.41
305500.0,3287500.0,-95.01045,29.70239,1549,162.36,48.12
327500.0,3251500.0,-94.77746,29.3809,1539,44.08,85.49
323500.0,3253500.0,-94.81898,29.39838,1514,113.22,120.36
327500.0,3247500.0,-94.77683,29.34481,1451,126.64,3.83
312500.0,3274500.0,-94.93589,29.58621,1445,123.13,168.23
322500.0,3255500.0,-94.8296,29.41628,1441,112.56,315.93
300500.0,3292500.0,-95.06303,29.74669,1414,113.95,109.61
326500.0,3244500.0,-94.78665,29.31761,1413,43.41,3.62
320500.0,3261500.0,-94.85119,29.47012,1380,113.69,108.64
302500.0,3290500.0,-95.04199,29.72898,1370,168.75,65.61
274500.0,3203500.0,-95.31352,28.93962,1360,16.23,9.33
322500.0,3256500.0,-94.82976,29.4253,1359,112.69,292.29
310500.0,3277500.0,-94.95705,29.61297,1349,118.82,4.1
291500.0,3291500.0,-95.15585,29.73619,1318,145.37,12.19
314500.0,3271500.0,-94.91474,29.55945,1312,123.53,134.37
304500.0,3287500.0,-95.02078,29.70223,1305,136.42,3.24
299500.0,3297500.0,-95.0743,29.79163,1297,177.61,1.83
323500.0,3254500.0,-94.81914,29.4074,1297,113.77,275.47
320500.0,3260500.0,-94.85103,29.4611,1296,112.77,295.51
308500.0,3285500.0,-94.97911,29.68482,1296,118.85,3.28
324500.0,3251500.0,-94.80836,29.38048,1293,113.25,61.79
300500.0,3293500.0,-95.06322,29.75571,1293,116.85,55.26
315500.0,3269500.0,-94.90408,29.54156,1276,122.9,438.11
317500.0,3266500.0,-94.88295,29.51479,1229,122.77,212.43
309500.0,3280500.0,-94.9679,29.63988,1227,107.7,217.52
292500.0,3291500.0,-95.14552,29.73636,1218,171.35,39.66
296500.0,3295500.0,-95.10494,29.7731,1200,92.29,7.21
311500.0,3275500.0,-94.94638,29.59508,1164,122.9,213.57
333500.0,3256500.0,-94.71641,29.42681,1148,40.5,7.64
287500.0,3292500.0,-95.19738,29.74453,1129,24.41,14.61
329500.0,3253500.0,-94.75717,29.39921,1086,44.06,47.58
304500.0,3290500.0,-95.02133,29.72929,1083,128.61,5.96
310500.0,3278500.0,-94.95722,29.62199,1061,106.07,83.14
318500.0,3265500.0,-94.87247,29.50592,1061,122.65,325.82
417500.0,3315500.0,-93.85509,29.96758,1048,80.14,2.23
308500.0,3283500.0,-94.97875,29.66678,1046,106.84,268.63
285500.0,3290500.0,-95.21766,29.72615,1043,2.09,12.16
273500.0,3203500.0,-95.32377,28.93945,1042,55.34,12.0
326500.0,3248500.0,-94.78728,29.3537,1030,133.32,12.78
307500.0,3286500.0,-94.98961,29.69368,1026,136.33,81.88
313500.0,3272500.0,-94.92523,29.56832,1024,123.21,635.72
313500.0,3273500.0,-94.9254,29.57734,988,122.71,587.54
321500.0,3258500.0,-94.84039,29.4432,988,112.47,292.94
308500.0,3284500.0,-94.97893,29.6758,968,107.69,94.02
325500.0,3249500.0,-94.79774,29.36258,965,127.88,2.65
317500.0,3251500.0,-94.88045,29.37948,959,5.99,6.37
309500.0,3281500.0,-94.96807,29.64889,946,107.72,173.26
324500.0,3250500.0,-94.8082,29.37146,937,112.3,37.1
329500.0,3252500.0,-94.75701,29.39019,913,44.45,89.59
409500.0,3303500.0,-93.93699,29.85873,910,49.6,13.23
321500.0,3246500.0,-94.83844,29.33496,896,37.86,132.62
332500.0,3255500.0,-94.72656,29.41766,887,41.96,8.83
306500.0,3287500.0,-95.00012,29.70255,885,158.47,30.23
289500.0,3292500.0,-95.17672,29.74487,878,3.33,46.66
284500.0,3290500.0,-95.22799,29.72597,878,7.55,8.45
299500.0,3293500.0,-95.07355,29.75555,874,136.67,62.97
300500.0,3298500.0,-95.06414,29.80081,872,157.82,4.03
309500.0,3282500.0,-94.96825,29.65791,851,107.12,175.42
342500.0,3261500.0,-94.62438,29.47309,849,22.85,34.38
327500.0,3244500.0,-94.77636,29.31775,845,82.92,2.02
316500.0,3250500.0,-94.89058,29.37032,845,88.73,4.53
297500.0,3296500.0,-95.09479,29.78228,839,50.09,1.44
327500.0,3248500.0,-94.77699,29.35383,839,117.06,6.08
334500.0,3257500.0,-94.70626,29.43597,830,41.54,39.73
415500.0,3311500.0,-93.8755,29.93134,820,52.83,36.21
324500.0,3252500.0,-94.80851,29.3895,813,112.47,141.12
321500.0,3259500.0,-94.84055,29.45223,806,112.98,360.87
311500.0,3276500.0,-94.94655,29.6041,803,121.47,137.82
407500.0,3300500.0,-93.95743,29.83151,802,76.96,9.82
316500.0,3251500.0,-94.89075,29.37934,800,45.91,2.21
288500.0,3292500.0,-95.18705,29.7447,782,11.66,33.77
315500.0,3270500.0,-94.90425,29.55058,776,123.15,174.34
326500.0,3250500.0,-94.7876,29.37174,772,30.49,12.55
286500.0,3291500.0,-95.20752,29.73534,770,54.41,5.51
310500.0,3279500.0,-94.9574,29.63101,765,107.45,527.31
300500.0,3291500.0,-95.06285,29.73767,762,122.47,59.31
273500.0,3202500.0,-95.32357,28.93043,758,18.29,3.72
338500.0,3245500.0,-94.66327,29.32823,756,148.46,67.19
297500.0,3292500.0,-95.09404,29.74621,738,45.15,2.49
286500.0,3290500.0,-95.20732,29.72632,735,51.5,10.41
300500.0,3297500.0,-95.06396,29.79179,732,50.38,2.92
328500.0,3251500.0,-94.76716,29.38103,712,44.8,22.75
316500.0,3268500.0,-94.8936,29.53269,712,122.64,469.84
318500.0,3264500.0,-94.8723,29.4969,703,121.71,270.55
328500.0,3247500.0,-94.76653,29.34495,698,6.25,8.99
323500.0,3249500.0,-94.81833,29.3623,696,153.61,47.25
325500.0,3250500.0,-94.7979,29.3716,696,138.26,3.34
340500.0,3244500.0,-94.64254,29.31946,677,148.42,72.23
331500.0,3247500.0,-94.73564,29.34536,673,1.72,43.0
411500.0,3306500.0,-93.91653,29.88595,671,51.8,257.57
330500.0,3254500.0,-94.74702,29.40837,659,40.01,16.09
330500.0,3247500.0,-94.74594,29.34522,643,1.11,37.63
341500.0,3261500.0,-94.63469,29.47296,628,21.46,20.3
408500.0,3302500.0,-93.94725,29.84963,626,52.73,46.36
400500.0,3322500.0,-94.03192,30.02948,623,105.61,26.09
322500.0,3247500.0,-94.82831,29.34412,621,37.86,435.74
314500.0,3241500.0,-94.90967,29.28884,621,162.32,189.99
318500.0,3251500.0,-94.87015,29.37963,620,154.68,4.17
388500.0,3285500.0,-94.15251,29.69459,620,36.7,45.1
329500.0,3247500.0,-94.75624,29.34509,610,3.28,28.97
302500.0,3234500.0,-95.03189,29.22388,606,67.76,415.05
330500.0,3253500.0,-94.74686,29.39935,606,41.0,25.74
339500.0,3260500.0,-94.65517,29.46368,606,21.98,69.57
416500.0,3312500.0,-93.86522,29.94044,604,61.79,28.81
309500.0,3277500.0,-94.96737,29.61282,604,174.41,20.46
337500.0,3245500.0,-94.67357,29.3281,601,145.04,38.4
343500.0,3262500.0,-94.61422,29.48223,600,21.43,86.5
407500.0,3320500.0,-93.95916,30.01198,591,131.58,3.78
332500.0,3247500.0,-94.72535,29.34549,588,179.14,29.25
407500.0,3301500.0,-93.95752,29.84053,579,80.75,21.06
403500.0,3297500.0,-93.99856,29.80413,574,55.52,30.06
341500.0,3243500.0,-94.6321,29.31057,573,149.66,11.15
315500.0,3249500.0,-94.90071,29.36115,568,179.06,9.1
339500.0,3244500.0,-94.65283,29.31934,566,151.65,18.73
312500.0,3273500.0,-94.93572,29.57719,564,123.08,382.89
324500.0,3249500.0,-94.80804,29.36244,564,4.05,2.14
316500.0,3241500.0,-94.88909,29.28913,563,55.74,8.16
331500.0,3254500.0,-94.73671,29.4085,556,40.7,11.57
336500.0,3246500.0,-94.68401,29.33699,556,150.33,27.06
313500.0,3241500.0,-94.91996,29.28869,554,169.15,33.85
291500.0,3292500.0,-95.15605,29.74521,542,136.12,61.21
321500.0,3257500.0,-94.84023,29.43418,542,114.03,449.75
314500.0,3270500.0,-94.91457,29.55043,542,123.47,129.56
306500.0,3277500.0,-94.99834,29.61235,541,179.79,57.55
333500.0,3247500.0,-94.71505,29.34562,538,171.07,71.2
322500.0,3257500.0,-94.82992,29.43433,531,112.61,459.79
275500.0,3204500.0,-95.30346,28.94882,531,45.28,16.09
344500.0,3262500.0,-94.60391,29.48236,529,21.65,566.49
338500.0,3260500.0,-94.66548,29.46355,525,22.44,53.95
272500.0,3203500.0,-95.33402,28.93927,525,106.98,2.45
304500.0,3236500.0,-95.01168,29.24223,522,42.06,71.45
305500.0,3277500.0,-95.00866,29.6122,521,0.44,11.9
417500.0,3314500.0,-93.85501,29.95855,521,67.73,35.11
416500.0,3313500.0,-93.8653,29.94946,521,74.34,7.64
335500.0,3258500.0,-94.6961,29.44512,521,40.26,108.14
318500.0,3244500.0,-94.869,29.31648,518,38.01,143.13
317500.0,3243500.0,-94.87913,29.30732,515,44.18,17.33
301500.0,3290500.0,-95.05233,29.72882,512,146.55,6.86
308500.0,3277500.0,-94.97769,29.61266,512,179.54,167.63
328500.0,3246500.0,-94.76638,29.33593,511,19.24,9.45
275500.0,3203500.0,-95.30326,28.9398,510,170.95,2.89
312500.0,3241500.0,-94.93025,29.28854,506,8.13,328.32
309500.0,3279500.0,-94.96772,29.63086,503,107.11,47.9
345500.0,3241500.0,-94.59064,29.29302,496,140.17,28.99
287500.0,3223500.0,-95.18402,29.12223,490,44.82,316.82
320500.0,3245500.0,-94.84858,29.32579,480,37.5,711.83
317500.0,3267500.0,-94.88312,29.52381,480,123.06,56.98
296500.0,3294500.0,-95.10475,29.76408,479,121.61,4.15
316500.0,3267500.0,-94.89343,29.52367,474,123.22,187.7
410500.0,3305500.0,-93.9268,29.87685,472,51.97,737.13
302500.0,3288500.0,-95.04163,29.71094,470,167.12,3.12
407500.0,3299500.0,-93.95735,29.82249,470,99.11,6.21
337500.0,3246500.0,-94.67371,29.33712,468,147.2,18.4
405500.0,3299500.0,-93.97804,29.82233,468,20.43,288.7
277500.0,3206500.0,-95.28335,28.9672,465,48.44,7.37
315500.0,3241500.0,-94.89938,29.28899,463,5.98,13.12
334500.0,3247500.0,-94.70475,29.34575,460,167.34,69.17
346500.0,3263500.0,-94.58342,29.49163,459,21.03,20.93
325500.0,3243500.0,-94.79679,29.30845,457,16.88,19.19
273500.0,3204500.0,-95.32397,28.94846,438,103.22,3.47
469500.0,3338500.0,-93.3168,30.17753,438,55.26,8.31
281500.0,3211500.0,-95.2433,29.01299,436,55.38,61.31
320500.0,3259500.0,-94.85086,29.45208,434,112.63,473.33
347500.0,3263500.0,-94.57311,29.49175,431,22.9,29.33
404500.0,3298500.0,-93.9883,29.81323,430,23.05,23.48
327500.0,3249500.0,-94.77714,29.36286,428,65.11,5.61
303500.0,3287500.0,-95.03112,29.70208,427,157.27,26.12
337500.0,3259500.0,-94.67564,29.4544,420,21.34,13.57
300500.0,3296500.0,-95.06377,29.78277,418,20.65,3.56
324500.0,3248500.0,-94.80788,29.35342,416,35.7,9.16
316500.0,3242500.0,-94.88925,29.29815,415,59.57,204.49
340500.0,3243500.0,-94.64239,29.31044,415,148.1,20.31
308500.0,3240500.0,-94.97123,29.27892,413,20.55,17.95
340500.0,3260500.0,-94.64486,29.46381,404,20.14,17.62
307500.0,3277500.0,-94.98802,29.61251,400,178.1,33.47
430500.0,3324500.0,-93.72095,30.0496,398,42.38,18.62
286500.0,3222500.0,-95.1941,29.11305,397,46.8,151.92
288500.0,3224500.0,-95.17394,29.13142,396,45.13,843.14
336500.0,3259500.0,-94.68594,29.45427,396,34.31,13.21
307500.0,3285500.0,-94.98944,29.68467,391,137.64,3.98
272500.0,3204500.0,-95.33422,28.94829,386,157.6,3.74
276500.0,3205500.0,-95.29341,28.95801,383,50.93,10.05
301500.0,3298500.0,-95.0538,29.80097,382,113.1,14.97
353500.0,3266500.0,-94.51164,29.51953,382,21.74,100.73
352500.0,3265500.0,-94.52182,29.51039,381,21.86,23.8
289500.0,3225500.0,-95.16386,29.14061,381,44.92,441.07
278500.0,3200500.0,-95.27192,28.91326,381,122.88,10.22
416500.0,3288500.0,-93.86336,29.72387,378,122.49,18.19
323500.0,3252500.0,-94.81882,29.38936,375,112.0,120.37
298500.0,3296500.0,-95.08445,29.78244,375,11.41,4.06
323500.0,3248500.0,-94.81817,29.35328,374,40.1,29.11
322500.0,3250500.0,-94.82879,29.37118,374,156.83,106.57
408500.0,3303500.0,-93.94734,29.85866,370,51.57,58.2
397500.0,3292500.0,-94.06016,29.75853,368,38.48,24.17
345500.0,3262500.0,-94.59359,29.48248,361,21.26,54.74
336500.0,3245500.0,-94.68386,29.32797,360,133.43,5.64
319500.0,3264500.0,-94.86199,29.49704,359,119.11,216.74
335500.0,3246500.0,-94.69431,29.33686,359,159.46,30.12
305500.0,3237500.0,-95.00157,29.2514,356,48.74,638.87
323500.0,3247500.0,-94.81801,29.34426,350,37.21,19.24
306500.0,3238500.0,-94.99146,29.26058,350,50.56,637.79
278500.0,3199500.0,-95.27172,28.90424,346,108.54,4.3
303500.0,3235500.0,-95.02179,29.23305,342,46.95,92.41
302500.0,3233500.0,-95.03171,29.21486,341,62.85,40.68
279500.0,3208500.0,-95.26323,28.98559,339,34.89,13.94
324500.0,3243500.0,-94.80708,29.30831,337,175.77,5.97
284500.0,3217500.0,-95.21368,29.06761,334,65.54,418.3
282500.0,3290500.0,-95.24865,29.72563,334,134.33,18.94
415500.0,3310500.0,-93.87542,29.92232,333,51.79,19.65
310500.0,3285500.0,-94.95845,29.68513,332,151.53,76.35
306500.0,3286500.0,-94.99994,29.69353,330,141.95,96.13
312500.0,3275500.0,-94.93606,29.59523,329,122.65,241.25
361500.0,3271500.0,-94.42975,29.56556,328,5.77,7.66
322500.0,3254500.0,-94.82944,29.40726,326,113.96,139.69
331500.0,3255500.0,-94.73687,29.41753,325,43.16,13.12
348500.0,3264500.0,-94.56294,29.50089,324,21.03,36.51
320500.0,3250500.0,-94.84939,29.3709,323,163.77,286.73
412500.0,3307500.0,-93.90626,29.89504,318,44.49,293.05
321500.0,3250500.0,-94.83909,29.37104,316,162.49,219.65
395500.0,3290500.0,-94.08065,29.74032,314,39.33,125.72
277500.0,3207500.0,-95.28355,28.97622,314,63.43,25.78
295500.0,3229500.0,-95.10295,29.17767,310,10.49,19.07
319500.0,3244500.0,-94.85871,29.31663,310,37.97,61.4
334500.0,3246500.0,-94.7046,29.33673,310,165.92,49.18
340500.0,3239500.0,-94.64181,29.27435,308,60.22,7.5
300500.0,3232500.0,-95.0521,29.20552,305,29.37,158.23
338500.0,3244500.0,-94.66313,29.31921,303,139.43,11.64
351500.0,3265500.0,-94.53213,29.51027,302,20.42,23.34
425500.0,3319500.0,-93.77246,30.00418,299,51.08,586.36
311500.0,3241500.0,-94.94054,29.2884,298,8.83,83.17
329500.0,3246500.0,-94.75608,29.33606,297,179.08,67.28
327500.0,3250500.0,-94.7773,29.37188,294,44.25,78.8
425500.0,3318500.0,-93.77239,29.99516,293,41.22,24.62
309500.0,3285500.0,-94.96878,29.68497,291,7.47,14.27
320500.0,3262500.0,-94.85135,29.47914,290,112.98,196.95
277500.0,3201500.0,-95.28236,28.92211,289,134.12,30.41
357500.0,3269500.0,-94.47077,29.54706,288,59.42,10.61
346500.0,3241500.0,-94.58035,29.29314,288,139.22,11.27
296500.0,3229500.0,-95.09267,29.17783,286,35.21,39.43
283500.0,3290500.0,-95.23832,29.7258,285,29.72,11.88
360500.0,3271500.0,-94.44007,29.56545,285,179.29,14.23
407500.0,3319500.0,-93.95908,30.00296,283,109.4,98.91
468500.0,3333500.0,-93.32704,30.13239,282,92.17,6.46
349500.0,3264500.0,-94.55262,29.50101,282,20.58,68.1
310500.0,3276500.0,-94.95688,29.60395,281,118.31,46.97
411500.0,3318500.0,-93.91752,29.99423,280,174.35,1.99
333500.0,3246500.0,-94.7149,29.3366,280,171.1,84.73
283500.0,3289500.0,-95.23812,29.71678,277,19.53,8.15
404500.0,3321500.0,-93.99036,30.02077,276,135.34,1.43
470500.0,3339500.0,-93.30644,30.18658,276,35.89,24.63
290500.0,3226500.0,-95.15377,29.14979,274,34.64,164.19
282500.0,3212500.0,-95.23324,29.02218,274,62.2,21.77
332500.0,3256500.0,-94.72672,29.42668,273,42.86,15.93
414500.0,3317500.0,-93.88634,29.98542,272,169.9,94.63
389500.0,3286500.0,-94.14228,29.7037,272,37.63,86.79
413500.0,3292500.0,-93.89469,29.75976,272,151.77,9.27
299500.0,3231500.0,-95.0622,29.19635,270,30.61,293.64
503500.0,3310500.0,-92.96374,29.92522,264,5.75,12.09
406500.0,3301500.0,-93.96787,29.84046,264,94.7,6.04
482500.0,3314500.0,-93.18137,29.9612,264,129.24,530.94
386500.0,3284500.0,-94.17308,29.68539,263,5.86,21.04
468500.0,3328500.0,-93.32689,30.08726,260,62.19,6.11
340500.0,3240500.0,-94.64196,29.28338,260,89.54,22.95
340500.0,3261500.0,-94.645,29.47283,259,22.03,36.83
365500.0,3274500.0,-94.38884,29.59306,258,163.19,18.98
408500.0,3319500.0,-93.94871,30.00303,258,127.35,44.34
467500.0,3327500.0,-93.33723,30.07821,257,52.45,15.72
301500.0,3297500.0,-95.05362,29.79195,256,60.61,10.88
347500.0,3235500.0,-94.56923,29.23913,256,49.15,2.01
412500.0,3292500.0,-93.90504,29.75968,254,158.2,106.8
424500.0,3318500.0,-93.78276,29.9951,251,25.89,188.88
337500.0,3244500.0,-94.67342,29.31908,247,114.98,11.97
281500.0,3210500.0,-95.24311,29.00397,247,55.18,102.64
304500.0,3277500.0,-95.01898,29.61204,246,158.33,1.97
417500.0,3286500.0,-93.85287,29.70588,245,124.07,1493.96
341500.0,3244500.0,-94.63224,29.31959,244,147.72,23.76
416500.0,3316500.0,-93.86553,29.97653,244,151.7,29.41
468500.0,3334500.0,-93.32707,30.14141,244,100.24,42.02
312500.0,3284500.0,-94.93761,29.67641,243,146.52,12.37
413500.0,3308500.0,-93.89598,29.90413,242,50.94,95.27
278500.0,3207500.0,-95.27329,28.9764,242,37.3,15.18
313500.0,3284500.0,-94.92728,29.67656,241,61.36,3.18
318500.0,3243500.0,-94.86883,29.30746,240,31.12,7.09
358500.0,3270500.0,-94.46058,29.5562,240,45.58,9.13
400500.0,3323500.0,-94.03202,30.0385,239,84.07,2.31
298500.0,3298500.0,-95.08482,29.80048,239,172.19,4.62
376500.0,3280500.0,-94.27596,29.64834,237,27.5,31.83
408500.0,3318500.0,-93.94862,29.99401,236,150.55,45.71
346500.0,3240500.0,-94.58021,29.28412,236,142.79,5.68
335500.0,3243500.0,-94.69386,29.3098,236,40.06,748.79
317500.0,3265500.0,-94.88278,29.50577,235,123.58,120.97
332500.0,3246500.0,-94.72519,29.33647,235,174.49,73.46
444500.0,3325500.0,-93.57578,30.05934,234,179.51,31.62
297500.0,3230500.0,-95.08257,29.18701,233,36.72,421.44
323500.0,3243500.0,-94.81737,29.30817,232,69.33,1.3
339500.0,3245500.0,-94.65298,29.32836,229,145.69,19.2
428500.0,3321500.0,-93.74149,30.02241,229,44.98,11.91
335500.0,3247500.0,-94.69446,29.34588,229,166.36,76.81
420500.0,3316500.0,-93.82408,29.9768,227,18.31,56.45
420500.0,3279500.0,-93.82134,29.64291,227,111.23,53.8
402500.0,3296500.0,-94.00882,29.79503,226,51.74,57.4
406500.0,3299500.0,-93.9677,29.82241,226,18.7,87.58
309500.0,3241500.0,-94.96112,29.28809,226,9.22,62.3
299500.0,3298500.0,-95.07448,29.80065,225,17.66,16.71
280500.0,3209500.0,-95.25317,28.99478,225,54.87,288.27
414500.0,3310500.0,-93.88578,29.92225,224,51.05,28.51
464500.0,3325500.0,-93.3683,30.06008,224,0.54,40.82
359500.0,3271500.0,-94.45039,29.56533,221,7.32,12.79
403500.0,3298500.0,-93.99865,29.81316,221,51.54,29.76
467500.0,3331500.0,-93.33736,30.11431,221,97.62,5.85
307500.0,3240500.0,-94.98152,29.27877,221,46.56,163.89
415500.0,3289500.0,-93.87377,29.73282,221,118.83,4.27
290500.0,3293500.0,-95.16658,29.75406,220,151.57,1.13
281500.0,3290500.0,-95.25898,29.72545,220,168.76,7.39
302500.0,3235500.0,-95.03207,29.2329,219,60.27,274.36
276500.0,3202500.0,-95.29281,28.93095,219,131.43,23.09
330500.0,3246500.0,-94.74579,29.3362,217,179.72,940.2
285500.0,3218500.0,-95.2036,29.0768,215,64.24,72.82
354500.0,3266500.0,-94.50132,29.51965,215,22.02,470.79
370500.0,3277500.0,-94.33758,29.62066,214,27.55,23.55
410500.0,3304500.0,-93.92672,29.86783,214,61.61,111.05
285500.0,3219500.0,-95.20379,29.08582,213,70.71,44.31
308500.0,3282500.0,-94.97858,29.65776,208,105.43,19.51
302500.0,3287500.0,-95.04145,29.70192,208,136.02,2.29
387500.0,3284500.0,-94.16275,29.68548,207,7.87,13.76
284500.0,3235500.0,-95.21716,29.22996,206,77.55,40.53
418500.0,3285500.0,-93.84245,29.69693,205,123.75,315.39
409500.0,3304500.0,-93.93707,29.86775,205,57.79,14.0
463500.0,3325500.0,-93.37867,30.06005,205,178.93,51.29
356500.0,3268500.0,-94.48095,29.53793,203,58.66,6.38
282500.0,3289500.0,-95.24845,29.71661,203,155.81,5.8
301500.0,3232500.0,-95.04182,29.20568,202,29.63,404.44
306500.0,3239500.0,-94.99163,29.2696,200,48.89,78.45
396500.0,3291500.0,-94.07041,29.74943,200,35.42,16.27
296500.0,3296500.0,-95.10513,29.78212,199,76.88,18.81
272500.0,3202500.0,-95.33382,28.93025,198,126.05,2.5
342500.0,3243500.0,-94.6218,29.31069,198,150.06,20.77
414500.0,3309500.0,-93.8857,29.91323,197,48.22,10.53
393500.0,3289500.0,-94.10123,29.73112,196,38.44,36.8
364500.0,3274500.0,-94.39916,29.59296,196,178.63,11.1
383500.0,3283500.0,-94.20397,29.67609,196,24.18,10.01
334500.0,3242500.0,-94.704,29.30065,196,36.92,241.34
325500.0,3248500.0,-94.79758,29.35356,194,153.42,39.35
422500.0,3317500.0,-93.80342,29.98595,194,19.85,95.42
421500.0,3317500.0,-93.81378,29.98589,193,19.19,1708.41
551500.0,3307500.0,-92.46659,29.89707,193,168.43,24.89
343500.0,3242500.0,-94.61137,29.3018,192,154.83,11.7
293500.0,3228500.0,-95.12332,29.16832,191,33.67,166.28
404500.0,3320500.0,-93.99027,30.01175,191,151.33,1.45
344500.0,3242500.0,-94.60108,29.30192,191,160.81,5.88
344500.0,3241500.0,-94.60094,29.2929,190,171.85,2.33
419500.0,3316500.0,-93.83444,29.97673,189,18.01,60.71
319500.0,3245500.0,-94.85887,29.32565,188,38.04,555.72
429500.0,3324500.0,-93.73132,30.04954,187,59.29,1.15
319500.0,3261500.0,-94.8615,29.46998,186,126.47,3.61
285500.0,3221500.0,-95.20418,29.10386,186,72.51,14.47
284500.0,3216500.0,-95.21348,29.0586,185,66.0,431.96
412500.0,3317500.0,-93.90707,29.98528,183,166.93,23.98
280500.0,3290500.0,-95.26932,29.72527,182,171.33,2.15
419500.0,3280500.0,-93.83175,29.65187,182,103.69,342.07
420500.0,3278500.0,-93.82127,29.63389,182,119.41,28.41
371500.0,3277500.0,-94.32725,29.62077,181,25.35,16.72
322500.0,3246500.0,-94.82815,29.3351,179,36.76,705.87
309500.0,3240500.0,-94.96094,29.27907,179,9.13,82.81
399500.0,3293500.0,-94.03957,29.76772,179,37.19,88.31
406500.0,3320500.0,-93.96953,30.0119,178,16.53,25.88
400500.0,3294500.0,-94.02932,29.77682,177,41.59,51.22
399500.0,3326500.0,-94.04267,30.06549,176,145.75,18.85
317500.0,3242500.0,-94.87896,29.2983,175,59.65,103.86
415500.0,3290500.0,-93.87385,29.74185,175,95.82,2.12
384500.0,3284500.0,-94.19375,29.6852,175,24.37,46.17
462500.0,3325500.0,-93.38904,30.06002,174,179.98,445.24
296500.0,3291500.0,-95.10418,29.73702,173,25.33,16.49
342500.0,3242500.0,-94.62166,29.30167,173,151.67,27.54
298500.0,3231500.0,-95.07248,29.19619,172,33.47,80.17
399500.0,3294500.0,-94.03967,29.77674,172,38.22,314.74
417500.0,3316500.0,-93.85517,29.9766,171,124.58,97.84
445500.0,3325500.0,-93.56541,30.05938,170,179.63,116.55
465500.0,3325500.0,-93.35792,30.06011,170,17.54,4.53
345500.0,3242500.0,-94.59078,29.30204,170,178.96,3.27
280500.0,3210500.0,-95.25337,29.0038,170,55.01,1474.47
298500.0,3297500.0,-95.08464,29.79146,169,19.25,1.76
344500.0,3239500.0,-94.60065,29.27485,169,129.51,9.93
437500.0,3325500.0,-93.6484,30.059,169,179.55,1295.86
411500.0,3293500.0,-93.91546,29.76864,169,158.24,319.09
362500.0,3271500.0,-94.41943,29.56567,168,22.93,3.01
468500.0,3322500.0,-93.32671,30.03312,168,92.37,5.63
285500.0,3220500.0,-95.20399,29.09484,168,79.74,56.97
423500.0,3317500.0,-93.79305,29.98601,168,21.17,66.31
270500.0,3207500.0,-95.35534,28.97498,166,137.15,120.3
417500.0,3287500.0,-93.85294,29.71491,165,124.57,873.4
466500.0,3303500.0,-93.34686,29.8616,164,84.99,78.68
316500.0,3249500.0,-94.89042,29.3613,164,22.5,4.38
436500.0,3325500.0,-93.65877,30.05895,164,0.05,1152.13
310500.0,3261500.0,-94.95427,29.46865,164,29.9,3.01
314500.0,3249500.0,-94.91101,29.361,163,169.73,1.51
356500.0,3267500.0,-94.48082,29.5289,162,59.13,3.35
287500.0,3291500.0,-95.19719,29.73551,162,38.58,3.41
282500.0,3213500.0,-95.23343,29.0312,161,69.57,155.44
403500.0,3320500.0,-94.00063,30.01167,160,167.13,5.23
343500.0,3240500.0,-94.61109,29.28375,160,130.57,9.13
421500.0,3275500.0,-93.81072,29.60688,160,112.34,1529.22
311500.0,3261500.0,-94.94396,29.4688,160,154.02,160.73
355500.0,3267500.0,-94.49114,29.52879,158,28.58,21.78
307500.0,3239500.0,-94.98135,29.26975,157,46.94,323.87
466500.0,3325500.0,-93.34755,30.06014,157,43.08,28.22
398500.0,3293500.0,-94.04992,29.76764,157,38.72,70.84
448500.0,3325500.0,-93.53428,30.05951,156,179.98,97.53
385500.0,3284500.0,-94.18341,29.6853,156,7.1,29.34
402500.0,3297500.0,-94.00891,29.80405,156,55.84,32.12
446500.0,3325500.0,-93.55503,30.05943,156,0.89,799.02
303500.0,3270500.0,-95.02804,29.54875,156,1.6,1.26
498500.0,3310500.0,-93.01554,29.92523,156,174.16,35.0
421500.0,3276500.0,-93.81079,29.6159,155,111.16,224.64
515500.0,3314500.0,-92.83935,29.96123,155,19.91,30.84
314500.0,3272500.0,-94.91491,29.56847,154,121.68,15.64
368500.0,3276500.0,-94.35811,29.61143,152,28.61,17.23
416500.0,3314500.0,-93.86538,29.95848,152,88.09,3.52
343500.0,3241500.0,-94.61123,29.29277,152,130.52,2.14
407500.0,3297500.0,-93.95718,29.80444,151,106.17,62.29
474500.0,3324500.0,-93.26453,30.05131,149,74.2,29.19
514500.0,3314500.0,-92.84972,29.96124,149,13.01,15.18
413500.0,3317500.0,-93.89671,29.98535,148,170.16,551.45
478500.0,3319500.0,-93.22293,30.00626,148,101.42,88.06
279500.0,3199500.0,-95.26147,28.90442,148,132.89,7.6
416500.0,3287500.0,-93.86328,29.71484,148,125.3,34.02
310500.0,3241500.0,-94.95083,29.28825,147,8.29,53.92
283500.0,3215500.0,-95.22356,29.04941,147,66.6,433.09
292500.0,3227500.0,-95.13341,29.15914,146,38.89,6.04
307500.0,3278500.0,-94.98819,29.62153,146,163.99,26.43
467500.0,3332500.0,-93.33739,30.12333,145,74.97,253.24
271500.0,3201500.0,-95.34387,28.92105,145,30.62,24.1
455500.0,3325500.0,-93.46166,30.05979,144,1.03,66.92
451500.0,3325500.0,-93.50316,30.05963,144,176.27,18.96
345500.0,3263500.0,-94.59374,29.4915,143,22.68,29.19
426500.0,3319500.0,-93.76209,30.00424,143,53.15,761.1
443500.0,3325500.0,-93.58615,30.05929,143,179.65,86.25
430500.0,3325500.0,-93.72101,30.05862,143,16.47,54.5
416500.0,3290500.0,-93.86351,29.74191,143,97.49,2.41
294500.0,3229500.0,-95.11323,29.17751,142,12.69,225.22
377500.0,3280500.0,-94.26563,29.64844,141,26.51,110.87
272500.0,3201500.0,-95.33362,28.92123,140,22.24,2.73
319500.0,3251500.0,-94.85985,29.37977,140,161.38,30.53
428500.0,3322500.0,-93.74156,30.03143,139,80.61,217.16
316500.0,3269500.0,-94.89377,29.54171,139,121.45,258.57
405500.0,3321500.0,-93.97999,30.02085,139,114.62,5.91
473500.0,3326500.0,-93.27495,30.06933,138,121.61,11.24
477500.0,3321500.0,-93.23334,30.02429,138,149.33,3.95
394500.0,3290500.0,-94.09099,29.74023,137,39.09,65.25
350500.0,3264500.0,-94.54231,29.50113,137,21.44,45.29
407500.0,3298500.0,-93.95726,29.81346,137,107.35,540.91
416500.0,3289500.0,-93.86343,29.73289,137,122.63,14.98
418500.0,3315500.0,-93.84473,29.96764,136,21.4,7.95
414500.0,3291500.0,-93.88427,29.7508,136,126.0,95.99
450500.0,3325500.0,-93.51354,30.05959,136,176.62,9.39
466500.0,3293500.0,-93.34655,29.77135,135,106.35,2.23
409500.0,3318500.0,-93.93826,29.99408,134,155.85,31.81
323500.0,3255500.0,-94.8193,29.41643,134,113.49,496.11
410500.0,3318500.0,-93.92789,29.99416,134,170.08,6.65
469500.0,3337500.0,-93.31677,30.16851,134,85.15,14.78
357500.0,3226500.0,-94.4652,29.15909,134,144.63,7.67
294500.0,3228500.0,-95.11304,29.16849,133,26.51,44.68
336500.0,3258500.0,-94.6858,29.44525,133,41.16,49.45
441500.0,3325500.0,-93.6069,30.0592,132,1.15,57.4
426500.0,3320500.0,-93.76216,30.01327,131,47.36,184.55
423500.0,3273500.0,-93.78993,29.58895,131,165.4,7.54
309500.0,3261500.0,-94.96458,29.4685,130,141.81,6.43
419500.0,3281500.0,-93.83182,29.6609,130,103.5,198.16
468500.0,3327500.0,-93.32686,30.07824,130,85.3,17.69
436500.0,3271500.0,-93.65558,29.57164,130,79.22,31.55
284500.0,3218500.0,-95.21387,29.07663,129,65.3,745.55
355500.0,3266500.0,-94.49101,29.51977,129,21.31,200.14
363500.0,3274500.0,-94.40948,29.59285,129,31.27,10.72
372500.0,3278500.0,-94.31704,29.62989,128,25.84,23.22
304500.0,3270500.0,-95.01773,29.5489,128,175.74,8.71
410500.0,3293500.0,-93.9258,29.76857,128,146.67,4.72
350500.0,3265500.0,-94.54245,29.51016,127,21.35,18.76
411500.0,3317500.0,-93.91744,29.9852,126,167.74,518.31
466500.0,3326500.0,-93.34758,30.06916,126,51.01,15.59
369500.0,3276500.0,-94.34778,29.61153,125,26.41,69.96
466500.0,3304500.0,-93.34689,29.87062,125,87.44,100.23
468500.0,3321500.0,-93.32668,30.02409,125,88.72,162.38
468500.0,3335500.0,-93.3271,30.15043,124,100.51,2.26
475500.0,3342500.0,-93.25457,30.21376,124,119.39,1.9
476500.0,3322500.0,-93.24374,30.0333,122,146.4,63.96
470500.0,3330500.0,-93.30619,30.10536,121,160.24,5.42
401500.0,3295500.0,-94.01907,29.78593,121,39.5,174.99
276500.0,3204500.0,-95.29321,28.94899,120,40.38,36.94
413500.0,3309500.0,-93.89606,29.91316,119,50.85,70.53
298500.0,3230500.0,-95.0723,29.18717,119,36.07,270.09
366500.0,3274500.0,-94.37851,29.59317,119,26.65,12.04
528500.0,3312500.0,-92.70467,29.94295,119,153.15,61.7
331500.0,3246500.0,-94.73549,29.33633,118,179.74,197.97
466500.0,3294500.0,-93.34658,29.78038,118,109.12,7.47
303500.0,3271500.0,-95.02822,29.55777,117,108.78,1.73
422500.0,3274500.0,-93.80032,29.59792,117,123.88,29.11
367500.0,3275500.0,-94.36831,29.6023,116,40.24,7.37
469500.0,3329500.0,-93.31654,30.09631,116,50.6,31.82
390500.0,3286500.0,-94.13195,29.70379,114,37.93,420.77
494500.0,3311500.0,-93.05699,29.93424,113,175.11,1302.72
475500.0,3322500.0,-93.25411,30.03328,112,143.48,76.9
314500.0,3286500.0,-94.9173,29.69475,112,69.6,1.32
380500.0,3282500.0,-94.23486,29.66678,112,22.59,11.34
418500.0,3316500.0,-93.8448,29.97667,111,18.63,6.85
502500.0,3310500.0,-92.9741,29.92522,111,174.9,55.21
449500.0,3325500.0,-93.52391,30.05955,110,179.3,56.57
306500.0,3285500.0,-94.99976,29.68451,110,9.55,1.4
513500.0,3313500.0,-92.86009,29.95223,110,12.64,6.02
456500.0,3325500.0,-93.45129,30.05982,109,177.29,15.84
295500.0,3294500.0,-95.11509,29.76391,109,72.47,1.18
339500.0,3243500.0,-94.65269,29.31031,108,146.69,18.2
313500.0,3291500.0,-94.92849,29.7397,108,74.47,2.31
301500.0,3233500.0,-95.042,29.2147,107,34.49,104.89
340500.0,3245500.0,-94.64268,29.32849,107,147.34,12.96
311500.0,3284500.0,-94.94794,29.67626,106,150.57,464.33
440500.0,3325500.0,-93.61728,30.05915,106,0.32,1268.43
303500.0,3236500.0,-95.02196,29.24207,106,41.95,30.07
348500.0,3235500.0,-94.55894,29.23925,106,121.85,4.84
353500.0,3234500.0,-94.50738,29.23082,106,143.05,32.02
474500.0,3325500.0,-93.26455,30.06033,106,121.15,175.13
341500.0,3242500.0,-94.63195,29.30155,105,154.9,5.18
289500.0,3293500.0,-95.17691,29.75389,105,149.73,6.86
421500.0,3277500.0,-93.81087,29.62493,105,117.21,74.96
305500.0,3285500.0,-95.01009,29.68435,105,143.22,11.11
318500.0,3250500.0,-94.86999,29.37061,105,169.9,4.23
344500.0,3240500.0,-94.60079,29.28388,104,133.85,14.21
292500.0,3228500.0,-95.13359,29.16816,104,92.52,1.88
505500.0,3311500.0,-92.94301,29.93424,104,3.38,36.0
271500.0,3206500.0,-95.34488,28.96614,104,139.66,1371.5
416500.0,3315500.0,-93.86546,29.96751,104,125.61,4.86
374500.0,3279500.0,-94.2965,29.63912,103,26.31,1002.26
416500.0,3311500.0,-93.86514,29.93141,103,52.75,28.64
296500.0,3293500.0,-95.10456,29.75506,103,151.54,10.64
315500.0,3268500.0,-94.90391,29.53254,103,123.6,216.71
270500.0,3200500.0,-95.35391,28.91185,103,35.84,54.63
311500.0,3285500.0,-94.94812,29.68528,102,150.33,485.84
474500.0,3323500.0,-93.2645,30.04228,102,118.36,17.94
436500.0,3248500.0,-93.65425,29.36407,102,93.41,51.46
378500.0,3281500.0,-94.25541,29.65756,101,27.04,97.7
362500.0,3272500.0,-94.41955,29.57469,101,72.44,30.04
415500.0,3317500.0,-93.87598,29.98549,101,169.47,897.49
447500.0,3325500.0,-93.54466,30.05947,101,0.36,69.2
338500.0,3259500.0,-94.66533,29.45453,101,21.66,13.11
278500.0,3293500.0,-95.29059,29.75197,100,134.98,2.51
279500.0,3292500.0,-95.28006,29.74313,100,121.41,134.84
362500.0,3273500.0,-94.41968,29.58371,100,96.38,71.18
308500.0,3278500.0,-94.97787,29.62168,100,166.55,646.39
305500.0,3238500.0,-95.00175,29.26042,100,49.42,1959.48
278500.0,3208500.0,-95.27349,28.98542,99,25.88,21.27
347500.0,3240500.0,-94.56992,29.28424,98,144.76,9.91
292500.0,3229500.0,-95.13378,29.17718,98,104.65,202.51
306500.0,3270500.0,-94.99709,29.54922,98,11.66,2.68
271500.0,3207500.0,-95.34509,28.97516,98,139.75,1600.54
467500.0,3318500.0,-93.33696,29.99699,97,85.15,442.11
468500.0,3295500.0,-93.32592,29.78945,97,108.87,1.34
509500.0,3312500.0,-92.90156,29.94324,97,20.42,177.95
405500.0,3320500.0,-93.9799,30.01183,96,179.79,3.06
468500.0,3332500.0,-93.32701,30.12336,96,78.83,10.16
278500.0,3201500.0,-95.27211,28.92228,96,124.56,14.19
287500.0,3191500.0,-95.17796,28.83361,96,133.12,404.61
278500.0,3198500.0,-95.27152,28.89523,96,104.42,24.94
323500.0,3227500.0,-94.81483,29.16384,96,33.17,878.24
401500.0,3321500.0,-94.02146,30.02053,95,154.98,35.24
468500.0,3323500.0,-93.32674,30.04214,95,88.96,14.67
325500.0,3244500.0,-94.79695,29.31747,94,24.03,1.79
430500.0,3266500.0,-93.71721,29.52619,94,141.37,18.66
473500.0,3327500.0,-93.27498,30.07836,93,143.29,57.03
474500.0,3341500.0,-93.26494,30.20472,93,23.09,18.02
358500.0,3225500.0,-94.4548,29.15018,93,143.1,55.59
411500.0,3307500.0,-93.91661,29.89497,92,49.89,81.17
295500.0,3292500.0,-95.11471,29.74588,92,15.83,4.08
305500.0,3270500.0,-95.00741,29.54906,92,10.68,8.43
468500.0,3330500.0,-93.32695,30.10531,92,121.72,23.24
495500.0,3311500.0,-93.04663,29.93424,92,174.63,45.86
284500.0,3234500.0,-95.21697,29.22094,91,107.63,42.99
312500.0,3260500.0,-94.93348,29.45993,89,155.54,297.88
519500.0,3315500.0,-92.79788,29.9702,89,178.81,131.27
284500.0,3236500.0,-95.21736,29.23898,89,101.95,8.21
291500.0,3226500.0,-95.1435,29.14996,88,34.56,76.06
389500.0,3285500.0,-94.14218,29.69468,88,36.1,62.53
415500.0,3316500.0,-93.8759,29.97646,88,165.1,211.96
532500.0,3311500.0,-92.66325,29.93382,88,158.31,26.23
349500.0,3219500.0,-94.54649,29.09501,88,131.3,13095.92
334500.0,3243500.0,-94.70415,29.30967,88,39.91,751.24
361500.0,3204500.0,-94.42136,28.96103,88,89.04,3332.41
468500.0,3329500.0,-93.32692,30.09629,87,83.28,2.86
431500.0,3325500.0,-93.71064,30.05868,87,2.54,60.36
468500.0,3336500.0,-93.32713,30.15946,87,103.88,1.16
398500.0,3292500.0,-94.04982,29.75861,87,39.58,25.56
382500.0,3283500.0,-94.2143,29.67599,86,22.07,4.38
326500.0,3247500.0,-94.78713,29.34468,86,139.73,27.5
282500.0,3211500.0,-95.23304,29.01316,86,54.49,525.4
472500.0,3340500.0,-93.28569,30.19565,86,29.31,4.14
320500.0,3246500.0,-94.84874,29.33481,85,36.18,23.09
312500.0,3281500.0,-94.93709,29.64935,85,63.31,3.5
279500.0,3291500.0,-95.27985,29.73411,85,109.14,27.02
348500.0,3234500.0,-94.55881,29.23023,85,129.69,14.38
280500.0,3198500.0,-95.25102,28.89557,85,131.83,75.15
319500.0,3243500.0,-94.85854,29.30761,85,119.79,1.51
290500.0,3291500.0,-95.16619,29.73602,85,162.56,2.83
326500.0,3249500.0,-94.78744,29.36272,84,156.71,1.93
312500.0,3282500.0,-94.93727,29.65837,84,96.14,24.91
466500.0,3297500.0,-93.34667,29.80745,84,140.24,9.45
304500.0,3218500.0,-95.00852,29.07987,84,120.78,1096.04
345500.0,3239500.0,-94.59036,29.27498,83,132.94,13.89
522500.0,3315500.0,-92.76678,29.97014,83,69.02,992.7
354500.0,3228500.0,-94.4963,29.1768,82,136.37,15.52
350500.0,3236500.0,-94.53851,29.24851,82,137.17,1026.77
356500.0,3227500.0,-94.47561,29.168,82,139.5,93.74
474500.0,3326500.0,-93.26458,30.06936,82,121.32,275.02
461500.0,3325500.0,-93.39942,30.05999,82,0.5,568.12
471500.0,3328500.0,-93.29576,30.08734,82,166.43,9.29
318500.0,3261500.0,-94.87181,29.46983,81,11.01,204.93
297500.0,3299500.0,-95.09535,29.80934,81,93.21,66.1
512500.0,3313500.0,-92.87046,29.95224,81,16.84,76.91
355500.0,3227500.0,-94.48589,29.16789,80,46.28,182.55
412500.0,3308500.0,-93.90634,29.90406,80,46.81,1957.44
426500.0,3322500.0,-93.7623,30.03131,80,132.07,131.56
467500.0,3309500.0,-93.33669,29.91577,80,85.93,33.87
361500.0,3230500.0,-94.42459,29.19563,80,38.26,1977.89
435500.0,3247500.0,-93.66449,29.35499,80,85.4,80.21
408500.0,3301500.0,-93.94717,29.84061,79,71.26,245.39
338500.0,3247500.0,-94.66356,29.34627,79,98.05,1.65
471500.0,3330500.0,-93.29581,30.10539,79,147.17,3.66
322500.0,3249500.0,-94.82863,29.36216,78,152.15,177.9
283500.0,3195500.0,-95.2197,28.86902,78,42.34,6667.07
345500.0,3240500.0,-94.5905,29.284,77,140.76,13.25
472500.0,3328500.0,-93.28538,30.08736,77,141.66,1747.39
529500.0,3312500.0,-92.69431,29.94292,77,159.5,48.73
419500.0,3284500.0,-93.83204,29.68797,76,105.74,34.49
454500.0,3325500.0,-93.47204,30.05975,76,178.26,18.91
280500.0,3199500.0,-95.25122,28.90459,76,144.73,32.68
309500.0,3260500.0,-94.9644,29.45948,76,161.64,1.68
467500.0,3335500.0,-93.33748,30.15041,76,92.45,19.38
337500.0,3243500.0,-94.67327,29.31006,76,112.86,144.92
520500.0,3315500.0,-92.78751,29.97018,76,171.91,7.09
465500.0,3276500.0,-93.35635,29.6179,76,109.97,12.91
550500.0,3307500.0,-92.47694,29.89712,76,170.27,38.74
436500.0,3270500.0,-93.65553,29.56261,76,77.64,24.64
427500.0,3320500.0,-93.75179,30.01333,75,28.59,207.61
309500.0,3283500.0,-94.96842,29.66693,75,108.67,21.44
351500.0,3235500.0,-94.52808,29.23961,75,136.31,166.91
419500.0,3283500.0,-93.83197,29.67894,75,101.94,2307.56
435500.0,3246500.0,-93.66443,29.34597,75,85.74,56.7
276500.0,3206500.0,-95.29361,28.96703,74,63.31,73.9
452500.0,3325500.0,-93.49279,30.05967,74,179.08,30.66
367500.0,3225500.0,-94.36229,29.15116,74,6.76,292.32
432500.0,3325500.0,-93.70027,30.05873,73,22.51,21.2
500500.0,3310500.0,-92.99482,29.92523,73,174.96,160.57
281500.0,3198500.0,-95.24078,28.89574,73,140.91,8.9
349500.0,3238500.0,-94.54907,29.26644,73,143.04,772.42
350500.0,3202500.0,-94.53395,28.94174,73,92.91,6.16
277500.0,3200500.0,-95.28217,28.91309,72,123.11,24.67
321500.0,3242500.0,-94.8378,29.29887,72,24.6,5.06
348500.0,3219500.0,-94.55676,29.09489,72,166.27,8704.58
354500.0,3229500.0,-94.49644,29.18582,72,135.65,230.4
313500.0,3290500.0,-94.92832,29.73068,72,65.97,4.11
467500.0,3319500.0,-93.33699,30.00602,72,84.92,61.46
433500.0,3325500.0,-93.68989,30.05879,71,178.29,212.34
291500.0,3227500.0,-95.14368,29.15898,71,34.49,41.64
400500.0,3295500.0,-94.02942,29.78585,71,39.62,69.58
306500.0,3278500.0,-94.99852,29.62137,70,171.32,3.19
473500.0,3341500.0,-93.27533,30.2047,70,35.44,1.95
478500.0,3318500.0,-93.22291,29.99724,69,132.55,35.96
285500.0,3193500.0,-95.19883,28.85132,69,127.5,32.31
283500.0,3216500.0,-95.22375,29.05843,69,65.62,277.78
338500.0,3246500.0,-94.66342,29.33725,69,166.51,4.51
474500.0,3343500.0,-93.26499,30.22277,69,147.04,2.14
497500.0,3310500.0,-93.0259,29.92522,69,168.4,10.19
358500.0,3271500.0,-94.46071,29.56522,68,27.02,85.01
411500.0,3305500.0,-93.91645,29.87692,68,52.43,684.75
355500.0,3228500.0,-94.48602,29.17691,68,134.09,87.32
469500.0,3333500.0,-93.31665,30.13241,68,111.38,3.71
321500.0,3225500.0,-94.83506,29.14551,68,9.73,514.94
357500.0,3270500.0,-94.4709,29.55608,67,57.6,19.36
291500.0,3230500.0,-95.14425,29.18603,67,125.08,77.14
538500.0,3309500.0,-92.60116,29.9156,67,161.88,64.17
343500.0,3243500.0,-94.61151,29.31082,67,62.75,19.47
326500.0,3229500.0,-94.7843,29.18229,67,38.88,42.82
354500.0,3234500.0,-94.49709,29.23093,66,137.62,40.97
476500.0,3321500.0,-93.24371,30.02427,66,150.79,98.5
483500.0,3312500.0,-93.17098,29.94317,65,126.06,196.88
467500.0,3317500.0,-93.33693,29.98797,65,86.12,51.34
411500.0,3292500.0,-93.91538,29.75961,65,158.46,106.37
273500.0,3205500.0,-95.32417,28.95748,64,177.73,148.26
343500.0,3239500.0,-94.61094,29.27473,64,128.24,11.15
348500.0,3218500.0,-94.55663,29.08587,64,166.23,202.32
438500.0,3325500.0,-93.63802,30.05905,64,179.85,18.13
439500.0,3325500.0,-93.62765,30.0591,64,179.29,584.03
466500.0,3298500.0,-93.3467,29.81648,64,121.7,7.04
279500.0,3189500.0,-95.25952,28.81423,64,100.86,5814.89
442500.0,3325500.0,-93.59653,30.05924,63,179.65,1247.93
395500.0,3291500.0,-94.08075,29.74934,63,36.66,89.71
319500.0,3197500.0,-94.8511,28.89264,63,32.21,806.52
357500.0,3225500.0,-94.46508,29.15007,63,43.08,272.9
326500.0,3243500.0,-94.7865,29.30859,62,33.5,2.31
427500.0,3321500.0,-93.75186,30.02235,62,26.1,587.17
471500.0,3339500.0,-93.29605,30.1866,62,11.94,4.98
299500.0,3301500.0,-95.07504,29.8277,61,178.41,14.6
307500.0,3270500.0,-94.98678,29.54937,61,160.2,4.42
312500.0,3288500.0,-94.93831,29.71249,61,169.31,2.54
531500.0,3311500.0,-92.67362,29.93385,61,160.49,292.25
408500.0,3296500.0,-93.94674,29.79549,60,112.14,13.25
285500.0,3192500.0,-95.19864,28.8423,60,123.44,59.28
302500.0,3186500.0,-95.02344,28.7909,60,30.36,1660.96
362500.0,3274500.0,-94.41981,29.59274,60,77.43,16.72
342500.0,3244500.0,-94.62195,29.31972,60,100.12,3.8
421500.0,3278500.0,-93.81094,29.63395,60,128.93,587.45
351500.0,3233500.0,-94.52782,29.22156,60,135.54,120.91
477500.0,3320500.0,-93.23332,30.01527,59,99.95,246.57
347500.0,3238500.0,-94.56965,29.2662,59,144.61,13.22
345500.0,3238500.0,-94.59022,29.26595,59,136.14,12.25
459500.0,3325500.0,-93.42017,30.05993,59,90.13,1645.55
357500.0,3268500.0,-94.47064,29.53804,59,58.29,23.37
400500.0,3325500.0,-94.03221,30.05655,59,133.07,7.28
335500.0,3257500.0,-94.69595,29.4361,58,42.2,46.71
472500.0,3327500.0,-93.28535,30.07834,58,146.07,54.52
331500.0,3285500.0,-94.7415,29.68816,58,7.76,1418.27
475500.0,3343500.0,-93.25459,30.22279,58,169.04,1.33
521500.0,3315500.0,-92.77715,29.97016,58,159.58,28.23
319500.0,3242500.0,-94.85838,29.29859,58,164.23,1.81
342500.0,3233500.0,-94.62038,29.22047,58,80.13,1.83
304500.0,3237500.0,-95.01186,29.25125,57,46.72,319.63
347500.0,3236500.0,-94.56937,29.24815,57,162.75,28.82
290500.0,3231500.0,-95.15471,29.19489,57,137.43,47.91
497500.0,3311500.0,-93.0259,29.93425,57,174.93,15.19
432500.0,3264500.0,-93.69644,29.50825,57,133.47,15.87
458500.0,3325500.0,-93.43054,30.05989,56,179.1,8.8
283500.0,3214500.0,-95.22336,29.04039,56,68.3,387.99
336500.0,3244500.0,-94.68371,29.31895,56,84.65,7.46
321500.0,3254500.0,-94.83974,29.40712,56,116.98,79.53
317500.0,3261500.0,-94.88211,29.46969,56,13.34,412.55
295500.0,3293500.0,-95.1149,29.7549,56,155.03,4.57
302500.0,3270500.0,-95.03836,29.54859,56,138.12,3.74
332500.0,3284500.0,-94.73102,29.67927,56,27.09,77.48
429500.0,3325500.0,-93.73139,30.05856,56,132.05,80.57
407500.0,3296500.0,-93.95709,29.79542,55,119.06,4.08
424500.0,3272500.0,-93.77953,29.57999,55,134.93,507.32
406500.0,3300500.0,-93.96778,29.83143,55,135.38,28.24
318500.0,3266500.0,-94.87264,29.51494,55,122.58,155.42
297500.0,3298500.0,-95.09516,29.80032,55,3.4,317.03
537500.0,3309500.0,-92.61152,29.91563,55,160.72,925.75
535500.0,3310500.0,-92.6322,29.92471,55,130.07,2.46
339500.0,3238500.0,-94.65196,29.26521,55,109.33,32.35
552500.0,3307500.0,-92.45623,29.89703,55,170.41,28.56
390500.0,3287500.0,-94.13205,29.71282,55,38.36,441.1
277500.0,3293500.0,-95.30093,29.75179,54,26.58,1.41
408500.0,3295500.0,-93.94666,29.78647,54,112.17,145.85
348500.0,3239500.0,-94.55949,29.27534,54,143.02,255.01
400500.0,3321500.0,-94.03183,30.02045,53,133.94,114.71
412500.0,3318500.0,-93.90716,29.9943,53,125.71,13.37
484500.0,3312500.0,-93.16062,29.94318,53,129.75,267.07
279500.0,3290500.0,-95.27965,29.72509,52,143.91,4.47
312500.0,3283500.0,-94.93744,29.66739,52,79.77,5.8
373500.0,3278500.0,-94.30671,29.62999,52,25.42,22.78
530500.0,3312500.0,-92.68395,29.9429,52,160.94,1342.72
528500.0,3313500.0,-92.70465,29.95197,52,148.74,113.58
315500.0,3260500.0,-94.90256,29.46038,52,14.26,95.71
496500.0,3311500.0,-93.03627,29.93425,52,175.24,184.69
319500.0,3224500.0,-94.85545,29.13621,52,14.38,132.69
366500.0,3224500.0,-94.37245,29.14203,52,121.27,3475.73
322500.0,3243500.0,-94.82767,29.30803,51,39.85,33.19
349500.0,3234500.0,-94.54852,29.23035,51,134.3,96.93
392500.0,3288500.0,-94.11147,29.72201,51,37.46,15.34
339500.0,3233500.0,-94.65123,29.2201,50,107.04,48.93
414500.0,3290500.0,-93.88419,29.74178,50,123.01,183.55
340500.0,3231500.0,-94.64066,29.20218,50,142.07,3.28
350500.0,3237500.0,-94.53864,29.25753,50,139.5,551.49
279500.0,3198500.0,-95.26127,28.8954,50,124.09,59.74
361500.0,3205500.0,-94.42148,28.97005,50,179.27,9203.38
346500.0,3242500.0,-94.58049,29.30217,50,2.22,7.47
426500.0,3321500.0,-93.76223,30.02229,49,127.24,1091.15
284500.0,3194500.0,-95.20927,28.86017,49,130.52,78.76
387500.0,3285500.0,-94.16285,29.6945,49,31.16,6.44
453500.0,3325500.0,-93.48241,30.05971,49,178.8,68.25
481500.0,3315500.0,-93.19176,29.97021,48,134.18,693.58
317500.0,3260500.0,-94.88195,29.46067,48,13.31,160.58
319500.0,3250500.0,-94.85969,29.37075,48,164.54,258.81
434500.0,3255500.0,-93.67527,29.42714,48,57.81,12.84
350500.0,3218500.0,-94.53609,29.08611,48,131.98,5219.57
341500.0,3257500.0,-94.63411,29.43687,48,42.1,15.17
293500.0,3290500.0,-95.13499,29.72751,47,164.12,2.19
346500.0,3238500.0,-94.57993,29.26608,47,140.86,16.67
330500.0,3248500.0,-94.74609,29.35424,47,130.63,1.91
301500.0,3288500.0,-95.05196,29.71078,47,134.03,4.73
339500.0,3246500.0,-94.65312,29.33738,47,160.62,10.77
313500.0,3287500.0,-94.9278,29.70362,47,12.86,7.61
431500.0,3265500.0,-93.70682,29.51722,47,141.15,12.14
504500.0,3310500.0,-92.95338,29.92522,46,23.83,8.54
435500.0,3257500.0,-93.66508,29.44524,46,90.48,1395.95
308500.0,3261500.0,-94.97489,29.46834,46,121.98,8.26
398500.0,3326500.0,-94.05305,30.0654,46,121.86,3.38
350500.0,3201500.0,-94.53382,28.93272,46,101.72,6.78
346500.0,3239500.0,-94.58007,29.2751,45,140.6,44.19
278500.0,3292500.0,-95.29039,29.74295,45,115.08,31.96
379500.0,3281500.0,-94.24508,29.65766,45,19.78,30.26
321500.0,3243500.0,-94.83796,29.30789,45,162.93,1.39
435500.0,3258500.0,-93.66514,29.45426,45,89.35,941.44
346500.0,3236500.0,-94.57966,29.24803,45,161.27,4.98
301500.0,3270500.0,-95.04867,29.54843,44,124.97,1.64
343500.0,3234500.0,-94.61024,29.22962,44,117.08,7.45
349500.0,3218500.0,-94.54636,29.08599,44,157.35,10.55
314500.0,3285500.0,-94.91713,29.68573,44,77.38,4.2
311500.0,3281500.0,-94.94742,29.6492,44,16.45,84.57
279500.0,3188500.0,-95.25932,28.80521,44,10.94,28819.82
378500.0,3217500.0,-94.24834,29.08007,44,50.26,240634.1
362500.0,3215500.0,-94.41245,29.06039,44,0.5,50073.78
471500.0,3341500.0,-93.29611,30.20465,44,137.85,8.58
492500.0,3311500.0,-93.07771,29.93423,43,161.32,16.88
408500.0,3294500.0,-93.94657,29.77744,43,122.8,141.28
363500.0,3273500.0,-94.40936,29.58382,43,89.76,32.72
355500.0,3234500.0,-94.4868,29.23105,43,135.78,21.22
475500.0,3323500.0,-93.25413,30.0423,42,129.14,16.35
533500.0,3311500.0,-92.65289,29.9338,42,159.73,13.74
339500.0,3247500.0,-94.65327,29.3464,42,5.4,11.87
313500.0,3271500.0,-94.92505,29.5593,42,121.5,214.22
311500.0,3260500.0,-94.94379,29.45978,42,151.97,102.89
467500.0,3323500.0,-93.33711,30.04212,42,142.23,2.9
434500.0,3250500.0,-93.67497,29.38201,41,176.31,2830.56
534500.0,3310500.0,-92.64256,29.92474,41,160.84,1330.81
527500.0,3313500.0,-92.71501,29.95199,41,149.0,1731.26
381500.0,3282500.0,-94.22453,29.66687,41,24.7,22.57
320500.0,3242500.0,-94.84809,29.29873,41,162.27,7.45
466500.0,3295500.0,-93.34661,29.7894,41,109.29,9.07
434500.0,3223500.0,-93.67338,29.13834,41,0.66,40793.31
324500.0,3253500.0,-94.80867,29.39852,40,116.02,124.5
467500.0,3326500.0,-93.3372,30.06919,40,42.41,7.6
316500.0,3195500.0,-94.88153,28.87417,40,32.22,2897.68
329500.0,3239500.0,-94.755,29.27292,40,114.66,414.56
429500.0,3323500.0,-93.73125,30.04052,40,44.17,10.07
353500.0,3230500.0,-94.50685,29.19473,40,136.19,228.91
285500.0,3233500.0,-95.20649,29.21209,40,145.74,26.32
322500.0,3252500.0,-94.82912,29.38922,40,124.31,18.67
298500.0,3300500.0,-95.0852,29.81852,40,140.03,202.78
323500.0,3215500.0,-94.81293,29.05558,40,111.83,1348.34
324500.0,3227500.0,-94.80455,29.16398,40,34.21,612.19
434500.0,3247500.0,-93.6748,29.35494,40,94.22,58.3
462500.0,3321500.0,-93.3889,30.02392,40,74.18,41.56
362500.0,3214500.0,-94.41233,29.05137,40,0.32,26990.54
362500.0,3221500.0,-94.41319,29.11453,40,175.77,4105.72
339500.0,3232500.0,-94.65109,29.21107,40,47.62,48.49
333500.0,3257500.0,-94.71656,29.43584,39,42.98,38.21
312500.0,3280500.0,-94.93692,29.64033,39,146.17,11.38
418500.0,3284500.0,-93.84238,29.6879,39,121.32,123.36
350500.0,3235500.0,-94.53837,29.23949,39,129.36,159.66
337500.0,3281500.0,-94.67891,29.65287,39,104.84,27.55
395500.0,3327500.0,-94.08426,30.07417,39,119.67,4.36
303500.0,3277500.0,-95.0293,29.61188,39,119.16,4.66
370500.0,3246500.0,-94.33391,29.34095,39,101.95,28710.95
358500.0,3230500.0,-94.45543,29.1953,38,144.04,79.04
354500.0,3230500.0,-94.49657,29.19484,38,132.37,188.07
354500.0,3233500.0,-94.49696,29.22191,38,147.18,39.47
347500.0,3239500.0,-94.56978,29.27522,38,143.52,11.16
430500.0,3326500.0,-93.72108,30.06764,38,127.46,2.77
433500.0,3263500.0,-93.68607,29.49928,38,125.09,17.85
491500.0,3311500.0,-93.08807,29.93422,37,172.28,17.27
409500.0,3294500.0,-93.93623,29.77752,37,145.55,11.66
340500.0,3241500.0,-94.6421,29.2924,37,116.57,1.27
298500.0,3301500.0,-95.08538,29.82754,37,169.04,114.15
336500.0,3238500.0,-94.68283,29.26482,37,18.36,3.38
351500.0,3239500.0,-94.52862,29.2757,37,151.18,4.96
312500.0,3290500.0,-94.93865,29.73053,37,47.06,18.08
394500.0,3289500.0,-94.0909,29.73121,36,38.47,10.3
351500.0,3236500.0,-94.52822,29.24863,36,138.51,995.85
286500.0,3191500.0,-95.18821,28.83345,36,139.49,304.61
352500.0,3235500.0,-94.5178,29.23972,36,141.81,36.8
467500.0,3294500.0,-93.33623,29.7804,36,150.53,2.53
469500.0,3330500.0,-93.31657,30.10534,36,9.4,5.98
422500.0,3273500.0,-93.80025,29.58889,36,150.85,49.21
375500.0,3216500.0,-94.27905,29.07076,36,168.96,29.22
377500.0,3217500.0,-94.25862,29.07997,36,112.04,35.65
404500.0,3299500.0,-93.98839,29.82226,36,114.55,567.01
434500.0,3251500.0,-93.67503,29.39104,35,178.55,978.75
467500.0,3330500.0,-93.33733,30.10529,35,123.27,93.03
501500.0,3310500.0,-92.98446,29.92523,35,174.84,16.03
405500.0,3298500.0,-93.97796,29.81331,35,17.02,81.62
342500.0,3237500.0,-94.62095,29.25656,35,134.88,10.71
419500.0,3282500.0,-93.8319,29.66992,35,102.2,478.37
472500.0,3330500.0,-93.28543,30.10541,35,152.4,5.13
320500.0,3243500.0,-94.84825,29.30775,35,7.5,84.88
536500.0,3310500.0,-92.62184,29.92469,35,161.56,133.91
277500.0,3202500.0,-95.28256,28.93113,35,133.77,264.26
288500.0,3232500.0,-95.17546,29.20357,35,159.79,45.62
467500.0,3286500.0,-93.33599,29.7082,35,3.12,375.15
315500.0,3240500.0,-94.89921,29.27997,34,170.99,6.75
353500.0,3229500.0,-94.50672,29.18571,34,139.23,130.79
338500.0,3243500.0,-94.66298,29.31019,34,115.61,2.29
353500.0,3235500.0,-94.50751,29.23984,34,141.04,1324.78
355500.0,3233500.0,-94.48667,29.22203,34,133.28,13.6
349500.0,3235500.0,-94.54866,29.23937,34,131.51,74.11
404500.0,3300500.0,-93.98848,29.83128,34,87.53,4.22
434500.0,3325500.0,-93.67952,30.05884,34,91.14,4692.8
349500.0,3229500.0,-94.54784,29.18524,34,135.92,1300.41
313500.0,3249500.0,-94.92131,29.36086,34,101.56,18.21
484500.0,3311500.0,-93.1606,29.93415,34,57.41,207.87
346500.0,3237500.0,-94.5798,29.25705,33,139.04,321.66
336500.0,3247500.0,-94.68416,29.34602,33,173.63,10.33
467500.0,3328500.0,-93.33726,30.08724,33,34.78,31.3
338500.0,3233500.0,-94.66152,29.21997,33,102.96,10.58
361500.0,3203500.0,-94.42124,28.95201,33,91.66,5.11
542500.0,3308500.0,-92.55976,29.90644,33,170.31,384.34
319500.0,3240500.0,-94.85805,29.28055,33,145.9,6.72
354500.0,3243500.0,-94.49828,29.31214,32,137.43,489.53
473500.0,3342500.0,-93.27535,30.21372,32,5.89,687.12
284500.0,3193500.0,-95.20907,28.85115,32,128.5,35.82
346500.0,3235500.0,-94.57952,29.23901,32,36.85,770.83
340500.0,3247500.0,-94.64297,29.34653,32,91.27,3330.43
270500.0,3201500.0,-95.35412,28.92087,32,38.02,6.63
541500.0,3308500.0,-92.57012,29.90648,32,170.0,56.1
511500.0,3313500.0,-92.88082,29.95225,32,18.41,271.68
351500.0,3238500.0,-94.52849,29.26667,32,174.75,2.14
314500.0,3260500.0,-94.91287,29.46023,32,12.79,176.17
289500.0,3231500.0,-95.16499,29.19472,32,173.79,518.45
339500.0,3237500.0,-94.65181,29.25618,32,167.94,1.59
474500.0,3342500.0,-93.26496,30.21374,32,64.46,3.17
459500.0,3280500.0,-93.41847,29.65382,32,18.47,698.95
352500.0,3232500.0,-94.5174,29.21266,32,46.44,5185.13
361500.0,3216500.0,-94.42284,29.06931,32,0.72,12675.93
396500.0,3327500.0,-94.07389,30.07426,32,6.89,21.37
439500.0,3286500.0,-93.62545,29.70715,32,86.36,175.72
378500.0,3216500.0,-94.24824,29.07105,32,170.44,6.58
366500.0,3275500.0,-94.37864,29.60219,31,34.57,8.18
400500.0,3324500.0,-94.03211,30.04752,31,81.37,44.17
297500.0,3302500.0,-95.09592,29.83639,31,54.88,557.22
400500.0,3326500.0,-94.0323,30.06557,31,151.3,1034.02
348500.0,3241500.0,-94.55977,29.29338,31,56.09,5.58
468500.0,3296500.0,-93.32594,29.79848,31,113.78,1.79
435500.0,3245500.0,-93.66438,29.33694,31,90.35,79.55
363500.0,3245500.0,-94.40587,29.33119,31,125.3,514.51
342500.0,3241500.0,-94.62152,29.29265,30,139.33,63.53
302500.0,3271500.0,-95.03854,29.55761,30,62.44,189.8
352500.0,3231500.0,-94.51726,29.20363,30,133.3,154.88
343500.0,3261500.0,-94.61407,29.47321,30,22.17,14.74
318500.0,3196500.0,-94.86119,28.88347,30,122.7,66188.92
348500.0,3263500.0,-94.5628,29.49187,30,24.05,14.42
332500.0,3283500.0,-94.73086,29.67025,30,10.84,687.68
359500.0,3225500.0,-94.44452,29.15029,30,65.04,2898.64
335500.0,3217500.0,-94.69001,29.07523,30,166.19,179.31
277500.0,3198500.0,-95.28177,28.89505,30,89.92,82.25
467500.0,3308500.0,-93.33665,29.90675,30,85.76,170.22
312500.0,3289500.0,-94.93848,29.72151,30,102.88,6.47
435500.0,3248500.0,-93.66455,29.36402,30,79.92,1334.52
354500.0,3227500.0,-94.49617,29.16778,29,177.79,54.73
478500.0,3263500.0,-93.22182,29.50087,29,0.24,46339.94
339500.0,3231500.0,-94.65095,29.20205,29,152.87,6.35
424500.0,3277500.0,-93.77988,29.62511,29,156.41,131.57
321500.0,3198500.0,-94.83076,28.90194,29,31.16,3475.84
359500.0,3231500.0,-94.44528,29.20443,29,161.7,34.8
338500.0,3242500.0,-94.66283,29.30117,29,110.66,38.13
437500.0,3255500.0,-93.64435,29.42729,29,93.57,12.9
402500.0,3321500.0,-94.01109,30.02061,28,160.84,185.89
340500.0,3242500.0,-94.64225,29.30142,28,144.79,42.49
406500.0,3302500.0,-93.96796,29.84948,28,124.54,5.22
490500.0,3311500.0,-93.09843,29.93422,28,84.74,662.73
460500.0,3325500.0,-93.40979,30.05996,28,0.06,195.64
338500.0,3234500.0,-94.66167,29.22899,28,103.2,51.85
298500.0,3176500.0,-95.06262,28.70008,28,132.29,2403.32
291500.0,3229500.0,-95.14406,29.17701,28,122.65,171.61
312500.0,3228500.0,-94.92805,29.17128,28,115.72,298.44
417500.0,3313500.0,-93.85494,29.94953,28,69.81,27.45
518500.0,3315500.0,-92.80824,29.97021,28,131.1,2.08
331500.0,3286500.0,-94.74166,29.69718,28,8.26,4473.2
350500.0,3247500.0,-94.53999,29.34776,28,155.03,9.1
279500.0,3196500.0,-95.26088,28.87736,28,125.04,5768.46
279500.0,3197500.0,-95.26108,28.88638,28,119.57,69.81
324500.0,3225500.0,-94.80423,29.14593,28,130.46,3471.76
393500.0,3266500.0,-94.09898,29.52359,28,117.73,1642.96
461500.0,3276500.0,-93.39766,29.61778,28,166.42,1894.22
457500.0,3289500.0,-93.43949,29.73498,28,96.3,7154.31
338500.0,3195500.0,-94.65603,28.87713,28,1.35,17660.72
321500.0,3253500.0,-94.83958,29.3981,28,123.84,169.37
376500.0,3217500.0,-94.26889,29.07988,28,145.37,9394.88
478500.0,3207500.0,-93.22073,28.99544,28,171.15,12035.88
478500.0,3208500.0,-93.22075,29.00446,28,170.88,31316.36
348500.0,3243500.0,-94.56004,29.31143,27,23.95,52.71
362500.0,3224500.0,-94.41356,29.1416,27,167.36,210.62
375500.0,3279500.0,-94.28617,29.63922,27,24.17,10.7
544500.0,3308500.0,-92.53904,29.90637,27,170.65,3359.18
362500.0,3187500.0,-94.40903,28.80774,27,178.66,16003.83
355500.0,3232500.0,-94.48654,29.213,27,138.68,3956.69
307500.0,3226500.0,-94.97909,29.15249,27,40.24,139.45
543500.0,3308500.0,-92.5494,29.90641,27,170.43,4581.15
403500.0,3257500.0,-93.99501,29.44318,27,37.67,1397.89
499500.0,3310500.0,-93.00518,29.92523,27,174.37,284.06
436500.0,3249500.0,-93.65431,29.37309,27,116.47,44.36
349500.0,3239500.0,-94.5492,29.27546,27,165.6,3.96
398500.0,3327500.0,-94.05314,30.07443,27,149.77,5.32
466500.0,3296500.0,-93.34664,29.79843,27,92.81,365.0
413500.0,3291500.0,-93.89461,29.75073,27,93.18,12.52
553500.0,3306500.0,-92.44592,29.88797,27,169.81,363.13
338500.0,3216500.0,-94.65905,29.0666,27,159.24,746.76
442500.0,3291500.0,-93.5947,29.75242,27,134.8,3.32
376500.0,3216500.0,-94.26878,29.07085,27,54.76,19097.54
426500.0,3271500.0,-93.75882,29.57109,27,127.28,21.0
353500.0,3231500.0,-94.50698,29.20375,26,136.32,223.09
296500.0,3182500.0,-95.08416,28.75389,26,172.2,4300.2
420500.0,3280500.0,-93.82142,29.65194,26,18.74,1841.05
286500.0,3233500.0,-95.19621,29.21226,26,158.24,84.14
321500.0,3252500.0,-94.83942,29.38908,26,36.42,1.75
488500.0,3311500.0,-93.11916,29.9342,26,12.7,55.62
286500.0,3292500.0,-95.20772,29.74436,25,160.59,9.34
410500.0,3317500.0,-93.92781,29.98513,25,158.47,17.08
506500.0,3311500.0,-92.93265,29.93423,25,19.89,97.94
356500.0,3228500.0,-94.47574,29.17703,25,135.36,109.18
516500.0,3314500.0,-92.82899,29.96122,25,13.93,13.82
350500.0,3239500.0,-94.53891,29.27558,25,11.96,1.98
336500.0,3217500.0,-94.67974,29.07536,25,131.45,10.86
361500.0,3224500.0,-94.42384,29.14149,25,177.13,13.47
336500.0,3236500.0,-94.68253,29.24678,25,84.5,578.64
433500.0,3254500.0,-93.68552,29.41806,25,21.68,552.21
467500.0,3316500.0,-93.3369,29.97894,25,171.98,17047.21
505500.0,3310500.0,-92.94302,29.92522,25,178.05,127.19
349500.0,3228500.0,-94.54771,29.17621,25,95.74,745.89
355500.0,3229500.0,-94.48615,29.18594,25,112.12,25.89
435500.0,3325500.0,-93.66914,30.05889,24,179.44,2203.74
478500.0,3262500.0,-93.2218,29.49184,24,91.49,4016.14
477500.0,3345500.0,-93.23385,30.24088,24,25.83,7.67
362500.0,3226500.0,-94.41381,29.15965,24,5.35,1563.54
339500.0,3226500.0,-94.65022,29.15694,24,97.04,5.37
315500.0,3229500.0,-94.89738,29.18074,24,127.46,408.41
314500.0,3293500.0,-94.9185,29.75789,24,116.95,1.44
345500.0,3237500.0,-94.59008,29.25693,24,137.98,360.27
280500.0,3197500.0,-95.25083,28.88655,24,107.67,12.68
317500.0,3196500.0,-94.87144,28.88333,24,31.65,12499.56
510500.0,3312500.0,-92.89119,29.94323,24,108.29,527.07
270500.0,3205500.0,-95.35493,28.95695,24,3.07,2.17
313500.0,3286500.0,-94.92763,29.6946,24,22.09,4.15
485500.0,3311500.0,-93.15024,29.93417,24,154.22,10.0
342500.0,3240500.0,-94.62138,29.28363,24,161.34,6.35
305500.0,3218500.0,-94.99825,29.08002,24,120.68,2180.62
327500.0,3229500.0,-94.77402,29.18243,24,20.06,1730.45
322500.0,3226500.0,-94.82494,29.15468,24,32.05,7977.04
392500.0,3266500.0,-94.1093,29.5235,24,115.34,3609.66
431500.0,3247500.0,-93.7057,29.35478,24,145.04,1246.02
436500.0,3256500.0,-93.65471,29.43627,24,29.21,1115.44
446500.0,3282500.0,-93.55289,29.67138,24,72.52,868.79
421500.0,3316500.0,-93.81371,29.97686,24,14.18,24.58
482500.0,3290500.0,-93.18098,29.74461,24,82.56,2003.44
363500.0,3185500.0,-94.39854,28.7898,24,90.69,58919.2
366500.0,3226500.0,-94.37269,29.16007,24,58.47,178803.03
425500.0,3183500.0,-93.76324,28.77683,24,55.72,54037.2
332500.0,3235500.0,-94.72353,29.23723,24,104.72,1449.63
319500.0,3241500.0,-94.85822,29.28957,24,23.34,124.69
377500.0,3215500.0,-94.2584,29.06193,24,62.03,51003.83
437500.0,3218500.0,-93.64226,29.09336,24,81.68,6336.76
478500.0,3206500.0,-93.22071,28.98641,24,171.04,5936.25
468500.0,3320500.0,-93.32665,30.01507,24,89.05,9.5
479500.0,3317500.0,-93.21253,29.98823,23,133.64,177.01
371500.0,3278500.0,-94.32737,29.62979,23,27.92,1513.16
469500.0,3336500.0,-93.31674,30.15948,23,74.94,5.45
308500.0,3269500.0,-94.97629,29.5405,23,101.72,14.82
383500.0,3284500.0,-94.20408,29.68511,23,22.4,13.38
333500.0,3280500.0,-94.72007,29.64332,23,109.06,2203.25
331500.0,3204500.0,-94.72913,28.95743,23,36.08,15.77
342500.0,3232500.0,-94.62024,29.21145,23,73.5,21.89
276500.0,3203500.0,-95.29301,28.93997,23,131.11,224.93
345500.0,3225500.0,-94.58841,29.14867,23,110.57,2267.18
418500.0,3286500.0,-93.84253,29.70595,23,123.84,573.25
399500.0,3323500.0,-94.04239,30.03842,23,143.98,3.73
457500.0,3325500.0,-93.44092,30.05986,23,179.2,419.33
374500.0,3217500.0,-94.28943,29.07968,23,112.08,15.49
442500.0,3290500.0,-93.59465,29.74339,23,88.24,2.32
319500.0,3278500.0,-94.86431,29.62333,23,169.06,27.46
504500.0,3311500.0,-92.95337,29.93424,22,3.16,14.4
281500.0,3199500.0,-95.24097,28.90476,22,151.77,112.91
312500.0,3218500.0,-94.92637,29.08107,22,47.63,25.74
303500.0,3186500.0,-95.0132,28.79106,22,31.57,3740.64
359500.0,3230500.0,-94.44515,29.19541,22,141.55,972.76
420500.0,3277500.0,-93.8212,29.62486,22,110.67,557.16
344500.0,3238500.0,-94.60051,29.26583,22,140.16,4.77
425500.0,3270500.0,-93.76907,29.562,22,112.69,3.24
353500.0,3225500.0,-94.50619,29.14962,22,32.77,206.77
361500.0,3215500.0,-94.42272,29.06028,22,1.84,15073.6
361500.0,3206500.0,-94.42161,28.97908,22,89.31,2664.09
340500.0,3230500.0,-94.64052,29.19316,22,126.15,74.27
342500.0,3226500.0,-94.61939,29.15732,22,166.77,9.68
369500.0,3246500.0,-94.34421,29.34085,22,102.24,24423.54
343500.0,3245500.0,-94.61179,29.32886,22,1.96,21.83
352500.0,3266500.0,-94.52195,29.51942,21,22.04,13.83
434500.0,3222500.0,-93.67332,29.12931,21,8.08,2058.73
483500.0,3313500.0,-93.171,29.95219,21,127.17,285.6
423500.0,3272500.0,-93.78986,29.57993,21,134.72,298.45
343500.0,3236500.0,-94.61052,29.24766,21,30.61,2.6
349500.0,3240500.0,-94.54934,29.28448,21,86.25,315.06
357500.0,3227500.0,-94.46533,29.16812,21,133.79,73.19
302500.0,3269500.0,-95.03818,29.53957,21,135.6,3.14
480500.0,3316500.0,-93.20214,29.97922,21,132.51,696.66
391500.0,3287500.0,-94.12171,29.7129,21,37.44,653.06
348500.0,3236500.0,-94.55908,29.24827,21,41.41,7868.23
471500.0,3340500.0,-93.29608,30.19563,21,37.59,412.94
352500.0,3237500.0,-94.51806,29.25777,21,130.27,70.17
467500.0,3313500.0,-93.33681,29.95187,21,175.49,6172.37
367500.0,3241500.0,-94.3642,29.29553,21,86.41,183248.54
311500.0,3217500.0,-94.93647,29.0719,20,47.91,9.92
362500.0,3227500.0,-94.41393,29.16867,20,30.46,428.68
351500.0,3231500.0,-94.52755,29.20352,20,42.87,9718.53
341500.0,3239500.0,-94.63152,29.27448,20,50.72,1468.56
339500.0,3195500.0,-94.64578,28.87725,20,39.86,3655.35
306500.0,3224500.0,-94.98902,29.13429,20,139.68,13163.95
337500.0,3247500.0,-94.67386,29.34614,20,97.75,1094.74
325500.0,3238500.0,-94.796,29.26335,20,108.77,12815.05
301500.0,3186500.0,-95.03368,28.79075,20,28.71,389.66
309500.0,3187500.0,-94.95192,28.80098,20,39.79,2280.01
299500.0,3184500.0,-95.0538,28.7724,20,31.98,9525.48
321500.0,3255500.0,-94.8399,29.41614,20,113.62,511.11
350500.0,3234500.0,-94.53824,29.23047,20,134.53,190.56
435500.0,3259500.0,-93.6652,29.46329,20,88.58,43239.11
357500.0,3230500.0,-94.46572,29.19519,20,139.75,1158.67
423500.0,3277500.0,-93.79021,29.62505,20,160.22,24.42
311500.0,3277500.0,-94.94673,29.61312,20,120.59,107.12
360500.0,3221500.0,-94.43374,29.11431,20,21.33,624.43
317500.0,3279500.0,-94.88513,29.63206,20,75.36,521.13
336500.0,3235500.0,-94.68238,29.23776,20,84.34,738.69
305500.0,3219500.0,-94.99842,29.08904,20,119.75,11313.09
434500.0,3252500.0,-93.67509,29.40006,20,177.0,8415.62
434500.0,3248500.0,-93.67485,29.36396,20,179.84,17654.22
431500.0,3273500.0,-93.70733,29.58942,20,60.68,177.7
459500.0,3276500.0,-93.41832,29.61772,20,107.4,87.33
362500.0,3213500.0,-94.41221,29.04235,20,91.24,35347.06
361500.0,3217500.0,-94.42297,29.07833,20,1.15,35778.16
423500.0,3266500.0,-93.78944,29.52578,20,124.31,809.33
472500.0,3341500.0,-93.28572,30.20468,20,86.87,142.77
399500.0,3327500.0,-94.04277,30.07451,20,128.53,2.59
467500.0,3320500.0,-93.33702,30.01504,20,85.72,67.79
346500.0,3225500.0,-94.57814,29.14879,20,35.22,3.37
314500.0,3280500.0,-94.91627,29.64063,20,174.74,57.93
287500.0,3224500.0,-95.18421,29.13125,19,46.76,683.08
307500.0,3271500.0,-94.98696,29.55839,19,38.5,5.7
425500.0,3271500.0,-93.76914,29.57103,19,134.59,1829.33
279500.0,3200500.0,-95.26166,28.91344,19,144.89,37.88
343500.0,3233500.0,-94.6101,29.2206,19,124.1,8.09
344500.0,3237500.0,-94.60037,29.25681,19,51.5,3.98
352500.0,3234500.0,-94.51766,29.2307,19,138.63,11.74
329500.0,3248500.0,-94.75639,29.35411,19,156.41,2.07
531500.0,3312500.0,-92.67359,29.94287,19,162.08,1347.17
332500.0,3279500.0,-94.73025,29.63417,19,135.77,358.75
299500.0,3270500.0,-95.0693,29.54811,19,139.25,5.68
276500.0,3201500.0,-95.29261,28.92194,19,93.39,145.02
293500.0,3201500.0,-95.11833,28.92479,19,44.06,200.81
276500.0,3293500.0,-95.31126,29.75161,19,87.56,117.16
353500.0,3236500.0,-94.50764,29.24886,19,46.88,14275.8
547500.0,3307500.0,-92.50801,29.89724,19,170.52,653.25
363500.0,3246500.0,-94.40599,29.34021,19,68.89,41.92
445500.0,3335500.0,-93.56592,30.14962,19,108.06,3136.22
425500.0,3273500.0,-93.76928,29.58908,19,140.26,9723.98
358500.0,3231500.0,-94.45556,29.20432,18,53.72,7745.29
339500.0,3242500.0,-94.65254,29.30129,18,127.07,5.11
359500.0,3203500.0,-94.44176,28.95179,18,153.75,22869.85
297500.0,3183500.0,-95.0741,28.76307,18,32.42,6360.02
341500.0,3245500.0,-94.63239,29.32861,18,176.42,605.68
356500.0,3233500.0,-94.47639,29.22214,18,140.94,134.69
313500.0,3288500.0,-94.92797,29.71264,18,104.93,4.41
347500.0,3231500.0,-94.56868,29.20304,18,11.34,14.51
313500.0,3270500.0,-94.92488,29.55028,18,26.37,13.15
361500.0,3229500.0,-94.42446,29.18661,18,46.09,9070.39
478500.0,3264500.0,-93.22184,29.50989,18,179.75,23105.89
337500.0,3208500.0,-94.66816,28.99429,18,32.1,34828.67
294500.0,3306500.0,-95.12771,29.87197,18,22.63,15766.22
344500.0,3246500.0,-94.60164,29.33801,18,17.52,50.48
353500.0,3240500.0,-94.50817,29.28495,18,154.15,4.65
338500.0,3215500.0,-94.65891,29.05757,18,158.75,20382.05
397500.0,3326500.0,-94.06342,30.06532,18,96.99,1613.26
433500.0,3267500.0,-93.68631,29.53538,18,86.34,6468.93
350500.0,3200500.0,-94.53369,28.9237,18,101.16,9.93
357500.0,3231500.0,-94.46585,29.20421,17,51.94,41692.7
402500.0,3320500.0,-94.011,30.01159,17,159.96,541.82
478500.0,3320500.0,-93.22295,30.01529,17,98.59,387.54
424500.0,3271500.0,-93.77946,29.57097,17,131.69,101.7
298500.0,3177500.0,-95.0628,28.7091,17,130.86,4658.0
342500.0,3239500.0,-94.62123,29.27461,17,53.0,1179.16
288500.0,3225500.0,-95.17413,29.14044,17,45.86,1032.91
340500.0,3166500.0,-94.63146,28.61572,17,2.07,36.68
298500.0,3183500.0,-95.06386,28.76322,17,32.46,3487.35
351500.0,3234500.0,-94.52795,29.23059,17,129.52,2402.87
306500.0,3271500.0,-94.99727,29.55823,17,42.05,1.9
396500.0,3292500.0,-94.07051,29.75845,17,39.29,1007.85
320500.0,3198500.0,-94.84101,28.9018,17,32.62,13436.74
413500.0,3290500.0,-93.89453,29.74171,17,118.52,16.71
332500.0,3205500.0,-94.71902,28.96658,17,32.12,13986.12
517500.0,3315500.0,-92.81861,29.97023,17,110.8,8655.63
277500.0,3197500.0,-95.28157,28.88603,17,91.29,109.84
350500.0,3216500.0,-94.53582,29.06806,17,122.49,11332.57
470500.0,3329500.0,-93.30616,30.09634,17,114.28,4.93
307500.0,3189500.0,-94.97274,28.81872,17,25.12,21120.74
399500.0,3202500.0,-94.03127,28.94654,17,51.45,293251.7
350500.0,3203500.0,-94.53408,28.95077,17,98.22,2.75
424500.0,3273500.0,-93.7796,29.58902,17,160.79,8.84
300500.0,3301500.0,-95.0647,29.82786,16,84.12,404.12
348500.0,3244500.0,-94.56018,29.32045,16,74.46,11.54
436500.0,3253500.0,-93.65454,29.40919,16,92.64,1336.15
434500.0,3249500.0,-93.67491,29.37299,16,178.6,54181.77
425500.0,3322500.0,-93.77267,30.03125,16,149.18,233.54
286500.0,3176500.0,-95.18539,28.69815,16,121.59,76914.93
274500.0,3205500.0,-95.31392,28.95766,16,168.86,45.55
314500.0,3222500.0,-94.90649,29.11745,16,156.32,46101.11
326500.0,3238500.0,-94.78571,29.26349,16,109.92,2705.08
341500.0,3238500.0,-94.63138,29.26546,16,94.87,1.8
351500.0,3230500.0,-94.52741,29.1945,16,43.8,12151.85
409500.0,3293500.0,-93.93615,29.76849,16,147.92,37.52
350500.0,3233500.0,-94.5381,29.22144,16,44.96,5428.36
348500.0,3238500.0,-94.55936,29.26632,16,143.99,213.52
351500.0,3237500.0,-94.52835,29.25765,16,140.49,33885.92
372500.0,3222500.0,-94.31055,29.1246,16,58.86,15390.69
320500.0,3197500.0,-94.84085,28.89278,16,121.96,71501.54
313500.0,3194500.0,-94.91211,28.86471,16,172.09,5.7
303500.0,3218500.0,-95.01878,29.07971,16,124.29,2825.23
391500.0,3206500.0,-94.11373,28.98198,16,54.99,149883.19
362500.0,3200500.0,-94.41061,28.92504,16,179.53,3810.69
466500.0,3285500.0,-93.3463,29.69915,16,10.51,45.86
453500.0,3267500.0,-93.47991,29.53629,16,87.69,2452.37
463500.0,3321500.0,-93.37853,30.02395,16,85.55,692.45
395500.0,3205500.0,-94.07259,28.97329,16,143.7,154646.95
379500.0,3217500.0,-94.23807,29.08016,16,50.83,66182.11
376500.0,3220500.0,-94.26922,29.10695,16,55.02,793855.23
414500.0,3292500.0,-93.88435,29.75982,16,139.65,1468.96
347500.0,3224500.0,-94.56772,29.13989,16,71.8,2.35
431500.0,3268500.0,-93.70701,29.5443,16,45.74,3578.9
343500.0,3230500.0,-94.60967,29.19353,16,155.18,629.25
487500.0,3311500.0,-93.12952,29.93419,16,6.2,87.21
282500.0,3288500.0,-95.24825,29.70759,16,34.42,778.28
362500.0,3245500.0,-94.41617,29.33108,16,99.99,7.51
396500.0,3265500.0,-94.06793,29.51481,16,101.87,103274.15
437500.0,3217500.0,-93.6422,29.08434,16,31.75,32560.61
338500.0,3236500.0,-94.66196,29.24703,16,114.34,2.46
353500.0,3238500.0,-94.50791,29.26691,15,111.64,6.9
373500.0,3279500.0,-94.30683,29.63902,15,25.96,1034.33
427500.0,3269500.0,-93.74836,29.5531,15,41.33,452.18
493500.0,3311500.0,-93.06735,29.93423,15,84.35,10538.29
297500.0,3177500.0,-95.07303,28.70894,15,128.74,580.09
321500.0,3260500.0,-94.84072,29.46125,15,111.06,172.64
340500.0,3237500.0,-94.64153,29.25631,15,46.21,8619.77
356500.0,3234500.0,-94.47652,29.23116,15,133.47,75.33
361500.0,3228500.0,-94.42434,29.17758,15,139.56,7738.17
417500.0,3307500.0,-93.85448,29.89539,15,143.91,1784.53
428500.0,3323500.0,-93.74163,30.04046,15,157.55,463.38
313500.0,3260500.0,-94.92318,29.46008,15,68.67,2339.93
468500.0,3325500.0,-93.3268,30.06019,15,86.13,26.18
326500.0,3245500.0,-94.78681,29.32663,15,1.7,3.53
466500.0,3305500.0,-93.34692,29.87965,15,177.66,2183.4
337500.0,3242500.0,-94.67313,29.30104,15,110.89,2821.1
336500.0,3232500.0,-94.68194,29.21069,15,86.54,5.39
384500.0,3259500.0,-94.1911,29.45962,15,118.06,29900.24
331500.0,3213500.0,-94.73048,29.03862,15,151.92,141.12
470500.0,3338500.0,-93.30641,30.17756,15,16.8,136.71
283500.0,3237500.0,-95.22783,29.24782,15,156.65,89.19
355500.0,3237500.0,-94.4872,29.25812,15,171.36,4.02
475500.0,3344500.0,-93.25462,30.23181,15,150.73,5.16
436500.0,3219500.0,-93.65259,29.10234,15,148.55,40.56
339500.0,3234500.0,-94.65138,29.22912,15,104.43,52.62
360500.0,3224500.0,-94.43412,29.14138,15,164.37,240.83
310500.0,3280500.0,-94.95757,29.64003,14,17.28,2155.88
436500.0,3252500.0,-93.65448,29.40017,14,94.32,16.41
289500.0,3226500.0,-95.16404,29.14963,14,40.82,310.71
434500.0,3221500.0,-93.67326,29.12029,14,82.27,96.86
436500.0,3251500.0,-93.65442,29.39114,14,31.99,4.97
332500.0,3200500.0,-94.71828,28.92147,14,176.5,26679.52
348500.0,3240500.0,-94.55963,29.28436,14,138.68,51.42
290500.0,3189500.0,-95.14686,28.81607,14,157.9,419.38
344500.0,3236500.0,-94.60023,29.24779,14,26.86,224.08
350500.0,3231500.0,-94.53783,29.2034,14,133.44,5.69
312500.0,3287500.0,-94.93813,29.70347,14,95.36,6.74
307500.0,3268500.0,-94.98643,29.53133,14,140.41,2.48
429500.0,3266500.0,-93.72752,29.52614,14,136.13,1010.47
424500.0,3270500.0,-93.7794,29.56194,14,35.44,630.66
429500.0,3267500.0,-93.72759,29.53516,14,135.65,745.83
468500.0,3324500.0,-93.32677,30.05117,14,163.15,6.16
539500.0,3309500.0,-92.5908,29.91557,14,167.52,106.02
283500.0,3196500.0,-95.21989,28.87804,14,41.21,32143.13
317500.0,3195500.0,-94.87128,28.87431,14,32.87,42136.29
313500.0,3285500.0,-94.92746,29.68558,14,29.46,119.14
308500.0,3165500.0,-94.95846,28.60237,14,130.42,3018.14
334500.0,3236500.0,-94.7031,29.24652,14,39.6,1109.79
340500.0,3228500.0,-94.64023,29.17511,14,179.53,2.64
334500.0,3237500.0,-94.70325,29.25554,14,33.18,653.01
361500.0,3194500.0,-94.42013,28.8708,14,91.62,1387.34
336500.0,3207500.0,-94.67828,28.98514,14,32.18,8383.84
294500.0,3202500.0,-95.10826,28.93397,14,45.98,99.39
368500.0,3221500.0,-94.35154,29.11517,14,63.11,21738.05
320500.0,3254500.0,-94.85004,29.40698,14,129.05,584.99
291500.0,3190500.0,-95.13681,28.82525,14,147.37,670.31
376500.0,3218500.0,-94.269,29.0889,14,143.75,15.16
359500.0,3243500.0,-94.4468,29.3127,14,148.75,4378.83
395500.0,3329500.0,-94.08446,30.09222,14,173.65,30316.64
424500.0,3276500.0,-93.77981,29.61609,14,127.39,1408.46
374500.0,3219500.0,-94.28966,29.09773,14,143.48,2387.67
353500.0,3243500.0,-94.50857,29.31202,13,123.0,18.83
354500.0,3242500.0,-94.49814,29.30311,13,133.59,1269.01
430500.0,3282500.0,-93.71823,29.67058,13,113.78,10337.19
299500.0,3176500.0,-95.05239,28.70024,13,131.64,5586.19
287500.0,3177500.0,-95.17534,28.70734,13,121.69,75407.64
285500.0,3176500.0,-95.19562,28.69799,13,120.98,28815.43
339500.0,3227500.0,-94.65037,29.16596,13,82.41,20564.35
316500.0,3278500.0,-94.89528,29.62289,13,76.73,4.91
303500.0,3187500.0,-95.01337,28.80008,13,29.6,2045.28
360500.0,3203500.0,-94.4315,28.9519,13,154.3,23821.64
397500.0,3327500.0,-94.06352,30.07434,13,101.01,12.21
417500.0,3306500.0,-93.8544,29.88636,13,142.88,1700.6
352500.0,3236500.0,-94.51793,29.24875,13,137.92,84.51
349500.0,3233500.0,-94.54839,29.22133,13,141.46,153.53
348500.0,3231500.0,-94.5584,29.20316,13,164.44,35.23
373500.0,3221500.0,-94.30016,29.11568,13,60.1,16129.62
316500.0,3240500.0,-94.88892,29.28011,13,110.36,548.35
291500.0,3185500.0,-95.13589,28.78015,13,43.18,89511.15
362500.0,3211500.0,-94.41196,29.0243,13,178.46,3860.68
358500.0,3224500.0,-94.45467,29.14116,13,40.38,368.94
281500.0,3197500.0,-95.24058,28.88672,13,126.29,77.47
477500.0,3346500.0,-93.23387,30.2499,13,106.31,1119.29
339500.0,3239500.0,-94.6521,29.27423,13,112.6,3700.02
349500.0,3216500.0,-94.54609,29.06794,13,122.5,9085.88
306500.0,3272500.0,-94.99745,29.56725,13,143.52,689.27
341500.0,3247500.0,-94.63267,29.34666,13,99.61,7230.41
467500.0,3315500.0,-93.33687,29.96992,13,84.05,361.04
508500.0,3312500.0,-92.91192,29.94325,13,111.74,4558.07
331500.0,3224500.0,-94.73214,29.13786,13,0.9,18.58
368500.0,3194500.0,-94.34837,28.87153,13,157.0,13181.49
439500.0,3256500.0,-93.62378,29.43641,13,120.25,9.35
339500.0,3235500.0,-94.65152,29.23814,13,10.41,952.43
346500.0,3231500.0,-94.57896,29.20292,12,104.23,130.48
377500.0,3281500.0,-94.26574,29.65746,12,26.64,858.77
339500.0,3240500.0,-94.65225,29.28325,12,148.31,3.35
349500.0,3241500.0,-94.54947,29.2935,12,77.1,8.53
316500.0,3277500.0,-94.89511,29.61387,12,15.51,727838.36
308500.0,3186500.0,-94.96199,28.79181,12,39.07,1873.57
308500.0,3187500.0,-94.96216,28.80083,12,129.9,121777.05
309500.0,3188500.0,-94.95209,28.81,12,39.43,60196.33
333500.0,3242500.0,-94.71429,29.30051,12,110.04,1197.66
341500.0,3237500.0,-94.63124,29.25644,12,38.72,5.32
284500.0,3175500.0,-95.20566,28.6888,12,123.32,6807.25
305500.0,3269500.0,-95.00723,29.54004,12,91.75,4.99
306500.0,3269500.0,-94.99692,29.5402,12,3.41,1.24
428500.0,3268500.0,-93.73797,29.54413,12,53.07,20.53
282500.0,3196500.0,-95.23014,28.87787,12,40.77,26681.86
332500.0,3248500.0,-94.7255,29.35451,12,139.99,2.85
332500.0,3204500.0,-94.71887,28.95756,12,33.93,3437.22
344500.0,3229500.0,-94.59925,29.18463,12,1.51,32756.11
360500.0,3223500.0,-94.43399,29.13236,12,158.23,3581.52
430500.0,3288500.0,-93.71861,29.72473,12,8.58,85.82
486500.0,3311500.0,-93.13988,29.93418,12,90.04,1438.68
322500.0,3227500.0,-94.8251,29.1637,12,33.79,70578.54
362500.0,3201500.0,-94.41073,28.93407,12,179.06,40643.52
383500.0,3196500.0,-94.1948,28.89103,12,75.73,4658118.25
437500.0,3254500.0,-93.64429,29.41827,12,47.37,11714.87
434500.0,3246500.0,-93.67474,29.34591,12,2.16,1082767.61
430500.0,3274500.0,-93.71772,29.59839,12,59.4,7452.1
449500.0,3270500.0,-93.52133,29.56321,12,93.06,9835.51
431500.0,3274500.0,-93.70739,29.59844,12,104.55,31514.94
430500.0,3273500.0,-93.71765,29.58936,12,60.96,31123.7
423500.0,3318500.0,-93.79312,29.99504,12,24.82,348.59
456500.0,3276500.0,-93.44931,29.61762,12,51.9,34158.13
458500.0,3289500.0,-93.42915,29.73501,12,93.15,10536.09
466500.0,3300500.0,-93.34676,29.83452,12,179.81,20479.5
297500.0,3180500.0,-95.07356,28.73601,12,29.77,79213.02
308500.0,3166500.0,-94.95863,28.61139,12,39.38,1076872.97
309500.0,3165500.0,-94.94824,28.60252,12,40.14,111696.2
394500.0,3206500.0,-94.08294,28.98223,12,53.39,251581.33
367500.0,3226500.0,-94.36241,29.16018,12,58.45,1614465.2
362500.0,3222500.0,-94.41331,29.12355,12,173.89,287592.93
360500.0,3231500.0,-94.43499,29.20454,12,46.66,171680.03
369500.0,3220500.0,-94.34115,29.10625,12,59.8,29314.19
548500.0,3307500.0,-92.49766,29.8972,12,79.92,1087.2
448500.0,3290500.0,-93.5326,29.74366,12,88.58,1108.47
317500.0,3223500.0,-94.87584,29.1269,12,41.01,121.56
375500.0,3217500.0,-94.27916,29.07978,12,54.87,30336.83
376500.0,3215500.0,-94.26867,29.06183,12,166.16,9831826.62
432500.0,3254500.0,-93.69583,29.41801,12,124.78,463.75
430500.0,3254500.0,-93.71644,29.4179,12,88.98,21.61
428500.0,3280500.0,-93.73876,29.65242,12,107.05,3086.62
430500.0,3327500.0,-93.72114,30.07667,12,145.57,55712.2
375500.0,3218500.0,-94.27927,29.0888,12,144.85,2485.96
369500.0,3277500.0,-94.3479,29.62056,11,26.92,10.78
277500.0,3199500.0,-95.28197,28.90407,11,29.1,15552.05
353500.0,3228500.0,-94.50659,29.17668,11,44.59,90732.96
286500.0,3223500.0,-95.19429,29.12207,11,44.57,892.22
360500.0,3229500.0,-94.43474,29.1865,11,139.8,11194.58
299500.0,3175500.0,-95.05221,28.69121,11,130.97,3026.57
348500.0,3260500.0,-94.56238,29.4648,11,114.06,7387.7
312500.0,3225500.0,-94.92754,29.14422,11,22.72,224.74
329500.0,3232500.0,-94.75392,29.20977,11,116.45,2687.93
318500.0,3227500.0,-94.86621,29.16313,11,104.61,3037.31
352500.0,3226500.0,-94.5166,29.15852,11,55.52,2.58
439500.0,3251500.0,-93.62351,29.39129,11,176.9,6.64
308500.0,3270500.0,-94.97646,29.54952,11,117.13,18.23
427500.0,3275500.0,-93.74876,29.60724,11,161.84,442.75
481500.0,3287500.0,-93.19127,29.71752,11,76.77,3737.94
545500.0,3308500.0,-92.52869,29.90634,11,170.6,2316.87
362500.0,3212500.0,-94.41208,29.03332,11,0.51,23949.08
314500.0,3194500.0,-94.90186,28.86486,11,73.09,3379.63
363500.0,3228500.0,-94.40377,29.1778,11,57.56,5152.9
357500.0,3238500.0,-94.46675,29.26737,11,72.95,10.73
361500.0,3220500.0,-94.42334,29.1054,11,9.45,1226.19
336500.0,3233500.0,-94.68209,29.21971,11,101.21,12.82
345500.0,3247500.0,-94.59148,29.34715,11,124.34,15254.48
365500.0,3227500.0,-94.38309,29.16899,11,23.26,30993.16
342500.0,3234500.0,-94.62052,29.2295,11,46.37,39.97
303500.0,3209500.0,-95.0172,28.99853,11,126.68,29880.03
360500.0,3195500.0,-94.43051,28.87971,11,170.65,10629.6
474500.0,3263500.0,-93.26308,29.50079,11,71.35,7992.74
471500.0,3274500.0,-93.29432,29.6,11,128.4,6522.37
286500.0,3192500.0,-95.1884,28.84247,11,133.3,973.42
312500.0,3193500.0,-94.92219,28.85555,11,156.79,7.19
432500.0,3334500.0,-93.70084,30.13995,11,140.96,1.63
467500.0,3296500.0,-93.33629,29.79845,11,139.73,10.0
337500.0,3234500.0,-94.67195,29.22886,11,21.7,571.75
341500.0,3235500.0,-94.63095,29.23839,11,122.98,1369.32
347500.0,3243500.0,-94.57034,29.31131,10,12.69,2.38
347500.0,3241500.0,-94.57006,29.29326,10,141.74,10.65
473500.0,3343500.0,-93.27538,30.22275,10,165.33,251.31
343500.0,3235500.0,-94.61038,29.23864,10,113.95,192.78
331500.0,3248500.0,-94.7358,29.35438,10,173.07,33.84
347500.0,3237500.0,-94.56951,29.25718,10,135.8,7777.86
349500.0,3237500.0,-94.54893,29.25742,10,139.63,475.4
272500.0,3205500.0,-95.33443,28.9573,10,160.37,50.69
346500.0,3258500.0,-94.58272,29.44652,10,116.94,5487.41
350500.0,3232500.0,-94.53797,29.21242,10,131.89,614.41
307500.0,3269500.0,-94.9866,29.54035,10,177.65,15.19
353500.0,3226500.0,-94.50632,29.15864,10,80.06,1582.81
430500.0,3265500.0,-93.71714,29.51717,10,45.63,22009.4
471500.0,3329500.0,-93.29578,30.09636,10,40.65,3139.63
348500.0,3242500.0,-94.5599,29.30241,10,75.98,5419.27
356500.0,3232500.0,-94.47626,29.21312,10,51.2,43062.53
348500.0,3222500.0,-94.55717,29.12196,10,132.64,323.3
328500.0,3248500.0,-94.76669,29.35397,10,89.52,461.05
364500.0,3227500.0,-94.39337,29.16889,10,34.42,198.69
362500.0,3229500.0,-94.41418,29.18672,10,46.03,26075.73
331500.0,3239500.0,-94.73442,29.27318,10,38.25,91.91
332500.0,3240500.0,-94.72428,29.28234,10,38.02,129.66
471500.0,3289500.0,-93.29472,29.73538,10,93.22,10250.47
340500.0,3251500.0,-94.64355,29.38262,10,38.11,36.52
334500.0,3222500.0,-94.70102,29.12021,10,172.02,1362.97
361500.0,3207500.0,-94.42173,28.9881,10,89.08,1245.31
342500.0,3247500.0,-94.62238,29.34678,10,102.37,5450.91
335500.0,3164500.0,-94.6823,28.59705,10,36.0,152.53
379500.0,3216500.0,-94.23796,29.07114,10,143.41,27261.99
350500.0,3241500.0,-94.53918,29.29362,10,136.97,440.06
361500.0,3202500.0,-94.42111,28.94298,10,178.66,48957.11
360500.0,3218500.0,-94.43337,29.08724,10,89.3,1573.84
443500.0,3274500.0,-93.58347,29.59905,10,99.88,40093.67
329500.0,3218500.0,-94.75178,29.08346,10,22.73,1387.92
435500.0,3283500.0,-93.66662,29.67988,10,59.59,658.53
466500.0,3292500.0,-93.34651,29.76233,10,8.12,10066.57
298500.0,3207500.0,-95.06815,28.97971,10,117.85,7364.77
304500.0,3216500.0,-95.00817,29.06183,10,69.96,655.97
301500.0,3212500.0,-95.03826,29.02528,10,87.35,53.56
377500.0,3216500.0,-94.25851,29.07095,10,54.98,1840322.07
468500.0,3294500.0,-93.32589,29.78043,10,27.01,867367.82
288500.0,3196500.0,-95.16866,28.87888,10,104.05,4757.76
432500.0,3273500.0,-93.697,29.58947,10,105.67,2655.05
430500.0,3271500.0,-93.71752,29.57132,10,139.88,33857.87
474500.0,3344500.0,-93.26501,30.23179,10,117.55,40.07
340500.0,3229500.0,-94.64038,29.18413,10,30.83,82.86
363500.0,3244500.0,-94.40575,29.32217,10,70.93,23.87
426500.0,3272500.0,-93.75889,29.58011,10,126.25,45.78
318500.0,3278500.0,-94.87463,29.62318,10,78.16,10313.35
349500.0,3247500.0,-94.55029,29.34764,9,109.74,126.01
478500.0,3227500.0,-93.22111,29.17595,9,0.31,6995.89
526500.0,3314500.0,-92.72535,29.96104,9,154.99,29.76
313500.0,3219500.0,-94.91626,29.09024,9,48.18,30.56
297500.0,3178500.0,-95.07321,28.71796,9,124.95,1507.15
274500.0,3202500.0,-95.31332,28.9306,9,61.89,8.5
315500.0,3194500.0,-94.89161,28.865,9,121.2,38565.16
339500.0,3206500.0,-94.64735,28.9765,9,139.25,21038.32
349500.0,3215500.0,-94.54595,29.05892,9,34.73,6437.7
348500.0,3215500.0,-94.55622,29.0588,9,34.1,31769.25
311500.0,3274500.0,-94.94621,29.58606,9,120.5,687.64
296500.0,3302500.0,-95.10626,29.83623,9,118.95,7.22
303500.0,3173500.0,-95.01095,28.67379,9,23.51,311079.28
339500.0,3166500.0,-94.64169,28.6156,9,89.06,30332.05
298500.0,3184500.0,-95.06404,28.77224,9,32.71,7618.63
347500.0,3198500.0,-94.56418,28.9053,9,16.39,15791.97
348500.0,3259500.0,-94.56224,29.45578,9,114.64,12405.8
313500.0,3292500.0,-94.92866,29.74872,9,36.83,3.28
313500.0,3222500.0,-94.91676,29.1173,9,106.96,734.67
316500.0,3260500.0,-94.89226,29.46052,9,11.32,1572.44
285500.0,3191500.0,-95.19845,28.83328,9,118.25,3224.78
353500.0,3233500.0,-94.50725,29.2218,9,29.9,125.51
310500.0,3270500.0,-94.95583,29.54983,9,99.0,1121.85
300500.0,3231500.0,-95.05192,29.1965,9,27.02,2101.5
308500.0,3268500.0,-94.97611,29.53148,9,54.49,20.23
294500.0,3294500.0,-95.12542,29.76375,9,158.63,1.67
309500.0,3268500.0,-94.9658,29.53164,9,27.95,86.44
358500.0,3232500.0,-94.45569,29.21334,9,50.56,111755.7
316500.0,3266500.0,-94.89326,29.51465,9,67.83,116.15
360500.0,3213500.0,-94.43274,29.04213,9,172.21,8640.32
482500.0,3313500.0,-93.18136,29.95218,9,36.59,7377.08
315500.0,3195500.0,-94.89178,28.87403,9,121.73,79549.59
361500.0,3175500.0,-94.41781,28.69935,9,179.69,10252.28
364500.0,3226500.0,-94.39325,29.15986,9,30.73,1291.36
336500.0,3231500.0,-94.68179,29.20167,9,89.46,201.4
324500.0,3237500.0,-94.80613,29.25419,9,150.04,111.68
340500.0,3252500.0,-94.6437,29.39164,9,153.51,10.94
334500.0,3221500.0,-94.70087,29.11119,9,171.43,790.72
428500.0,3325500.0,-93.74176,30.0585,9,36.99,172.01
361500.0,3186500.0,-94.41915,28.79861,9,1.02,10845.37
370500.0,3220500.0,-94.33087,29.10635,9,60.75,29516.83
355500.0,3240500.0,-94.48759,29.28518,9,141.54,36.85
464500.0,3274500.0,-93.36661,29.59982,9,74.0,5041.37
331500.0,3230500.0,-94.73305,29.19199,9,176.74,199.53
431500.0,3252500.0,-93.70601,29.3999,9,60.99,350.01
307500.0,3274500.0,-94.98749,29.58545,9,146.67,8979.05
307500.0,3273500.0,-94.98731,29.57643,9,145.88,3001.02
304500.0,3276500.0,-95.0188,29.60302,9,132.61,189.6
353500.0,3254500.0,-94.51003,29.41127,9,107.81,601.95
361500.0,3195500.0,-94.42025,28.87982,9,95.96,18489.75
355500.0,3251500.0,-94.48903,29.38443,9,96.5,61075.65
379500.0,3260500.0,-94.24276,29.46817,9,7.96,3.58
514500.0,3313500.0,-92.84973,29.95222,9,29.9,8.74
282500.0,3189500.0,-95.22879,28.81474,9,129.97,739.35
341500.0,3233500.0,-94.63067,29.22035,9,105.67,431.46
352500.0,3243500.0,-94.51886,29.3119,9,93.38,1765.01
420500.0,3185500.0,-93.8146,28.79459,9,52.25,538.08
430500.0,3253500.0,-93.71638,29.40887,9,71.6,297.36
434500.0,3274500.0,-93.67641,29.59861,9,100.83,3003264.75
398500.0,3203500.0,-94.04162,28.95548,9,51.3,293238.95
373500.0,3219500.0,-94.29993,29.09763,9,53.38,1303.42
419500.0,3186500.0,-93.82492,28.80355,9,169.62,49.24
435500.0,3269500.0,-93.66579,29.55354,9,105.31,180963.96
363500.0,3224500.0,-94.40328,29.14171,8,77.46,18689.19
324500.0,3199500.0,-94.80016,28.91138,8,123.91,176293.98
339500.0,3241500.0,-94.65239,29.29227,8,34.89,465.67
436500.0,3250500.0,-93.65436,29.38212,8,119.24,3.21
478500.0,3345500.0,-93.22346,30.24089,8,97.03,836.22
340500.0,3205500.0,-94.63695,28.9676,8,48.99,39894.03
352500.0,3230500.0,-94.51713,29.19461,8,44.23,3463.69
342500.0,3238500.0,-94.62109,29.26558,8,4.86,82.45
358500.0,3229500.0,-94.45531,29.18627,8,50.74,3546.33
304500.0,3223500.0,-95.00939,29.12497,8,138.76,194201676.97
344500.0,3206500.0,-94.59605,28.97712,8,8.4,527366176.5
306500.0,3225500.0,-94.98919,29.14331,8,133.98,188495077.64
311500.0,3228500.0,-94.93833,29.17113,8,119.01,445475785.29
314500.0,3230500.0,-94.90783,29.18961,8,118.35,53511997.99
326500.0,3236500.0,-94.7854,29.24544,8,122.35,565355425.85
315500.0,3230500.0,-94.89755,29.18976,8,121.93,2394569628.93
301500.0,3185500.0,-95.0335,28.78173,8,36.64,739.43
302500.0,3174500.0,-95.02135,28.68266,8,22.29,179169.36
354500.0,3235500.0,-94.49722,29.23996,8,133.17,57.47
345500.0,3258500.0,-94.59303,29.44639,8,121.22,2318.3
318500.0,3224500.0,-94.86573,29.13607,8,170.57,934.29
351500.0,3253500.0,-94.53051,29.40201,8,98.27,2859.68
325500.0,3239500.0,-94.79616,29.27237,8,114.91,5883.47
362500.0,3228500.0,-94.41405,29.17769,8,52.17,10334.82
321500.0,3240500.0,-94.83747,29.28083,8,65.96,3.74
314500.0,3287500.0,-94.91747,29.70377,8,162.45,51.35
280500.0,3196500.0,-95.25064,28.87753,8,79.42,2.97
350500.0,3230500.0,-94.5377,29.19438,8,44.4,90624.9
308500.0,3273500.0,-94.97699,29.57658,8,144.48,6076.0
540500.0,3309500.0,-92.58044,29.91554,8,81.68,9314.85
286500.0,3221500.0,-95.19391,29.10403,8,67.84,7.29
431500.0,3278500.0,-93.70764,29.63454,8,110.19,792.45
451500.0,3282500.0,-93.50122,29.67158,8,94.07,3490.89
522500.0,3314500.0,-92.7668,29.96112,8,71.17,3456.8
331500.0,3284500.0,-94.74135,29.67914,8,16.06,2589207797.47
309500.0,3278500.0,-94.96755,29.62184,8,73.64,982759661.38
298500.0,3269500.0,-95.07943,29.53893,8,114.19,10.2
391500.0,3288500.0,-94.12181,29.72193,8,38.43,1064.45
297500.0,3182500.0,-95.07392,28.75405,8,117.97,425002.15
347500.0,3248500.0,-94.57103,29.35642,8,62.67,45.58
361500.0,3176500.0,-94.41793,28.70837,8,0.2,10991.48
364500.0,3257500.0,-94.39705,29.43957,8,127.13,12916.2
365500.0,3258500.0,-94.38687,29.4487,8,120.65,3858.19
308500.0,3276500.0,-94.97752,29.60364,8,15.84,523.43
278500.0,3193500.0,-95.27054,28.85013,8,114.92,2435.71
352500.0,3239500.0,-94.51833,29.27581,8,160.5,3300.99
360500.0,3222500.0,-94.43387,29.12334,8,28.43,517.73
343500.0,3238500.0,-94.6108,29.26571,8,116.07,84.45
393500.0,3288500.0,-94.10114,29.7221,8,38.66,8680.15
379500.0,3282500.0,-94.24519,29.66668,8,25.33,408.39
473500.0,3288500.0,-93.27401,29.7264,8,96.9,446.15
476500.0,3290500.0,-93.24303,29.74451,8,82.87,3342.0
336500.0,3208500.0,-94.67842,28.99416,8,31.83,16716.57
351500.0,3217500.0,-94.52568,29.0772,8,122.13,17629.33
337500.0,3253500.0,-94.67475,29.40027,8,122.48,2722.1
337500.0,3205500.0,-94.66773,28.96722,8,2.67,454908365.6
438500.0,3254500.0,-93.63398,29.41832,8,44.51,4561855972.08
432500.0,3274500.0,-93.69706,29.5985,8,107.06,556310643.48
419500.0,3279500.0,-93.83167,29.64285,8,13.49,224163179.3
459500.0,3279500.0,-93.41843,29.6448,8,173.45,86412314273.4
462500.0,3271500.0,-93.38716,29.57269,8,75.44,182685451058.91
480500.0,3291500.0,-93.20169,29.7536,8,170.68,2778847900.21
279500.0,3190500.0,-95.25971,28.82325,8,9.38,229482564.85
307500.0,3166500.0,-94.96885,28.61124,8,40.18,145558171.59
338500.0,3196500.0,-94.65618,28.88615,8,1.94,7732958.25
342500.0,3257500.0,-94.62381,29.437,8,62.27,144802876.84
363500.0,3186500.0,-94.39866,28.79882,8,0.92,2690645.21
361500.0,3187500.0,-94.41927,28.80763,8,178.49,73332.89
362500.0,3220500.0,-94.41307,29.10551,8,178.31,117939010.97
377500.0,3219500.0,-94.25884,29.09802,8,55.26,1448347.4
356500.0,3235500.0,-94.47665,29.24019,8,0.97,27414478004.14
367500.0,3224500.0,-94.36217,29.14213,8,128.91,201917773.12
365500.0,3226500.0,-94.38297,29.15997,8,58.43,11713086.84
360500.0,3230500.0,-94.43487,29.19552,8,44.83,1812968005.69
426500.0,3182500.0,-93.75293,28.76787,8,54.11,3202153.92
418500.0,3205500.0,-93.83654,28.97496,8,69.59,3483123.85
439500.0,3287500.0,-93.6255,29.71618,8,95.8,377931818.81
440500.0,3287500.0,-93.61517,29.71623,8,98.54,119813111.19
440500.0,3286500.0,-93.61511,29.7072,8,99.67,7987881927.3
478500.0,3164500.0,-93.21991,28.60731,8,35.86,2102041.63
477500.0,3165500.0,-93.23016,28.61632,8,35.91,60346546.16
350500.0,3229500.0,-94.53756,29.18536,8,136.08,11294.12
356500.0,3211500.0,-94.47356,29.02364,8,121.21,2815.7
380500.0,3214500.0,-94.22748,29.05319,8,1.06,13.58
426500.0,3270500.0,-93.75875,29.56206,8,45.26,56211.55
329500.0,3224500.0,-94.7527,29.13759,8,14.22,2494.45
321500.0,3218500.0,-94.83394,29.08237,8,114.46,1934.86
323500.0,3220500.0,-94.81372,29.10069,8,94.48,2837.95
449500.0,3290500.0,-93.52226,29.7437,8,88.21,4258.26
425500.0,3269500.0,-93.769,29.55298,8,35.36,4572.9
425500.0,3268500.0,-93.76894,29.54395,8,32.25,1587.04
472500.0,3273500.0,-93.28397,29.591,8,128.32,4467.28
305500.0,3271500.0,-95.00759,29.55808,8,137.57,23826.98
330500.0,3203500.0,-94.73924,28.94827,8,33.94,559.13
347500.0,3226500.0,-94.568,29.15793,8,135.56,4156.98
352500.0,3225500.0,-94.51647,29.1495,8,25.39,787.32
380500.0,3213500.0,-94.22737,29.04416,8,170.67,83760.69
388500.0,3262500.0,-94.15016,29.48705,8,98.52,12.31
414500.0,3289500.0,-93.88411,29.73275,8,129.58,264.05
415500.0,3288500.0,-93.8737,29.7238,8,42.51,4.22
350500.0,3242500.0,-94.53932,29.30265,8,2.84,20843.71
440500.0,3253500.0,-93.61331,29.40939,8,171.11,2.64
437500.0,3251500.0,-93.64412,29.39119,8,96.18,1923.24
430500.0,3280500.0,-93.7181,29.65254,8,99.5,114526619.34
429500.0,3270500.0,-93.72778,29.56224,8,114.48,7563.99
434500.0,3267500.0,-93.67599,29.53543,8,85.32,26390.74
458500.0,3192500.0,-93.4255,28.85955,8,36.23,122845330.35
372500.0,3218500.0,-94.31009,29.0885,8,55.31,336125.38
303500.0,3172500.0,-95.01078,28.66477,8,42.44,29623.26
