port,product,pol,date,role,objects
Antwerp-Bruges,S1A_IW_GRDH_1SDV_20250115T173330_20250115T173355_057458_07130D_51CB,VH,2025-01-15,adapt,2362
Antwerp-Bruges,S1A_IW_GRDH_1SDV_20250220T173328_20250220T173353_057983_07280A_D019,VH,2025-02-20,adapt,1638
Antwerp-Bruges,S1A_IW_GRDH_1SDV_20250409T173329_20250409T173354_058683_07444B_FA8B,VH,2025-04-09,adapt,1483
Antwerp-Bruges,S1A_IW_GRDH_1SDV_20250714T173326_20250714T173351_060083_077709_FD9C,VH,2025-07-14,adapt,1445
Antwerp-Bruges,S1A_IW_GRDH_1SDV_20250912T173326_20250912T173351_060958_0797F4_2E8D,VH,2025-09-12,eval,1266
Antwerp-Bruges,S1A_IW_GRDH_1SDV_20251217T173322_20251217T173347_062358_07CF5C_3556,VH,2025-12-17,eval,2065
Antwerp-Bruges,S1C_IW_GRDH_1SDV_20250611T055738_20250611T055803_002731_005A0C_2C37,VH,2025-06-11,adapt,899
Antwerp-Bruges,S1C_IW_GRDH_1SDV_20250623T055738_20250623T055803_002906_005F16_6E06,VH,2025-06-23,adapt,1085
Antwerp-Bruges,S1C_IW_GRDH_1SDV_20250705T055739_20250705T055804_003081_00641D_2DF0,VH,2025-07-05,adapt,1053
Antwerp-Bruges,S1C_IW_GRDH_1SDV_20250720T173209_20250720T173234_003307_006AB5_D3FE,VH,2025-07-20,adapt,804
Antwerp-Bruges,S1C_IW_GRDH_1SDV_20250810T055741_20250810T055806_003606_007385_F130,VH,2025-08-10,eval,1058
Antwerp-Bruges,S1C_IW_GRDH_1SDV_20250822T055742_20250822T055806_003781_0078C6_2C32,VH,2025-08-22,eval,1090
Antwerp-Bruges,S1C_IW_GRDH_1SDV_20250903T055742_20250903T055807_003956_007E04_B34B,VH,2025-09-03,eval,1025
Antwerp-Bruges,S1C_IW_GRDH_1SDV_20250906T173211_20250906T173236_004007_007F7E_D39D,VH,2025-09-06,eval,776
Antwerp-Bruges,S1C_IW_GRDH_1SDV_20250915T055742_20250915T055807_004131_008359_AA20,VH,2025-09-15,eval,646
Antwerp-Bruges,S1C_IW_GRDH_1SDV_20250927T055742_20250927T055807_004306_0088A6_843A,VH,2025-09-27,eval,969
Antwerp-Bruges,S1C_IW_GRDH_1SDV_20251117T173211_20251117T173236_005057_00A047_CB70,VH,2025-11-17,eval,729
Antwerp-Bruges,S1A_IW_GRDH_1SDV_20250115T173330_20250115T173355_057458_07130D_51CB,VV,2025-01-15,adapt,3758
Antwerp-Bruges,S1A_IW_GRDH_1SDV_20250220T173328_20250220T173353_057983_07280A_D019,VV,2025-02-20,adapt,2566
Antwerp-Bruges,S1A_IW_GRDH_1SDV_20250409T173329_20250409T173354_058683_07444B_FA8B,VV,2025-04-09,adapt,2544
Antwerp-Bruges,S1A_IW_GRDH_1SDV_20250714T173326_20250714T173351_060083_077709_FD9C,VV,2025-07-14,adapt,1339
Antwerp-Bruges,S1A_IW_GRDH_1SDV_20250912T173326_20250912T173351_060958_0797F4_2E8D,VV,2025-09-12,eval,1428
Antwerp-Bruges,S1A_IW_GRDH_1SDV_20251217T173322_20251217T173347_062358_07CF5C_3556,VV,2025-12-17,eval,1548
Antwerp-Bruges,S1C_IW_GRDH_1SDV_20250611T055738_20250611T055803_002731_005A0C_2C37,VV,2025-06-11,adapt,1075
Antwerp-Bruges,S1C_IW_GRDH_1SDV_20250623T055738_20250623T055803_002906_005F16_6E06,VV,2025-06-23,adapt,1015
Antwerp-Bruges,S1C_IW_GRDH_1SDV_20250705T055739_20250705T055804_003081_00641D_2DF0,VV,2025-07-05,adapt,1064
Antwerp-Bruges,S1C_IW_GRDH_1SDV_20250720T173209_20250720T173234_003307_006AB5_D3FE,VV,2025-07-20,adapt,821
Antwerp-Bruges,S1C_IW_GRDH_1SDV_20250810T055741_20250810T055806_003606_007385_F130,VV,2025-08-10,eval,1044
Antwerp-Bruges,S1C_IW_GRDH_1SDV_20250822T055742_20250822T055806_003781_0078C6_2C32,VV,2025-08-22,eval,1105
Antwerp-Bruges,S1C_IW_GRDH_1SDV_20250903T055742_20250903T055807_003956_007E04_B34B,VV,2025-09-03,eval,957
Antwerp-Bruges,S1C_IW_GRDH_1SDV_20250906T173211_20250906T173236_004007_007F7E_D39D,VV,2025-09-06,eval,804
Antwerp-Bruges,S1C_IW_GRDH_1SDV_20250915T055742_20250915T055807_004131_008359_AA20,VV,2025-09-15,eval,659
Antwerp-Bruges,S1C_IW_GRDH_1SDV_20250927T055742_20250927T055807_004306_0088A6_843A,VV,2025-09-27,eval,1122
Antwerp-Bruges,S1C_IW_GRDH_1SDV_20251117T173211_20251117T173236_005057_00A047_CB70,VV,2025-11-17,eval,724
Busan,S1A_IW_GRDH_1SDV_20250812T092320_20250812T092349_060501_0785D8_D733,VH,2025-08-12,adapt,765
Busan,S1A_IW_GRDH_1SDV_20250812T092320_20250812T092349_060501_0785D8_D733,VV,2025-08-12,adapt,1069
Callao,S1A_IW_GRDH_1SDV_20250104T103939_20250104T104004_057293_070C8F_4A75,VH,2025-01-04,adapt,20
Callao,S1A_IW_GRDH_1SDV_20250128T103938_20250128T104003_057643_071A72_02D2,VH,2025-01-28,adapt,21
Callao,S1A_IW_GRDH_1SDV_20250226T104756_20250226T104817_058066_072B73_87CC,VH,2025-02-26,adapt,72
Callao,S1A_IW_GRDH_1SDV_20250317T103937_20250317T104002_058343_073699_CE68,VH,2025-03-17,adapt,17
Callao,S1A_IW_GRDH_1SDV_20250528T103937_20250528T104002_059393_075F48_4EAF,VH,2025-05-28,adapt,14
Callao,S1A_IW_GRDH_1SDV_20250716T233423_20250716T233448_060115_077824_E5F7,VH,2025-07-16,adapt,82
Callao,S1A_IW_GRDH_1SDV_20250728T233423_20250728T233448_060290_077E28_8D35,VH,2025-07-28,adapt,93
Callao,S1A_IW_GRDH_1SDV_20250809T233423_20250809T233448_060465_07847A_0D09,VH,2025-08-09,eval,83
Callao,S1A_IW_GRDH_1SDV_20250902T233423_20250902T233448_060815_079246_B71C,VH,2025-09-02,eval,115
Callao,S1A_IW_GRDH_1SDV_20251101T233423_20251101T233448_061690_07B569_16F6,VH,2025-11-01,eval,92
Callao,S1C_IW_GRDH_1SDV_20250802T103843_20250802T103908_003492_00701B_89A1,VH,2025-08-02,eval,61
Callao,S1C_IW_GRDH_1SDV_20250803T233313_20250803T233338_003514_0070C0_6937,VH,2025-08-03,eval,110
Callao,S1C_IW_GRDH_1SDV_20250827T233314_20250827T233339_003864_007B3B_3B7B,VH,2025-08-27,eval,94
Callao,S1C_IW_GRDH_1SDV_20251213T233313_20251213T233338_005439_00AD3E_36D0,VH,2025-12-13,eval,167
Callao,S1A_IW_GRDH_1SDV_20250104T103939_20250104T104004_057293_070C8F_4A75,VV,2025-01-04,adapt,19
Callao,S1A_IW_GRDH_1SDV_20250128T103938_20250128T104003_057643_071A72_02D2,VV,2025-01-28,adapt,29
Callao,S1A_IW_GRDH_1SDV_20250226T104756_20250226T104817_058066_072B73_87CC,VV,2025-02-26,adapt,505
Callao,S1A_IW_GRDH_1SDV_20250317T103937_20250317T104002_058343_073699_CE68,VV,2025-03-17,adapt,22
Callao,S1A_IW_GRDH_1SDV_20250528T103937_20250528T104002_059393_075F48_4EAF,VV,2025-05-28,adapt,27
Callao,S1A_IW_GRDH_1SDV_20250716T233423_20250716T233448_060115_077824_E5F7,VV,2025-07-16,adapt,129
Callao,S1A_IW_GRDH_1SDV_20250728T233423_20250728T233448_060290_077E28_8D35,VV,2025-07-28,adapt,119
Callao,S1A_IW_GRDH_1SDV_20250809T233423_20250809T233448_060465_07847A_0D09,VV,2025-08-09,eval,131
Callao,S1A_IW_GRDH_1SDV_20250902T233423_20250902T233448_060815_079246_B71C,VV,2025-09-02,eval,158
Callao,S1A_IW_GRDH_1SDV_20251101T233423_20251101T233448_061690_07B569_16F6,VV,2025-11-01,eval,132
Callao,S1C_IW_GRDH_1SDV_20250802T103843_20250802T103908_003492_00701B_89A1,VV,2025-08-02,eval,73
Callao,S1C_IW_GRDH_1SDV_20250803T233313_20250803T233338_003514_0070C0_6937,VV,2025-08-03,eval,86
Callao,S1C_IW_GRDH_1SDV_20250827T233314_20250827T233339_003864_007B3B_3B7B,VV,2025-08-27,eval,96
Callao,S1C_IW_GRDH_1SDV_20251213T233313_20251213T233338_005439_00AD3E_36D0,VV,2025-12-13,eval,161
Fujairah,S1A_IW_GRDH_1SDV_20250108T141656_20250108T141721_057354_070EF9_747A,VH,2025-01-08,adapt,392
Fujairah,S1A_IW_GRDH_1SDV_20250120T141655_20250120T141720_057529_0715E8_27AA,VH,2025-01-20,adapt,362
Fujairah,S1A_IW_GRDH_1SDV_20250201T141654_20250201T141719_057704_071CD3_8E9C,VH,2025-02-01,adapt,332
Fujairah,S1A_IW_GRDH_1SDV_20250225T141654_20250225T141719_058054_072AFB_9955,VH,2025-02-25,adapt,418
Fujairah,S1A_IW_GRDH_1SDV_20250321T141654_20250321T141719_058404_07390A_3A64,VH,2025-03-21,adapt,378
Fujairah,S1A_IW_GRDH_1SDV_20250508T141655_20250508T141720_059104_07553F_D9D1,VH,2025-05-08,adapt,398
Fujairah,S1A_IW_GRDH_1SDV_20250731T141651_20250731T141716_060329_077F80_00CD,VH,2025-07-31,eval,390
Fujairah,S1A_IW_GRDH_1SDV_20250917T141651_20250917T141716_061029_079AD4_BEB1,VH,2025-09-17,eval,383
Fujairah,S1A_IW_GRDH_1SDV_20251011T141652_20251011T141717_061379_07A8EC_6D05,VH,2025-10-11,eval,393
Fujairah,S1A_IW_GRDH_1SDV_20251023T141652_20251023T141717_061554_07AFF4_3310,VH,2025-10-23,eval,409
Fujairah,S1A_IW_GRDH_1SDV_20251026T020728_20251026T020753_061590_07B161_3CC3,VH,2025-10-26,eval,453
Fujairah,S1A_IW_GRDH_1SDV_20251222T141647_20251222T141712_062429_07D225_B5FC,VH,2025-12-22,eval,382
Fujairah,S1A_IW_GRDH_1SDV_20250108T141656_20250108T141721_057354_070EF9_747A,VV,2025-01-08,adapt,598
Fujairah,S1A_IW_GRDH_1SDV_20250120T141655_20250120T141720_057529_0715E8_27AA,VV,2025-01-20,adapt,379
Fujairah,S1A_IW_GRDH_1SDV_20250201T141654_20250201T141719_057704_071CD3_8E9C,VV,2025-02-01,adapt,352
Fujairah,S1A_IW_GRDH_1SDV_20250225T141654_20250225T141719_058054_072AFB_9955,VV,2025-02-25,adapt,358
Fujairah,S1A_IW_GRDH_1SDV_20250321T141654_20250321T141719_058404_07390A_3A64,VV,2025-03-21,adapt,379
Fujairah,S1A_IW_GRDH_1SDV_20250508T141655_20250508T141720_059104_07553F_D9D1,VV,2025-05-08,adapt,407
Fujairah,S1A_IW_GRDH_1SDV_20250731T141651_20250731T141716_060329_077F80_00CD,VV,2025-07-31,eval,382
Fujairah,S1A_IW_GRDH_1SDV_20250917T141651_20250917T141716_061029_079AD4_BEB1,VV,2025-09-17,eval,440
Fujairah,S1A_IW_GRDH_1SDV_20251011T141652_20251011T141717_061379_07A8EC_6D05,VV,2025-10-11,eval,412
Fujairah,S1A_IW_GRDH_1SDV_20251023T141652_20251023T141717_061554_07AFF4_3310,VV,2025-10-23,eval,432
Fujairah,S1A_IW_GRDH_1SDV_20251026T020728_20251026T020753_061590_07B161_3CC3,VV,2025-10-26,eval,537
Fujairah,S1A_IW_GRDH_1SDV_20251222T141647_20251222T141712_062429_07D225_B5FC,VV,2025-12-22,eval,397
Hamburg,S1A_IW_GRDH_1SDV_20251017T054129_20251017T054154_061461_07AC2A_79B6,VH,2025-10-17,adapt,888
Hamburg,S1A_IW_GRDH_1SDV_20251029T054128_20251029T054153_061636_07B333_88A6,VH,2025-10-29,adapt,723
Hamburg,S1A_IW_GRDH_1SDV_20251122T054127_20251122T054152_061986_07C0D6_F7BE,VH,2025-11-22,eval,841
Hamburg,S1A_IW_GRDH_1SDV_20251204T054126_20251204T054151_062161_07C7AC_F97F,VH,2025-12-04,eval,995
Hamburg,S1A_IW_GRDH_1SDV_20251216T054125_20251216T054150_062336_07CE83_4CC7,VH,2025-12-16,eval,899
Hamburg,S1A_IW_GRDH_1SDV_20251228T054123_20251228T054148_062511_07D550_B09A,VH,2025-12-28,eval,776
Hamburg,S1C_IW_GRDH_1SDV_20250824T054027_20250824T054052_003810_0079A1_4DF0,VH,2025-08-24,adapt,914
Hamburg,S1C_IW_GRDH_1SDV_20250905T054027_20250905T054052_003985_007ED9_EA5D,VH,2025-09-05,adapt,857
Hamburg,S1C_IW_GRDH_1SDV_20250917T054028_20250917T054053_004160_00842D_7E1A,VH,2025-09-17,adapt,772
Hamburg,S1C_IW_GRDH_1SDV_20250929T054028_20250929T054053_004335_008987_A32B,VH,2025-09-29,adapt,839
Hamburg,S1C_IW_GRDH_1SDV_20251011T054028_20251011T054053_004510_008ED9_EBA7,VH,2025-10-11,adapt,837
Hamburg,S1C_IW_GRDH_1SDV_20251023T054028_20251023T054053_004685_009421_38F8,VH,2025-10-23,adapt,860
Hamburg,S1C_IW_GRDH_1SDV_20251104T054028_20251104T054053_004860_0099AE_A2F9,VH,2025-11-04,eval,850
Hamburg,S1C_IW_GRDH_1SDV_20251116T054027_20251116T054052_005035_009F87_5F14,VH,2025-11-16,eval,914
Hamburg,S1C_IW_GRDH_1SDV_20251128T054027_20251128T054052_005210_00A568_4CE6,VH,2025-11-28,eval,696
Hamburg,S1C_IW_GRDH_1SDV_20251210T054026_20251210T054051_005385_00AB6C_2021,VH,2025-12-10,eval,867
Hamburg,S1C_IW_GRDH_1SDV_20251222T054026_20251222T054051_005560_00B165_BF35,VH,2025-12-22,eval,754
Hamburg,S1A_IW_GRDH_1SDV_20251017T054129_20251017T054154_061461_07AC2A_79B6,VV,2025-10-17,adapt,919
Hamburg,S1A_IW_GRDH_1SDV_20251029T054128_20251029T054153_061636_07B333_88A6,VV,2025-10-29,adapt,742
Hamburg,S1A_IW_GRDH_1SDV_20251122T054127_20251122T054152_061986_07C0D6_F7BE,VV,2025-11-22,eval,839
Hamburg,S1A_IW_GRDH_1SDV_20251204T054126_20251204T054151_062161_07C7AC_F97F,VV,2025-12-04,eval,956
Hamburg,S1A_IW_GRDH_1SDV_20251216T054125_20251216T054150_062336_07CE83_4CC7,VV,2025-12-16,eval,991
Hamburg,S1A_IW_GRDH_1SDV_20251228T054123_20251228T054148_062511_07D550_B09A,VV,2025-12-28,eval,890
Hamburg,S1C_IW_GRDH_1SDV_20250824T054027_20250824T054052_003810_0079A1_4DF0,VV,2025-08-24,adapt,897
Hamburg,S1C_IW_GRDH_1SDV_20250905T054027_20250905T054052_003985_007ED9_EA5D,VV,2025-09-05,adapt,1415
Hamburg,S1C_IW_GRDH_1SDV_20250917T054028_20250917T054053_004160_00842D_7E1A,VV,2025-09-17,adapt,581
Hamburg,S1C_IW_GRDH_1SDV_20250929T054028_20250929T054053_004335_008987_A32B,VV,2025-09-29,adapt,922
Hamburg,S1C_IW_GRDH_1SDV_20251011T054028_20251011T054053_004510_008ED9_EBA7,VV,2025-10-11,adapt,828
Hamburg,S1C_IW_GRDH_1SDV_20251023T054028_20251023T054053_004685_009421_38F8,VV,2025-10-23,adapt,692
Hamburg,S1C_IW_GRDH_1SDV_20251104T054028_20251104T054053_004860_0099AE_A2F9,VV,2025-11-04,eval,821
Hamburg,S1C_IW_GRDH_1SDV_20251116T054027_20251116T054052_005035_009F87_5F14,VV,2025-11-16,eval,969
Hamburg,S1C_IW_GRDH_1SDV_20251128T054027_20251128T054052_005210_00A568_4CE6,VV,2025-11-28,eval,697
Hamburg,S1C_IW_GRDH_1SDV_20251210T054026_20251210T054051_005385_00AB6C_2021,VV,2025-12-10,eval,803
Hamburg,S1C_IW_GRDH_1SDV_20251222T054026_20251222T054051_005560_00B165_BF35,VV,2025-12-22,eval,684
Houston,S1A_IW_GRDH_1SDV_20250102T122317_20250102T122347_057265_070B6D_EB07,VH,2025-01-02,adapt,38
Houston,S1A_IW_GRDH_1SDV_20250126T122315_20250126T122344_057615_071953_D83D,VH,2025-01-26,adapt,39
Houston,S1A_IW_GRDH_1SDV_20250315T122314_20250315T122344_058315_07357B_31CC,VH,2025-03-15,adapt,61
Houston,S1A_IW_GRDH_1SDV_20250401T002647_20250401T002712_058556_073F16_5FFE,VH,2025-04-01,eval,254
Houston,S1A_IW_GRDH_1SDV_20250607T122314_20250607T122344_059540_076452_AEAB,VH,2025-06-07,eval,48
Houston,S1A_IW_GRDH_1SDV_20250612T002645_20250612T002710_059606_07667E_E24C,VH,2025-06-12,eval,228
Houston,S1A_IW_GRDH_1SDV_20250718T002643_20250718T002708_060131_0778A6_1D3D,VH,2025-07-18,eval,284
Houston,S1A_IW_GRDH_1SDV_20250102T122317_20250102T122347_057265_070B6D_EB07,VV,2025-01-02,adapt,27
Houston,S1A_IW_GRDH_1SDV_20250126T122315_20250126T122344_057615_071953_D83D,VV,2025-01-26,adapt,37
Houston,S1A_IW_GRDH_1SDV_20250315T122314_20250315T122344_058315_07357B_31CC,VV,2025-03-15,adapt,56
Houston,S1A_IW_GRDH_1SDV_20250401T002647_20250401T002712_058556_073F16_5FFE,VV,2025-04-01,eval,206
Houston,S1A_IW_GRDH_1SDV_20250607T122314_20250607T122344_059540_076452_AEAB,VV,2025-06-07,eval,48
Houston,S1A_IW_GRDH_1SDV_20250612T002645_20250612T002710_059606_07667E_E24C,VV,2025-06-12,eval,273
Houston,S1A_IW_GRDH_1SDV_20250718T002643_20250718T002708_060131_0778A6_1D3D,VV,2025-07-18,eval,436
Jebel Ali,S1A_IW_GRDH_1SDV_20250101T142509_20250101T142534_057252_070AF6_8BC8,VH,2025-01-01,adapt,862
Jebel Ali,S1A_IW_GRDH_1SDV_20250104T021547_20250104T021611_057288_070C5C_2B74,VH,2025-01-04,adapt,685
Jebel Ali,S1A_IW_GRDH_1SDV_20250113T142508_20250113T142533_057427_0711E2_2089,VH,2025-01-13,adapt,928
Jebel Ali,S1A_IW_GRDH_1SDV_20250125T142507_20250125T142532_057602_0718D6_9C14,VH,2025-01-25,adapt,1050
Jebel Ali,S1A_IW_GRDH_1SDV_20250206T142506_20250206T142531_057777_071FC4_4425,VH,2025-02-06,adapt,979
Jebel Ali,S1A_IW_GRDH_1SDV_20250218T142506_20250218T142531_057952_0726CE_AB2C,VH,2025-02-18,adapt,894
Jebel Ali,S1A_IW_GRDH_1SDV_20250302T142506_20250302T142531_058127_072DF2_C32F,VH,2025-03-02,adapt,811
Jebel Ali,S1A_IW_GRDH_1SDV_20250314T142506_20250314T142531_058302_073505_F8D8,VH,2025-03-14,adapt,912
Jebel Ali,S1A_IW_GRDH_1SDV_20250317T021545_20250317T021609_058338_073664_181C,VH,2025-03-17,adapt,606
Jebel Ali,S1A_IW_GRDH_1SDV_20250326T142506_20250326T142531_058477_073BE1_A5C1,VH,2025-03-26,adapt,854
Jebel Ali,S1A_IW_GRDH_1SDV_20250407T142506_20250407T142531_058652_07430E_28DD,VH,2025-04-07,adapt,850
Jebel Ali,S1A_IW_GRDH_1SDV_20250410T021545_20250410T021609_058688_074483_D3BC,VH,2025-04-10,adapt,730
Jebel Ali,S1A_IW_GRDH_1SDV_20250419T142506_20250419T142531_058827_074A34_03DC,VH,2025-04-19,adapt,874
Jebel Ali,S1A_IW_GRDH_1SDV_20250501T142507_20250501T142532_059002_075153_F22D,VH,2025-05-01,adapt,848
Jebel Ali,S1A_IW_GRDH_1SDV_20250513T142506_20250513T142531_059177_0757CB_F25B,VH,2025-05-13,adapt,843
Jebel Ali,S1A_IW_GRDH_1SDV_20250525T142506_20250525T142531_059352_075DD8_6C78,VH,2025-05-25,adapt,864
Jebel Ali,S1A_IW_GRDH_1SDV_20250606T142505_20250606T142530_059527_0763E5_967B,VH,2025-06-06,adapt,849
Jebel Ali,S1A_IW_GRDH_1SDV_20250609T021544_20250609T021608_059563_076513_C2E0,VH,2025-06-09,adapt,766
Jebel Ali,S1A_IW_GRDH_1SDV_20250618T142504_20250618T142529_059702_0769DE_8658,VH,2025-06-18,adapt,849
Jebel Ali,S1A_IW_GRDH_1SDV_20250621T021544_20250621T021607_059738_076B1D_2523,VH,2025-06-21,adapt,731
Jebel Ali,S1A_IW_GRDH_1SDV_20250630T142504_20250630T142529_059877_076FF7_ED71,VH,2025-06-30,adapt,868
Jebel Ali,S1A_IW_GRDH_1SDV_20250715T021542_20250715T021606_060088_077739_3740,VH,2025-07-15,adapt,740
Jebel Ali,S1A_IW_GRDH_1SDV_20250724T142503_20250724T142528_060227_077C09_9CBA,VH,2025-07-24,eval,875
Jebel Ali,S1A_IW_GRDH_1SDV_20250805T142503_20250805T142528_060402_078207_9714,VH,2025-08-05,eval,883
Jebel Ali,S1A_IW_GRDH_1SDV_20250817T142503_20250817T142528_060577_0788DF_80F4,VH,2025-08-17,eval,873
Jebel Ali,S1A_IW_GRDH_1SDV_20250829T142503_20250829T142528_060752_078FC4_CDEA,VH,2025-08-29,eval,845
Jebel Ali,S1A_IW_GRDH_1SDV_20250901T021542_20250901T021605_060788_07912C_0086,VH,2025-09-01,eval,727
Jebel Ali,S1A_IW_GRDH_1SDV_20250910T142503_20250910T142528_060927_0796BD_18EC,VH,2025-09-10,eval,881
Jebel Ali,S1A_IW_GRDH_1SDV_20250922T142504_20250922T142529_061102_079DC2_7207,VH,2025-09-22,eval,880
Jebel Ali,S1A_IW_GRDH_1SDV_20250925T021543_20250925T021606_061138_079F34_4E55,VH,2025-09-25,eval,733
Jebel Ali,S1A_IW_GRDH_1SDV_20251004T142503_20251004T142528_061277_07A4D4_B04D,VH,2025-10-04,eval,890
Jebel Ali,S1A_IW_GRDH_1SDV_20251016T142504_20251016T142529_061452_07ABDD_BF78,VH,2025-10-16,eval,854
Jebel Ali,S1A_IW_GRDH_1SDV_20251028T142503_20251028T142528_061627_07B2E5_AF8B,VH,2025-10-28,eval,922
Jebel Ali,S1A_IW_GRDH_1SDV_20251109T142503_20251109T142528_061802_07B9BD_1AE4,VH,2025-11-09,eval,873
Jebel Ali,S1A_IW_GRDH_1SDV_20251121T142503_20251121T142528_061977_07C08B_B3BC,VH,2025-11-21,eval,853
Jebel Ali,S1A_IW_GRDH_1SDV_20251203T142501_20251203T142526_062152_07C75E_D213,VH,2025-12-03,eval,898
Jebel Ali,S1A_IW_GRDH_1SDV_20251206T021540_20251206T021603_062188_07C8BF_E0FB,VH,2025-12-06,eval,740
Jebel Ali,S1A_IW_GRDH_1SDV_20251215T142500_20251215T142525_062327_07CE36_F264,VH,2025-12-15,eval,828
Jebel Ali,S1A_IW_GRDH_1SDV_20251227T142459_20251227T142524_062502_07D505_24C1,VH,2025-12-27,eval,953
Jebel Ali,S1C_IW_GRDH_1SDV_20250814T021436_20250814T021501_003662_00752F_F0F2,VH,2025-08-14,eval,772
Jebel Ali,S1C_IW_GRDH_1SDV_20251013T021438_20251013T021503_004537_008FA6_7629,VH,2025-10-13,eval,838
Jebel Ali,S1C_IW_GRDH_1SDV_20251025T021438_20251025T021503_004712_0094F6_EC36,VH,2025-10-25,eval,782
Jebel Ali,S1C_IW_GRDH_1SDV_20251106T021437_20251106T021502_004887_009A94_6EF3,VH,2025-11-06,eval,790
Jebel Ali,S1C_IW_GRDH_1SDV_20251130T021436_20251130T021501_005237_00A653_4A11,VH,2025-11-30,eval,784
Jebel Ali,S1A_IW_GRDH_1SDV_20250101T142509_20250101T142534_057252_070AF6_8BC8,VV,2025-01-01,adapt,847
Jebel Ali,S1A_IW_GRDH_1SDV_20250104T021547_20250104T021611_057288_070C5C_2B74,VV,2025-01-04,adapt,697
Jebel Ali,S1A_IW_GRDH_1SDV_20250113T142508_20250113T142533_057427_0711E2_2089,VV,2025-01-13,adapt,1012
Jebel Ali,S1A_IW_GRDH_1SDV_20250125T142507_20250125T142532_057602_0718D6_9C14,VV,2025-01-25,adapt,1489
Jebel Ali,S1A_IW_GRDH_1SDV_20250206T142506_20250206T142531_057777_071FC4_4425,VV,2025-02-06,adapt,1126
Jebel Ali,S1A_IW_GRDH_1SDV_20250218T142506_20250218T142531_057952_0726CE_AB2C,VV,2025-02-18,adapt,1151
Jebel Ali,S1A_IW_GRDH_1SDV_20250302T142506_20250302T142531_058127_072DF2_C32F,VV,2025-03-02,adapt,792
Jebel Ali,S1A_IW_GRDH_1SDV_20250314T142506_20250314T142531_058302_073505_F8D8,VV,2025-03-14,adapt,1470
Jebel Ali,S1A_IW_GRDH_1SDV_20250317T021545_20250317T021609_058338_073664_181C,VV,2025-03-17,adapt,650
Jebel Ali,S1A_IW_GRDH_1SDV_20250326T142506_20250326T142531_058477_073BE1_A5C1,VV,2025-03-26,adapt,1109
Jebel Ali,S1A_IW_GRDH_1SDV_20250407T142506_20250407T142531_058652_07430E_28DD,VV,2025-04-07,adapt,1161
Jebel Ali,S1A_IW_GRDH_1SDV_20250410T021545_20250410T021609_058688_074483_D3BC,VV,2025-04-10,adapt,991
Jebel Ali,S1A_IW_GRDH_1SDV_20250419T142506_20250419T142531_058827_074A34_03DC,VV,2025-04-19,adapt,885
Jebel Ali,S1A_IW_GRDH_1SDV_20250501T142507_20250501T142532_059002_075153_F22D,VV,2025-05-01,adapt,1171
Jebel Ali,S1A_IW_GRDH_1SDV_20250513T142506_20250513T142531_059177_0757CB_F25B,VV,2025-05-13,adapt,1253
Jebel Ali,S1A_IW_GRDH_1SDV_20250525T142506_20250525T142531_059352_075DD8_6C78,VV,2025-05-25,adapt,1253
Jebel Ali,S1A_IW_GRDH_1SDV_20250606T142505_20250606T142530_059527_0763E5_967B,VV,2025-06-06,adapt,1099
Jebel Ali,S1A_IW_GRDH_1SDV_20250609T021544_20250609T021608_059563_076513_C2E0,VV,2025-06-09,adapt,1034
Jebel Ali,S1A_IW_GRDH_1SDV_20250618T142504_20250618T142529_059702_0769DE_8658,VV,2025-06-18,adapt,1155
Jebel Ali,S1A_IW_GRDH_1SDV_20250621T021544_20250621T021607_059738_076B1D_2523,VV,2025-06-21,adapt,892
Jebel Ali,S1A_IW_GRDH_1SDV_20250630T142504_20250630T142529_059877_076FF7_ED71,VV,2025-06-30,adapt,1326
Jebel Ali,S1A_IW_GRDH_1SDV_20250715T021542_20250715T021606_060088_077739_3740,VV,2025-07-15,adapt,1026
Jebel Ali,S1A_IW_GRDH_1SDV_20250724T142503_20250724T142528_060227_077C09_9CBA,VV,2025-07-24,eval,1314
Jebel Ali,S1A_IW_GRDH_1SDV_20250805T142503_20250805T142528_060402_078207_9714,VV,2025-08-05,eval,1357
Jebel Ali,S1A_IW_GRDH_1SDV_20250817T142503_20250817T142528_060577_0788DF_80F4,VV,2025-08-17,eval,1376
Jebel Ali,S1A_IW_GRDH_1SDV_20250829T142503_20250829T142528_060752_078FC4_CDEA,VV,2025-08-29,eval,1265
Jebel Ali,S1A_IW_GRDH_1SDV_20250901T021542_20250901T021605_060788_07912C_0086,VV,2025-09-01,eval,1059
Jebel Ali,S1A_IW_GRDH_1SDV_20250910T142503_20250910T142528_060927_0796BD_18EC,VV,2025-09-10,eval,1280
Jebel Ali,S1A_IW_GRDH_1SDV_20250922T142504_20250922T142529_061102_079DC2_7207,VV,2025-09-22,eval,1219
Jebel Ali,S1A_IW_GRDH_1SDV_20250925T021543_20250925T021606_061138_079F34_4E55,VV,2025-09-25,eval,904
Jebel Ali,S1A_IW_GRDH_1SDV_20251004T142503_20251004T142528_061277_07A4D4_B04D,VV,2025-10-04,eval,1095
Jebel Ali,S1A_IW_GRDH_1SDV_20251016T142504_20251016T142529_061452_07ABDD_BF78,VV,2025-10-16,eval,1388
Jebel Ali,S1A_IW_GRDH_1SDV_20251028T142503_20251028T142528_061627_07B2E5_AF8B,VV,2025-10-28,eval,1283
Jebel Ali,S1A_IW_GRDH_1SDV_20251109T142503_20251109T142528_061802_07B9BD_1AE4,VV,2025-11-09,eval,1234
Jebel Ali,S1A_IW_GRDH_1SDV_20251121T142503_20251121T142528_061977_07C08B_B3BC,VV,2025-11-21,eval,1283
Jebel Ali,S1A_IW_GRDH_1SDV_20251203T142501_20251203T142526_062152_07C75E_D213,VV,2025-12-03,eval,1390
Jebel Ali,S1A_IW_GRDH_1SDV_20251206T021540_20251206T021603_062188_07C8BF_E0FB,VV,2025-12-06,eval,1003
Jebel Ali,S1A_IW_GRDH_1SDV_20251215T142500_20251215T142525_062327_07CE36_F264,VV,2025-12-15,eval,930
Jebel Ali,S1A_IW_GRDH_1SDV_20251227T142459_20251227T142524_062502_07D505_24C1,VV,2025-12-27,eval,1712
Jebel Ali,S1C_IW_GRDH_1SDV_20250814T021436_20250814T021501_003662_00752F_F0F2,VV,2025-08-14,eval,978
Jebel Ali,S1C_IW_GRDH_1SDV_20251013T021438_20251013T021503_004537_008FA6_7629,VV,2025-10-13,eval,983
Jebel Ali,S1C_IW_GRDH_1SDV_20251025T021438_20251025T021503_004712_0094F6_EC36,VV,2025-10-25,eval,953
Jebel Ali,S1C_IW_GRDH_1SDV_20251106T021437_20251106T021502_004887_009A94_6EF3,VV,2025-11-06,eval,898
Jebel Ali,S1C_IW_GRDH_1SDV_20251130T021436_20251130T021501_005237_00A653_4A11,VV,2025-11-30,eval,911
Los Angeles,S1A_IW_GRDH_1SDV_20250202T135247_20250202T135312_057718_071D69_2EC7,VH,2025-02-02,adapt,55
Los Angeles,S1C_IW_GRDH_1SDV_20250414T015728_20250414T015809_001883_0039AF_C154,VH,2025-04-14,eval,160
Los Angeles,S1A_IW_GRDH_1SDV_20250202T135247_20250202T135312_057718_071D69_2EC7,VV,2025-02-02,adapt,45
Los Angeles,S1C_IW_GRDH_1SDV_20250414T015728_20250414T015809_001883_0039AF_C154,VV,2025-04-14,eval,78
Melbourne,S1A_IW_GRDH_1SDV_20250217T193335_20250217T193400_057940_072653_7401,VH,2025-02-17,adapt,153
Melbourne,S1A_IW_GRDH_1SDV_20250406T193335_20250406T193400_058640_074290_9E86,VH,2025-04-06,adapt,122
Melbourne,S1A_IW_GRDH_1SDV_20250418T193335_20250418T193400_058815_0749B9_7FEC,VH,2025-04-18,eval,146
Melbourne,S1A_IW_GRDH_1SDV_20250629T193333_20250629T193358_059865_076F8D_C18A,VH,2025-06-29,eval,122
Melbourne,S1A_IW_GRDH_1SDV_20250217T193335_20250217T193400_057940_072653_7401,VV,2025-02-17,adapt,386
Melbourne,S1A_IW_GRDH_1SDV_20250406T193335_20250406T193400_058640_074290_9E86,VV,2025-04-06,adapt,166
Melbourne,S1A_IW_GRDH_1SDV_20250418T193335_20250418T193400_058815_0749B9_7FEC,VV,2025-04-18,eval,315
Melbourne,S1A_IW_GRDH_1SDV_20250629T193333_20250629T193358_059865_076F8D_C18A,VV,2025-06-29,eval,86
Mombasa,S1A_IW_GRDH_1SDV_20250115T153906_20250115T153935_057456_071303_0ED7,VH,2025-01-15,adapt,13
Mombasa,S1A_IW_GRDH_1SDV_20250127T153906_20250127T153935_057631_0719FF_8570,VH,2025-01-27,adapt,20
Mombasa,S1A_IW_GRDH_1SDV_20250220T153905_20250220T153934_057981_0727FE_BF71,VH,2025-02-20,adapt,21
Mombasa,S1A_IW_GRDH_1SDV_20250316T153905_20250316T153934_058331_073622_85D9,VH,2025-03-16,adapt,20
Mombasa,S1A_IW_GRDH_1SDV_20250328T153905_20250328T153934_058506_073D15_583F,VH,2025-03-28,adapt,24
Mombasa,S1A_IW_GRDH_1SDV_20250421T153906_20250421T153935_058856_074B68_80A1,VH,2025-04-21,adapt,13
Mombasa,S1A_IW_GRDH_1SDV_20250515T153905_20250515T153934_059206_0758C3_2241,VH,2025-05-15,adapt,16
Mombasa,S1A_IW_GRDH_1SDV_20250527T153905_20250527T153934_059381_075EDC_EE48,VH,2025-05-27,adapt,18
Mombasa,S1A_IW_GRDH_1SDV_20250620T153903_20250620T153932_059731_076AE1_A027,VH,2025-06-20,adapt,15
Mombasa,S1A_IW_GRDH_1SDV_20250702T153903_20250702T153932_059906_0770FC_6D94,VH,2025-07-02,adapt,18
Mombasa,S1A_IW_GRDH_1SDV_20250714T153902_20250714T153931_060081_0776FF_25DB,VH,2025-07-14,adapt,36
Mombasa,S1A_IW_GRDH_1SDV_20250726T153902_20250726T153931_060256_077D04_0826,VH,2025-07-26,eval,21
Mombasa,S1A_IW_GRDH_1SDV_20250819T153902_20250819T153931_060606_078A07_42F0,VH,2025-08-19,eval,16
Mombasa,S1A_IW_GRDH_1SDV_20250831T153902_20250831T153931_060781_0790EA_0B81,VH,2025-08-31,eval,24
Mombasa,S1A_IW_GRDH_1SDV_20250912T153902_20250912T153931_060956_0797E9_52CC,VH,2025-09-12,eval,25
Mombasa,S1A_IW_GRDH_1SDV_20250924T153902_20250924T153931_061131_079EEF_95D2,VH,2025-09-24,eval,22
Mombasa,S1A_IW_GRDH_1SDV_20251006T153903_20251006T153932_061306_07A5FE_9B54,VH,2025-10-06,eval,21
Mombasa,S1A_IW_GRDH_1SDV_20251018T153903_20251018T153932_061481_07AD03_B243,VH,2025-10-18,eval,26
Mombasa,S1A_IW_GRDH_1SDV_20251030T153902_20251030T153931_061656_07B411_FB08,VH,2025-10-30,eval,39
Mombasa,S1C_IW_GRDH_1SDV_20250920T030348_20250920T030413_004202_008573_E1A5,VH,2025-09-20,eval,27
Mombasa,S1C_IW_GRDH_1SDV_20251026T030348_20251026T030413_004727_009566_6FE4,VH,2025-10-26,eval,40
Mombasa,S1C_IW_GRDH_1SDV_20251107T030348_20251107T030413_004902_009B16_327F,VH,2025-11-07,eval,29
Mombasa,S1C_IW_GRDH_1SDV_20251201T030347_20251201T030412_005252_00A6CF_3A0E,VH,2025-12-01,eval,38
Mombasa,S1A_IW_GRDH_1SDV_20250115T153906_20250115T153935_057456_071303_0ED7,VV,2025-01-15,adapt,43
Mombasa,S1A_IW_GRDH_1SDV_20250127T153906_20250127T153935_057631_0719FF_8570,VV,2025-01-27,adapt,34
Mombasa,S1A_IW_GRDH_1SDV_20250220T153905_20250220T153934_057981_0727FE_BF71,VV,2025-02-20,adapt,29
Mombasa,S1A_IW_GRDH_1SDV_20250316T153905_20250316T153934_058331_073622_85D9,VV,2025-03-16,adapt,22
Mombasa,S1A_IW_GRDH_1SDV_20250328T153905_20250328T153934_058506_073D15_583F,VV,2025-03-28,adapt,35
Mombasa,S1A_IW_GRDH_1SDV_20250421T153906_20250421T153935_058856_074B68_80A1,VV,2025-04-21,adapt,21
Mombasa,S1A_IW_GRDH_1SDV_20250515T153905_20250515T153934_059206_0758C3_2241,VV,2025-05-15,adapt,65
Mombasa,S1A_IW_GRDH_1SDV_20250527T153905_20250527T153934_059381_075EDC_EE48,VV,2025-05-27,adapt,75
Mombasa,S1A_IW_GRDH_1SDV_20250620T153903_20250620T153932_059731_076AE1_A027,VV,2025-06-20,adapt,28
Mombasa,S1A_IW_GRDH_1SDV_20250702T153903_20250702T153932_059906_0770FC_6D94,VV,2025-07-02,adapt,23
Mombasa,S1A_IW_GRDH_1SDV_20250714T153902_20250714T153931_060081_0776FF_25DB,VV,2025-07-14,adapt,67
Mombasa,S1A_IW_GRDH_1SDV_20250726T153902_20250726T153931_060256_077D04_0826,VV,2025-07-26,eval,51
Mombasa,S1A_IW_GRDH_1SDV_20250819T153902_20250819T153931_060606_078A07_42F0,VV,2025-08-19,eval,40
Mombasa,S1A_IW_GRDH_1SDV_20250831T153902_20250831T153931_060781_0790EA_0B81,VV,2025-08-31,eval,37
Mombasa,S1A_IW_GRDH_1SDV_20250912T153902_20250912T153931_060956_0797E9_52CC,VV,2025-09-12,eval,115
Mombasa,S1A_IW_GRDH_1SDV_20250924T153902_20250924T153931_061131_079EEF_95D2,VV,2025-09-24,eval,36
Mombasa,S1A_IW_GRDH_1SDV_20251006T153903_20251006T153932_061306_07A5FE_9B54,VV,2025-10-06,eval,41
Mombasa,S1A_IW_GRDH_1SDV_20251018T153903_20251018T153932_061481_07AD03_B243,VV,2025-10-18,eval,43
Mombasa,S1A_IW_GRDH_1SDV_20251030T153902_20251030T153931_061656_07B411_FB08,VV,2025-10-30,eval,60
Mombasa,S1C_IW_GRDH_1SDV_20250920T030348_20250920T030413_004202_008573_E1A5,VV,2025-09-20,eval,85
Mombasa,S1C_IW_GRDH_1SDV_20251026T030348_20251026T030413_004727_009566_6FE4,VV,2025-10-26,eval,89
Mombasa,S1C_IW_GRDH_1SDV_20251107T030348_20251107T030413_004902_009B16_327F,VV,2025-11-07,eval,50
Mombasa,S1C_IW_GRDH_1SDV_20251201T030347_20251201T030412_005252_00A6CF_3A0E,VV,2025-12-01,eval,79
New York,S1A_IW_GRDH_1SDV_20250211T225059_20250211T225124_057855_0722DE_45FE,VH,2025-02-11,adapt,104
New York,S1A_IW_GRDH_1SDV_20251126T225109_20251126T225134_062055_07C38B_B529,VH,2025-11-26,eval,206
New York,S1A_IW_GRDH_1SDV_20250211T225059_20250211T225124_057855_0722DE_45FE,VV,2025-02-11,adapt,254
New York,S1A_IW_GRDH_1SDV_20251126T225109_20251126T225134_062055_07C38B_B529,VV,2025-11-26,eval,665
Newcastle,S1A_IW_GRDH_1SDV_20250121T190730_20250121T190755_057546_07169B_6835,VH,2025-01-21,adapt,56
Newcastle,S1A_IW_GRDH_1SDV_20250126T191540_20250126T191605_057619_07197E_F97F,VH,2025-01-26,adapt,19
Newcastle,S1A_IW_GRDH_1SDV_20250219T191539_20250219T191604_057969_072771_AEEC,VH,2025-02-19,adapt,22
Newcastle,S1A_IW_GRDH_1SDV_20250315T191539_20250315T191604_058319_0735A5_19A8,VH,2025-03-15,adapt,21
Newcastle,S1A_IW_GRDH_1SDV_20250514T191539_20250514T191604_059194_07585D_32C0,VH,2025-05-14,adapt,36
Newcastle,S1A_IW_GRDH_1SDV_20250619T191537_20250619T191602_059719_076A71_A28F,VH,2025-06-19,adapt,39
Newcastle,S1A_IW_GRDH_1SDV_20250806T191536_20250806T191601_060419_0782A5_AF18,VH,2025-08-06,eval,21
Newcastle,S1A_IW_GRDH_1SDV_20251017T191537_20251017T191602_061469_07AC87_CC33,VH,2025-10-17,eval,27
Newcastle,S1A_IW_GRDH_1SDV_20251029T191536_20251029T191601_061644_07B393_8142,VH,2025-10-29,eval,16
Newcastle,S1A_IW_GRDH_1SDV_20251110T191536_20251110T191601_061819_07BA62_4077,VH,2025-11-10,eval,37
Newcastle,S1A_IW_GRDH_1SDV_20251204T191534_20251204T191559_062169_07C80B_6F85,VH,2025-12-04,eval,16
Newcastle,S1C_IW_GRDH_1SDV_20250813T062133_20250813T062158_003650_0074D4_BCC0,VH,2025-08-13,eval,410
Newcastle,S1A_IW_GRDH_1SDV_20250121T190730_20250121T190755_057546_07169B_6835,VV,2025-01-21,adapt,65
Newcastle,S1A_IW_GRDH_1SDV_20250126T191540_20250126T191605_057619_07197E_F97F,VV,2025-01-26,adapt,42
Newcastle,S1A_IW_GRDH_1SDV_20250219T191539_20250219T191604_057969_072771_AEEC,VV,2025-02-19,adapt,41
Newcastle,S1A_IW_GRDH_1SDV_20250315T191539_20250315T191604_058319_0735A5_19A8,VV,2025-03-15,adapt,47
Newcastle,S1A_IW_GRDH_1SDV_20250514T191539_20250514T191604_059194_07585D_32C0,VV,2025-05-14,adapt,48
Newcastle,S1A_IW_GRDH_1SDV_20250619T191537_20250619T191602_059719_076A71_A28F,VV,2025-06-19,adapt,62
Newcastle,S1A_IW_GRDH_1SDV_20250806T191536_20250806T191601_060419_0782A5_AF18,VV,2025-08-06,eval,18
Newcastle,S1A_IW_GRDH_1SDV_20251017T191537_20251017T191602_061469_07AC87_CC33,VV,2025-10-17,eval,29
Newcastle,S1A_IW_GRDH_1SDV_20251029T191536_20251029T191601_061644_07B393_8142,VV,2025-10-29,eval,19
Newcastle,S1A_IW_GRDH_1SDV_20251110T191536_20251110T191601_061819_07BA62_4077,VV,2025-11-10,eval,39
Newcastle,S1A_IW_GRDH_1SDV_20251204T191534_20251204T191559_062169_07C80B_6F85,VV,2025-12-04,eval,23
Newcastle,S1C_IW_GRDH_1SDV_20250813T062133_20250813T062158_003650_0074D4_BCC0,VV,2025-08-13,eval,430
Ningbo-Zhoushan,S1A_IW_GRDH_1SDV_20250703T095436_20250703T095501_059918_07715F_4982,VH,2025-07-03,adapt,990
Ningbo-Zhoushan,S1A_IW_GRDH_1SDV_20251230T095431_20251230T095456_062543_07D685_F009,VH,2025-12-30,eval,1097
Ningbo-Zhoushan,S1A_IW_GRDH_1SDV_20250703T095436_20250703T095501_059918_07715F_4982,VV,2025-07-03,adapt,1553
Ningbo-Zhoushan,S1A_IW_GRDH_1SDV_20251230T095431_20251230T095456_062543_07D685_F009,VV,2025-12-30,eval,991
Port Hedland,S1C_IW_GRDH_1SDV_20250614T213050_20250614T213119_002784_005B97_D06D,VH,2025-06-14,adapt,96
Port Hedland,S1C_IW_GRDH_1SDV_20250813T213053_20250813T213122_003659_00751A_DBC8,VH,2025-08-13,adapt,88
Port Hedland,S1C_IW_GRDH_1SDV_20251024T213054_20251024T213124_004709_0094E0_DB1C,VH,2025-10-24,adapt,88
Port Hedland,S1C_IW_GRDH_1SDV_20251105T213054_20251105T213124_004884_009A7D_8FDC,VH,2025-11-05,adapt,104
Port Hedland,S1C_IW_GRDH_1SDV_20251117T213054_20251117T213123_005059_00A05C_1C3A,VH,2025-11-17,eval,61
Port Hedland,S1C_IW_GRDH_1SDV_20251129T213053_20251129T213123_005234_00A63B_63CD,VH,2025-11-29,eval,53
Port Hedland,S1C_IW_GRDH_1SDV_20251211T213053_20251211T213122_005409_00AC3F_40F8,VH,2025-12-11,eval,61
Port Hedland,S1C_IW_GRDH_1SDV_20251223T213052_20251223T213121_005584_00B23E_FFF7,VH,2025-12-23,eval,93
Port Hedland,S1C_IW_GRDH_1SDV_20250614T213050_20250614T213119_002784_005B97_D06D,VV,2025-06-14,adapt,150
Port Hedland,S1C_IW_GRDH_1SDV_20250813T213053_20250813T213122_003659_00751A_DBC8,VV,2025-08-13,adapt,136
Port Hedland,S1C_IW_GRDH_1SDV_20251024T213054_20251024T213124_004709_0094E0_DB1C,VV,2025-10-24,adapt,102
Port Hedland,S1C_IW_GRDH_1SDV_20251105T213054_20251105T213124_004884_009A7D_8FDC,VV,2025-11-05,adapt,116
Port Hedland,S1C_IW_GRDH_1SDV_20251117T213054_20251117T213123_005059_00A05C_1C3A,VV,2025-11-17,eval,61
Port Hedland,S1C_IW_GRDH_1SDV_20251129T213053_20251129T213123_005234_00A63B_63CD,VV,2025-11-29,eval,64
Port Hedland,S1C_IW_GRDH_1SDV_20251211T213053_20251211T213122_005409_00AC3F_40F8,VV,2025-12-11,eval,75
Port Hedland,S1C_IW_GRDH_1SDV_20251223T213052_20251223T213121_005584_00B23E_FFF7,VV,2025-12-23,eval,116
Port Klang,S1A_IW_GRDH_1SDV_20250310T113410_20250310T113435_058242_07329D_6109,VH,2025-03-10,adapt,342
Port Klang,S1A_IW_GRDH_1SDV_20250626T113408_20250626T113433_059817_076DDC_1C20,VH,2025-06-26,adapt,280
Port Klang,S1A_IW_GRDH_1SDV_20250708T113408_20250708T113433_059992_0773EA_C045,VH,2025-07-08,adapt,313
Port Klang,S1A_IW_GRDH_1SDV_20250720T113407_20250720T113432_060167_0779EF_8B2D,VH,2025-07-20,adapt,314
Port Klang,S1A_IW_GRDH_1SDV_20250813T113407_20250813T113432_060517_078680_45FA,VH,2025-08-13,adapt,376
Port Klang,S1A_IW_GRDH_1SDV_20250930T113407_20250930T113432_061217_07A26A_3C89,VH,2025-09-30,eval,306
Port Klang,S1A_IW_GRDH_1SDV_20251012T113408_20251012T113433_061392_07A972_E193,VH,2025-10-12,eval,315
Port Klang,S1A_IW_GRDH_1SDV_20251129T113406_20251129T113431_062092_07C503_6B6D,VH,2025-11-29,eval,372
Port Klang,S1A_IW_GRDH_1SDV_20251211T113405_20251211T113430_062267_07CBD7_A7ED,VH,2025-12-11,eval,336
Port Klang,S1A_IW_GRDH_1SDV_20251223T113403_20251223T113428_062442_07D2AB_3284,VH,2025-12-23,eval,329
Port Klang,S1A_IW_GRDH_1SDV_20260104T113402_20260104T113427_062617_07D969_8415,VH,2026-01-04,eval,382
Port Klang,S1A_IW_GRDH_1SDV_20250310T113410_20250310T113435_058242_07329D_6109,VV,2025-03-10,adapt,485
Port Klang,S1A_IW_GRDH_1SDV_20250626T113408_20250626T113433_059817_076DDC_1C20,VV,2025-06-26,adapt,289
Port Klang,S1A_IW_GRDH_1SDV_20250708T113408_20250708T113433_059992_0773EA_C045,VV,2025-07-08,adapt,324
Port Klang,S1A_IW_GRDH_1SDV_20250720T113407_20250720T113432_060167_0779EF_8B2D,VV,2025-07-20,adapt,342
Port Klang,S1A_IW_GRDH_1SDV_20250813T113407_20250813T113432_060517_078680_45FA,VV,2025-08-13,adapt,579
Port Klang,S1A_IW_GRDH_1SDV_20250930T113407_20250930T113432_061217_07A26A_3C89,VV,2025-09-30,eval,322
Port Klang,S1A_IW_GRDH_1SDV_20251012T113408_20251012T113433_061392_07A972_E193,VV,2025-10-12,eval,350
Port Klang,S1A_IW_GRDH_1SDV_20251129T113406_20251129T113431_062092_07C503_6B6D,VV,2025-11-29,eval,396
Port Klang,S1A_IW_GRDH_1SDV_20251211T113405_20251211T113430_062267_07CBD7_A7ED,VV,2025-12-11,eval,361
Port Klang,S1A_IW_GRDH_1SDV_20251223T113403_20251223T113428_062442_07D2AB_3284,VV,2025-12-23,eval,372
Port Klang,S1A_IW_GRDH_1SDV_20260104T113402_20260104T113427_062617_07D969_8415,VV,2026-01-04,eval,403
Port Said,S1A_IW_GRDH_1SDV_20250317T035236_20250317T035301_058339_07366E_1A19,VH,2025-03-17,adapt,261
Port Said,S1A_IW_GRDH_1SDV_20250422T035237_20250422T035302_058864_074BB7_3AD7,VH,2025-04-22,adapt,332
Port Said,S1A_IW_GRDH_1SDV_20250504T035237_20250504T035302_059039_0752BC_810D,VH,2025-05-04,adapt,300
Port Said,S1A_IW_GRDH_1SDV_20250516T035237_20250516T035302_059214_07590C_1B74,VH,2025-05-16,adapt,280
Port Said,S1A_IW_GRDH_1SDV_20250528T035236_20250528T035301_059389_075F25_EDE8,VH,2025-05-28,adapt,259
Port Said,S1A_IW_GRDH_1SDV_20250609T035235_20250609T035300_059564_07651D_4100,VH,2025-06-09,adapt,249
Port Said,S1A_IW_GRDH_1SDV_20250621T035235_20250621T035300_059739_076B27_C979,VH,2025-06-21,adapt,269
Port Said,S1A_IW_GRDH_1SDV_20250703T035234_20250703T035259_059914_077140_7BD6,VH,2025-07-03,adapt,275
Port Said,S1A_IW_GRDH_1SDV_20250715T035234_20250715T035259_060089_077743_FB08,VH,2025-07-15,adapt,291
Port Said,S1A_IW_GRDH_1SDV_20250727T035233_20250727T035258_060264_077D47_F0A8,VH,2025-07-27,adapt,276
Port Said,S1A_IW_GRDH_1SDV_20250808T035233_20250808T035258_060439_078370_CD54,VH,2025-08-08,adapt,279
Port Said,S1A_IW_GRDH_1SDV_20250820T035233_20250820T035258_060614_078A53_5450,VH,2025-08-20,eval,266
Port Said,S1A_IW_GRDH_1SDV_20250901T035233_20250901T035258_060789_079136_B324,VH,2025-09-01,eval,252
Port Said,S1A_IW_GRDH_1SDV_20250913T035234_20250913T035259_060964_079836_C838,VH,2025-09-13,eval,257
Port Said,S1A_IW_GRDH_1SDV_20250925T035234_20250925T035259_061139_079F3E_697B,VH,2025-09-25,eval,287
Port Said,S1A_IW_GRDH_1SDV_20251007T035234_20251007T035259_061314_07A64B_B254,VH,2025-10-07,eval,289
Port Said,S1A_IW_GRDH_1SDV_20251019T035234_20251019T035259_061489_07AD50_1AB6,VH,2025-10-19,eval,293
Port Said,S1A_IW_GRDH_1SDV_20251112T035233_20251112T035258_061839_07BB21_91CA,VH,2025-11-12,eval,268
Port Said,S1A_IW_GRDH_1SDV_20251124T035232_20251124T035257_062014_07C1F4_0DB0,VH,2025-11-24,eval,240
Port Said,S1A_IW_GRDH_1SDV_20251206T035231_20251206T035256_062189_07C8C7_B4B3,VH,2025-12-06,eval,210
Port Said,S1A_IW_GRDH_1SDV_20251218T035230_20251218T035255_062364_07CF9A_DF33,VH,2025-12-18,eval,256
Port Said,S1A_IW_GRDH_1SDV_20251230T035229_20251230T035254_062539_07D665_2BBB,VH,2025-12-30,eval,227
Port Said,S1A_IW_GRDH_1SDV_20250317T035236_20250317T035301_058339_07366E_1A19,VV,2025-03-17,adapt,542
Port Said,S1A_IW_GRDH_1SDV_20250422T035237_20250422T035302_058864_074BB7_3AD7,VV,2025-04-22,adapt,509
Port Said,S1A_IW_GRDH_1SDV_20250504T035237_20250504T035302_059039_0752BC_810D,VV,2025-05-04,adapt,340
Port Said,S1A_IW_GRDH_1SDV_20250516T035237_20250516T035302_059214_07590C_1B74,VV,2025-05-16,adapt,262
Port Said,S1A_IW_GRDH_1SDV_20250528T035236_20250528T035301_059389_075F25_EDE8,VV,2025-05-28,adapt,286
Port Said,S1A_IW_GRDH_1SDV_20250609T035235_20250609T035300_059564_07651D_4100,VV,2025-06-09,adapt,315
Port Said,S1A_IW_GRDH_1SDV_20250621T035235_20250621T035300_059739_076B27_C979,VV,2025-06-21,adapt,305
Port Said,S1A_IW_GRDH_1SDV_20250703T035234_20250703T035259_059914_077140_7BD6,VV,2025-07-03,adapt,396
Port Said,S1A_IW_GRDH_1SDV_20250715T035234_20250715T035259_060089_077743_FB08,VV,2025-07-15,adapt,363
Port Said,S1A_IW_GRDH_1SDV_20250727T035233_20250727T035258_060264_077D47_F0A8,VV,2025-07-27,adapt,373
Port Said,S1A_IW_GRDH_1SDV_20250808T035233_20250808T035258_060439_078370_CD54,VV,2025-08-08,adapt,340
Port Said,S1A_IW_GRDH_1SDV_20250820T035233_20250820T035258_060614_078A53_5450,VV,2025-08-20,eval,296
Port Said,S1A_IW_GRDH_1SDV_20250901T035233_20250901T035258_060789_079136_B324,VV,2025-09-01,eval,362
Port Said,S1A_IW_GRDH_1SDV_20250913T035234_20250913T035259_060964_079836_C838,VV,2025-09-13,eval,496
Port Said,S1A_IW_GRDH_1SDV_20250925T035234_20250925T035259_061139_079F3E_697B,VV,2025-09-25,eval,311
Port Said,S1A_IW_GRDH_1SDV_20251007T035234_20251007T035259_061314_07A64B_B254,VV,2025-10-07,eval,512
Port Said,S1A_IW_GRDH_1SDV_20251019T035234_20251019T035259_061489_07AD50_1AB6,VV,2025-10-19,eval,420
Port Said,S1A_IW_GRDH_1SDV_20251112T035233_20251112T035258_061839_07BB21_91CA,VV,2025-11-12,eval,328
Port Said,S1A_IW_GRDH_1SDV_20251124T035232_20251124T035257_062014_07C1F4_0DB0,VV,2025-11-24,eval,284
Port Said,S1A_IW_GRDH_1SDV_20251206T035231_20251206T035256_062189_07C8C7_B4B3,VV,2025-12-06,eval,258
Port Said,S1A_IW_GRDH_1SDV_20251218T035230_20251218T035255_062364_07CF9A_DF33,VV,2025-12-18,eval,259
Port Said,S1A_IW_GRDH_1SDV_20251230T035229_20251230T035254_062539_07D665_2BBB,VV,2025-12-30,eval,250
Qingdao,S1A_IW_GRDH_1SDV_20250128T095619_20250128T095644_057643_071A6C_C629,VH,2025-01-28,adapt,519
Qingdao,S1A_IW_GRDH_1SDV_20250209T095619_20250209T095644_057818_072156_A282,VH,2025-02-09,adapt,767
Qingdao,S1A_IW_GRDH_1SDV_20250317T095619_20250317T095644_058343_073693_570A,VH,2025-03-17,adapt,558
Qingdao,S1A_IW_GRDH_1SDV_20250329T095619_20250329T095644_058518_073D8B_5302,VH,2025-03-29,adapt,930
Qingdao,S1A_IW_GRDH_1SDV_20250410T095619_20250410T095644_058693_0744B4_726C,VH,2025-04-10,adapt,1085
Qingdao,S1A_IW_GRDH_1SDV_20250422T095619_20250422T095644_058868_074BDE_EE82,VH,2025-04-22,adapt,1429
Qingdao,S1A_IW_GRDH_1SDV_20250504T095619_20250504T095644_059043_0752E1_23FF,VH,2025-05-04,adapt,637
Qingdao,S1A_IW_GRDH_1SDV_20250516T095619_20250516T095644_059218_07592B_E377,VH,2025-05-16,adapt,696
Qingdao,S1A_IW_GRDH_1SDV_20250528T095618_20250528T095643_059393_075F43_4703,VH,2025-05-28,adapt,644
Qingdao,S1A_IW_GRDH_1SDV_20250609T095618_20250609T095643_059568_07653B_64EC,VH,2025-06-09,adapt,1835
Qingdao,S1A_IW_GRDH_1SDV_20250621T095617_20250621T095642_059743_076B46_1176,VH,2025-06-21,adapt,1144
Qingdao,S1A_IW_GRDH_1SDV_20250715T095616_20250715T095641_060093_077760_1FAF,VH,2025-07-15,adapt,706
Qingdao,S1A_IW_GRDH_1SDV_20250808T095615_20250808T095640_060443_078391_9942,VH,2025-08-08,eval,1025
Qingdao,S1A_IW_GRDH_1SDV_20250820T095615_20250820T095640_060618_078A74_3D5A,VH,2025-08-20,eval,850
Qingdao,S1A_IW_GRDH_1SDV_20250901T095616_20250901T095641_060793_079158_54A8,VH,2025-09-01,eval,1754
Qingdao,S1A_IW_GRDH_1SDV_20250925T095616_20250925T095641_061143_079F62_D4E3,VH,2025-09-25,eval,1156
Qingdao,S1A_IW_GRDH_1SDV_20251007T095617_20251007T095642_061318_07A66F_2CB9,VH,2025-10-07,eval,1687
Qingdao,S1A_IW_GRDH_1SDV_20251019T095616_20251019T095641_061493_07AD75_3A90,VH,2025-10-19,eval,563
Qingdao,S1A_IW_GRDH_1SDV_20251031T095616_20251031T095641_061668_07B482_0BCC,VH,2025-10-31,eval,1202
Qingdao,S1A_IW_GRDH_1SDV_20251112T095615_20251112T095640_061843_07BB43_DBA5,VH,2025-11-12,eval,1444
Qingdao,S1A_IW_GRDH_1SDV_20251124T095615_20251124T095640_062018_07C214_78ED,VH,2025-11-24,eval,651
Qingdao,S1A_IW_GRDH_1SDV_20251206T095613_20251206T095638_062193_07C8EB_13B5,VH,2025-12-06,eval,1009
Qingdao,S1A_IW_GRDH_1SDV_20251218T095612_20251218T095637_062368_07CFBE_D9B3,VH,2025-12-18,eval,869
Qingdao,S1A_IW_GRDH_1SDV_20251230T095611_20251230T095636_062543_07D685_8E60,VH,2025-12-30,eval,888
Qingdao,S1C_IW_GRDH_1SDV_20251025T215643_20251025T215708_004724_00954D_12A7,VH,2025-10-25,eval,2036
Qingdao,S1A_IW_GRDH_1SDV_20250128T095619_20250128T095644_057643_071A6C_C629,VV,2025-01-28,adapt,606
Qingdao,S1A_IW_GRDH_1SDV_20250209T095619_20250209T095644_057818_072156_A282,VV,2025-02-09,adapt,1021
Qingdao,S1A_IW_GRDH_1SDV_20250317T095619_20250317T095644_058343_073693_570A,VV,2025-03-17,adapt,624
Qingdao,S1A_IW_GRDH_1SDV_20250329T095619_20250329T095644_058518_073D8B_5302,VV,2025-03-29,adapt,1139
Qingdao,S1A_IW_GRDH_1SDV_20250410T095619_20250410T095644_058693_0744B4_726C,VV,2025-04-10,adapt,1422
Qingdao,S1A_IW_GRDH_1SDV_20250422T095619_20250422T095644_058868_074BDE_EE82,VV,2025-04-22,adapt,1695
Qingdao,S1A_IW_GRDH_1SDV_20250504T095619_20250504T095644_059043_0752E1_23FF,VV,2025-05-04,adapt,820
Qingdao,S1A_IW_GRDH_1SDV_20250516T095619_20250516T095644_059218_07592B_E377,VV,2025-05-16,adapt,1074
Qingdao,S1A_IW_GRDH_1SDV_20250528T095618_20250528T095643_059393_075F43_4703,VV,2025-05-28,adapt,827
Qingdao,S1A_IW_GRDH_1SDV_20250609T095618_20250609T095643_059568_07653B_64EC,VV,2025-06-09,adapt,3769
Qingdao,S1A_IW_GRDH_1SDV_20250621T095617_20250621T095642_059743_076B46_1176,VV,2025-06-21,adapt,1579
Qingdao,S1A_IW_GRDH_1SDV_20250715T095616_20250715T095641_060093_077760_1FAF,VV,2025-07-15,adapt,2267
Qingdao,S1A_IW_GRDH_1SDV_20250808T095615_20250808T095640_060443_078391_9942,VV,2025-08-08,eval,1227
Qingdao,S1A_IW_GRDH_1SDV_20250820T095615_20250820T095640_060618_078A74_3D5A,VV,2025-08-20,eval,1029
Qingdao,S1A_IW_GRDH_1SDV_20250901T095616_20250901T095641_060793_079158_54A8,VV,2025-09-01,eval,1919
Qingdao,S1A_IW_GRDH_1SDV_20250925T095616_20250925T095641_061143_079F62_D4E3,VV,2025-09-25,eval,837
Qingdao,S1A_IW_GRDH_1SDV_20251007T095617_20251007T095642_061318_07A66F_2CB9,VV,2025-10-07,eval,1186
Qingdao,S1A_IW_GRDH_1SDV_20251019T095616_20251019T095641_061493_07AD75_3A90,VV,2025-10-19,eval,596
Qingdao,S1A_IW_GRDH_1SDV_20251031T095616_20251031T095641_061668_07B482_0BCC,VV,2025-10-31,eval,855
Qingdao,S1A_IW_GRDH_1SDV_20251112T095615_20251112T095640_061843_07BB43_DBA5,VV,2025-11-12,eval,2699
Qingdao,S1A_IW_GRDH_1SDV_20251124T095615_20251124T095640_062018_07C214_78ED,VV,2025-11-24,eval,608
Qingdao,S1A_IW_GRDH_1SDV_20251206T095613_20251206T095638_062193_07C8EB_13B5,VV,2025-12-06,eval,777
Qingdao,S1A_IW_GRDH_1SDV_20251218T095612_20251218T095637_062368_07CFBE_D9B3,VV,2025-12-18,eval,695
Qingdao,S1A_IW_GRDH_1SDV_20251230T095611_20251230T095636_062543_07D685_8E60,VV,2025-12-30,eval,721
Qingdao,S1C_IW_GRDH_1SDV_20251025T215643_20251025T215708_004724_00954D_12A7,VV,2025-10-25,eval,1578
Richards Bay,S1A_IW_GRDH_1SDV_20250327T163005_20250327T163030_058492_073C79_EAA7,VH,2025-03-27,adapt,35
Richards Bay,S1A_IW_GRDH_1SDV_20250502T163006_20250502T163031_059017_0751E2_680E,VH,2025-05-02,adapt,41
Richards Bay,S1A_IW_GRDH_1SDV_20250526T163005_20250526T163030_059367_075E5F_4FCB,VH,2025-05-26,adapt,38
Richards Bay,S1A_IW_GRDH_1SDV_20250607T163005_20250607T163030_059542_076467_C24A,VH,2025-06-07,adapt,30
Richards Bay,S1A_IW_GRDH_1SDV_20250619T163004_20250619T163029_059717_076A60_94E5,VH,2025-06-19,adapt,24
Richards Bay,S1A_IW_GRDH_1SDV_20250713T163003_20250713T163028_060067_07767F_5920,VH,2025-07-13,adapt,26
Richards Bay,S1A_IW_GRDH_1SDV_20250725T163002_20250725T163027_060242_077C8C_6445,VH,2025-07-25,eval,37
Richards Bay,S1A_IW_GRDH_1SDV_20250911T163003_20250911T163028_060942_079755_9E0D,VH,2025-09-11,eval,38
Richards Bay,S1A_IW_GRDH_1SDV_20251216T162959_20251216T163024_062342_07CECD_EF29,VH,2025-12-16,eval,52
Richards Bay,S1C_IW_GRDH_1SDV_20250920T031050_20250920T031118_004202_008574_3319,VH,2025-09-20,eval,85
Richards Bay,S1C_IW_GRDH_1SDV_20251002T031050_20251002T031117_004377_008ACD_BFF1,VH,2025-10-02,eval,55
Richards Bay,S1C_IW_GRDH_1SDV_20251119T031050_20251119T031117_005077_00A0F4_F122,VH,2025-11-19,eval,146
Richards Bay,S1A_IW_GRDH_1SDV_20250327T163005_20250327T163030_058492_073C79_EAA7,VV,2025-03-27,adapt,47
Richards Bay,S1A_IW_GRDH_1SDV_20250502T163006_20250502T163031_059017_0751E2_680E,VV,2025-05-02,adapt,75
Richards Bay,S1A_IW_GRDH_1SDV_20250526T163005_20250526T163030_059367_075E5F_4FCB,VV,2025-05-26,adapt,50
Richards Bay,S1A_IW_GRDH_1SDV_20250607T163005_20250607T163030_059542_076467_C24A,VV,2025-06-07,adapt,35
Richards Bay,S1A_IW_GRDH_1SDV_20250619T163004_20250619T163029_059717_076A60_94E5,VV,2025-06-19,adapt,34
Richards Bay,S1A_IW_GRDH_1SDV_20250713T163003_20250713T163028_060067_07767F_5920,VV,2025-07-13,adapt,49
Richards Bay,S1A_IW_GRDH_1SDV_20250725T163002_20250725T163027_060242_077C8C_6445,VV,2025-07-25,eval,63
Richards Bay,S1A_IW_GRDH_1SDV_20250911T163003_20250911T163028_060942_079755_9E0D,VV,2025-09-11,eval,70
Richards Bay,S1A_IW_GRDH_1SDV_20251216T162959_20251216T163024_062342_07CECD_EF29,VV,2025-12-16,eval,84
Richards Bay,S1C_IW_GRDH_1SDV_20250920T031050_20250920T031118_004202_008574_3319,VV,2025-09-20,eval,105
Richards Bay,S1C_IW_GRDH_1SDV_20251002T031050_20251002T031117_004377_008ACD_BFF1,VV,2025-10-02,eval,125
Richards Bay,S1C_IW_GRDH_1SDV_20251119T031050_20251119T031117_005077_00A0F4_F122,VV,2025-11-19,eval,199
Rotterdam,S1A_IW_GRDH_1SDV_20250112T055841_20250112T055906_057407_07110D_854D,VH,2025-01-12,adapt,1642
Rotterdam,S1A_IW_GRDH_1SDV_20250217T055839_20250217T055904_057932_0725F5_9F4A,VH,2025-02-17,adapt,1233
Rotterdam,S1A_IW_GRDH_1SDV_20250418T055840_20250418T055905_058807_074958_2BFC,VH,2025-04-18,adapt,1530
Rotterdam,S1A_IW_GRDH_1SDV_20250711T055837_20250711T055902_060032_077547_699B,VH,2025-07-11,adapt,1438
Rotterdam,S1A_IW_GRDH_1SDV_20250909T055837_20250909T055902_060907_0795EC_8CC1,VH,2025-09-09,adapt,1393
Rotterdam,S1A_IW_GRDH_1SDV_20251027T055837_20251027T055902_061607_07B211_E251,VH,2025-10-27,eval,1202
Rotterdam,S1A_IW_GRDH_1SDV_20251120T055836_20251120T055901_061957_07BFB6_DC2D,VH,2025-11-20,eval,1358
Rotterdam,S1A_IW_GRDH_1SDV_20251202T055835_20251202T055900_062132_07C68A_27C0,VH,2025-12-02,eval,1383
Rotterdam,S1A_IW_GRDH_1SDV_20251214T055834_20251214T055859_062307_07CD62_B45A,VH,2025-12-14,eval,1464
Rotterdam,S1A_IW_GRDH_1SDV_20251226T055832_20251226T055857_062482_07D430_A244,VH,2025-12-26,eval,1334
Rotterdam,S1A_IW_GRDH_1SDV_20260224T055828_20260224T055853_063357_07F51A_CAA5,VH,2026-02-24,eval,1507
Rotterdam,S1A_IW_GRDH_1SDV_20250112T055841_20250112T055906_057407_07110D_854D,VV,2025-01-12,adapt,2328
Rotterdam,S1A_IW_GRDH_1SDV_20250217T055839_20250217T055904_057932_0725F5_9F4A,VV,2025-02-17,adapt,1649
Rotterdam,S1A_IW_GRDH_1SDV_20250418T055840_20250418T055905_058807_074958_2BFC,VV,2025-04-18,adapt,2472
Rotterdam,S1A_IW_GRDH_1SDV_20250711T055837_20250711T055902_060032_077547_699B,VV,2025-07-11,adapt,1540
Rotterdam,S1A_IW_GRDH_1SDV_20250909T055837_20250909T055902_060907_0795EC_8CC1,VV,2025-09-09,adapt,1466
Rotterdam,S1A_IW_GRDH_1SDV_20251027T055837_20251027T055902_061607_07B211_E251,VV,2025-10-27,eval,815
Rotterdam,S1A_IW_GRDH_1SDV_20251120T055836_20251120T055901_061957_07BFB6_DC2D,VV,2025-11-20,eval,1237
Rotterdam,S1A_IW_GRDH_1SDV_20251202T055835_20251202T055900_062132_07C68A_27C0,VV,2025-12-02,eval,1295
Rotterdam,S1A_IW_GRDH_1SDV_20251214T055834_20251214T055859_062307_07CD62_B45A,VV,2025-12-14,eval,1394
Rotterdam,S1A_IW_GRDH_1SDV_20251226T055832_20251226T055857_062482_07D430_A244,VV,2025-12-26,eval,1253
Rotterdam,S1A_IW_GRDH_1SDV_20260224T055828_20260224T055853_063357_07F51A_CAA5,VV,2026-02-24,eval,1492
Santos,S1A_IW_GRDH_1SDV_20250213T083110_20250213T083139_057875_0723AA_0832,VH,2025-02-13,adapt,128
Santos,S1A_IW_GRDH_1SDV_20250309T083110_20250309T083139_058225_0731F2_0C8F,VH,2025-03-09,adapt,139
Santos,S1C_IW_GRDH_1SDV_20250526T083012_20250526T083037_002499_00535A_A7A9,VH,2025-05-26,adapt,132
Santos,S1C_IW_GRDH_1SDV_20250607T083013_20250607T083038_002674_005863_339E,VH,2025-06-07,adapt,118
Santos,S1C_IW_GRDH_1SDV_20250619T083013_20250619T083038_002849_005D71_762B,VH,2025-06-19,adapt,124
Santos,S1C_IW_GRDH_1SDV_20250713T083015_20250713T083040_003199_006788_CF0A,VH,2025-07-13,adapt,160
Santos,S1C_IW_GRDH_1SDV_20250725T083016_20250725T083041_003374_006C9F_DCD2,VH,2025-07-25,adapt,159
Santos,S1C_IW_GRDH_1SDV_20250806T083016_20250806T083041_003549_0071C1_63F3,VH,2025-08-06,eval,226
Santos,S1C_IW_GRDH_1SDV_20250923T083018_20250923T083043_004249_0086DF_07F5,VH,2025-09-23,eval,155
Santos,S1C_IW_GRDH_1SDV_20251005T083018_20251005T083043_004424_008C38_8E9B,VH,2025-10-05,eval,150
Santos,S1C_IW_GRDH_1SDV_20251017T083018_20251017T083043_004599_009184_9E4E,VH,2025-10-17,eval,172
Santos,S1C_IW_GRDH_1SDV_20251110T083017_20251110T083042_004949_009CA9_3A13,VH,2025-11-10,eval,145
Santos,S1C_IW_GRDH_1SDV_20251204T083017_20251204T083042_005299_00A86E_347C,VH,2025-12-04,eval,85
Santos,S1C_IW_GRDH_1SDV_20251216T083016_20251216T083041_005474_00AE73_758D,VH,2025-12-16,eval,93
Santos,S1C_IW_GRDH_1SDV_20251228T083015_20251228T083040_005649_00B479_86EE,VH,2025-12-28,eval,84
Santos,S1A_IW_GRDH_1SDV_20250213T083110_20250213T083139_057875_0723AA_0832,VV,2025-02-13,adapt,221
Santos,S1A_IW_GRDH_1SDV_20250309T083110_20250309T083139_058225_0731F2_0C8F,VV,2025-03-09,adapt,294
Santos,S1C_IW_GRDH_1SDV_20250526T083012_20250526T083037_002499_00535A_A7A9,VV,2025-05-26,adapt,143
Santos,S1C_IW_GRDH_1SDV_20250607T083013_20250607T083038_002674_005863_339E,VV,2025-06-07,adapt,120
Santos,S1C_IW_GRDH_1SDV_20250619T083013_20250619T083038_002849_005D71_762B,VV,2025-06-19,adapt,163
Santos,S1C_IW_GRDH_1SDV_20250713T083015_20250713T083040_003199_006788_CF0A,VV,2025-07-13,adapt,152
Santos,S1C_IW_GRDH_1SDV_20250725T083016_20250725T083041_003374_006C9F_DCD2,VV,2025-07-25,adapt,148
Santos,S1C_IW_GRDH_1SDV_20250806T083016_20250806T083041_003549_0071C1_63F3,VV,2025-08-06,eval,223
Santos,S1C_IW_GRDH_1SDV_20250923T083018_20250923T083043_004249_0086DF_07F5,VV,2025-09-23,eval,229
Santos,S1C_IW_GRDH_1SDV_20251005T083018_20251005T083043_004424_008C38_8E9B,VV,2025-10-05,eval,708
Santos,S1C_IW_GRDH_1SDV_20251017T083018_20251017T083043_004599_009184_9E4E,VV,2025-10-17,eval,216
Santos,S1C_IW_GRDH_1SDV_20251110T083017_20251110T083042_004949_009CA9_3A13,VV,2025-11-10,eval,144
Santos,S1C_IW_GRDH_1SDV_20251204T083017_20251204T083042_005299_00A86E_347C,VV,2025-12-04,eval,88
Santos,S1C_IW_GRDH_1SDV_20251216T083016_20251216T083041_005474_00AE73_758D,VV,2025-12-16,eval,112
Santos,S1C_IW_GRDH_1SDV_20251228T083015_20251228T083040_005649_00B479_86EE,VV,2025-12-28,eval,86
Shanghai,S1A_IW_GRDH_1SDV_20250422T095504_20250422T095529_058868_074BDE_2A15,VH,2025-04-22,adapt,2391
Shanghai,S1A_IW_GRDH_1SDV_20250504T095504_20250504T095529_059043_0752E1_E126,VH,2025-05-04,adapt,2248
Shanghai,S1A_IW_GRDH_1SDV_20250516T095504_20250516T095529_059218_07592B_0FC8,VH,2025-05-16,adapt,2182
Shanghai,S1A_IW_GRDH_1SDV_20250528T095503_20250528T095528_059393_075F43_DC80,VH,2025-05-28,adapt,2137
Shanghai,S1A_IW_GRDH_1SDV_20250609T095503_20250609T095528_059568_07653B_1E66,VH,2025-06-09,adapt,2345
Shanghai,S1A_IW_GRDH_1SDV_20250621T095502_20250621T095527_059743_076B46_2434,VH,2025-06-21,adapt,2170
Shanghai,S1A_IW_GRDH_1SDV_20250715T095501_20250715T095526_060093_077760_4889,VH,2025-07-15,adapt,1678
Shanghai,S1A_IW_GRDH_1SDV_20250727T095501_20250727T095526_060268_077D68_FED2,VH,2025-07-27,adapt,1605
Shanghai,S1A_IW_GRDH_1SDV_20250808T095500_20250808T095525_060443_078391_5813,VH,2025-08-08,adapt,2034
Shanghai,S1A_IW_GRDH_1SDV_20250820T095500_20250820T095525_060618_078A74_9040,VH,2025-08-20,adapt,1918
Shanghai,S1A_IW_GRDH_1SDV_20250913T095501_20250913T095526_060968_07985B_0B8B,VH,2025-09-13,eval,1699
Shanghai,S1A_IW_GRDH_1SDV_20250925T095501_20250925T095526_061143_079F62_43F4,VH,2025-09-25,eval,1823
Shanghai,S1A_IW_GRDH_1SDV_20251007T095502_20251007T095527_061318_07A66F_9734,VH,2025-10-07,eval,2070
Shanghai,S1A_IW_GRDH_1SDV_20251019T095501_20251019T095526_061493_07AD75_C893,VH,2025-10-19,eval,1425
Shanghai,S1A_IW_GRDH_1SDV_20251031T095501_20251031T095526_061668_07B482_E582,VH,2025-10-31,eval,1907
Shanghai,S1A_IW_GRDH_1SDV_20251112T095500_20251112T095525_061843_07BB43_791B,VH,2025-11-12,eval,1676
Shanghai,S1A_IW_GRDH_1SDV_20251124T095500_20251124T095525_062018_07C214_828E,VH,2025-11-24,eval,1726
Shanghai,S1A_IW_GRDH_1SDV_20251206T095458_20251206T095523_062193_07C8EB_18F6,VH,2025-12-06,eval,2005
Shanghai,S1A_IW_GRDH_1SDV_20251218T095457_20251218T095522_062368_07CFBE_85B2,VH,2025-12-18,eval,1983
Shanghai,S1A_IW_GRDH_1SDV_20251230T095456_20251230T095521_062543_07D685_E32F,VH,2025-12-30,eval,1813
Shanghai,S1A_IW_GRDH_1SDV_20250422T095504_20250422T095529_058868_074BDE_2A15,VV,2025-04-22,adapt,2590
Shanghai,S1A_IW_GRDH_1SDV_20250504T095504_20250504T095529_059043_0752E1_E126,VV,2025-05-04,adapt,2355
Shanghai,S1A_IW_GRDH_1SDV_20250516T095504_20250516T095529_059218_07592B_0FC8,VV,2025-05-16,adapt,2348
Shanghai,S1A_IW_GRDH_1SDV_20250528T095503_20250528T095528_059393_075F43_DC80,VV,2025-05-28,adapt,2294
Shanghai,S1A_IW_GRDH_1SDV_20250609T095503_20250609T095528_059568_07653B_1E66,VV,2025-06-09,adapt,2486
Shanghai,S1A_IW_GRDH_1SDV_20250621T095502_20250621T095527_059743_076B46_2434,VV,2025-06-21,adapt,2377
Shanghai,S1A_IW_GRDH_1SDV_20250715T095501_20250715T095526_060093_077760_4889,VV,2025-07-15,adapt,1648
Shanghai,S1A_IW_GRDH_1SDV_20250727T095501_20250727T095526_060268_077D68_FED2,VV,2025-07-27,adapt,1413
Shanghai,S1A_IW_GRDH_1SDV_20250808T095500_20250808T095525_060443_078391_5813,VV,2025-08-08,adapt,1890
Shanghai,S1A_IW_GRDH_1SDV_20250820T095500_20250820T095525_060618_078A74_9040,VV,2025-08-20,adapt,1790
Shanghai,S1A_IW_GRDH_1SDV_20250913T095501_20250913T095526_060968_07985B_0B8B,VV,2025-09-13,eval,1555
Shanghai,S1A_IW_GRDH_1SDV_20250925T095501_20250925T095526_061143_079F62_43F4,VV,2025-09-25,eval,1610
Shanghai,S1A_IW_GRDH_1SDV_20251007T095502_20251007T095527_061318_07A66F_9734,VV,2025-10-07,eval,1811
Shanghai,S1A_IW_GRDH_1SDV_20251019T095501_20251019T095526_061493_07AD75_C893,VV,2025-10-19,eval,1362
Shanghai,S1A_IW_GRDH_1SDV_20251031T095501_20251031T095526_061668_07B482_E582,VV,2025-10-31,eval,1769
Shanghai,S1A_IW_GRDH_1SDV_20251112T095500_20251112T095525_061843_07BB43_791B,VV,2025-11-12,eval,1562
Shanghai,S1A_IW_GRDH_1SDV_20251124T095500_20251124T095525_062018_07C214_828E,VV,2025-11-24,eval,1556
Shanghai,S1A_IW_GRDH_1SDV_20251206T095458_20251206T095523_062193_07C8EB_18F6,VV,2025-12-06,eval,1731
Shanghai,S1A_IW_GRDH_1SDV_20251218T095457_20251218T095522_062368_07CFBE_85B2,VV,2025-12-18,eval,1822
Shanghai,S1A_IW_GRDH_1SDV_20251230T095456_20251230T095521_062543_07D685_E32F,VV,2025-12-30,eval,1688
Singapore,S1A_IW_GRDH_1SDV_20250105T224813_20250105T224838_057315_070D6B_4F1E,VH,2025-01-05,adapt,1204
Singapore,S1A_IW_GRDH_1SDV_20250117T224812_20250117T224837_057490_071459_C3D3,VH,2025-01-17,adapt,1208
Singapore,S1A_IW_GRDH_1SDV_20250210T224811_20250210T224836_057840_072244_0469,VH,2025-02-10,adapt,1281
Singapore,S1A_IW_GRDH_1SDV_20250222T224810_20250222T224835_058015_072961_178E,VH,2025-02-22,adapt,1159
Singapore,S1A_IW_GRDH_1SDV_20250306T224811_20250306T224836_058190_07308D_CDA9,VH,2025-03-06,adapt,1206
Singapore,S1A_IW_GRDH_1SDV_20250318T224811_20250318T224836_058365_073771_B1C2,VH,2025-03-18,adapt,1167
Singapore,S1A_IW_GRDH_1SDV_20250330T224811_20250330T224836_058540_073E75_9F1A,VH,2025-03-30,adapt,1213
Singapore,S1A_IW_GRDH_1SDV_20250411T224811_20250411T224836_058715_07459E_9525,VH,2025-04-11,adapt,1196
Singapore,S1A_IW_GRDH_1SDV_20250423T224811_20250423T224836_058890_074CC9_8953,VH,2025-04-23,adapt,1240
Singapore,S1A_IW_GRDH_1SDV_20250505T224811_20250505T224836_059065_0753C1_B8EA,VH,2025-05-05,adapt,1252
Singapore,S1A_IW_GRDH_1SDV_20250609T112534_20250609T112559_059568_076545_1D7F,VH,2025-06-09,adapt,1157
Singapore,S1A_IW_GRDH_1SDV_20250715T112532_20250715T112557_060093_07776A_62D2,VH,2025-07-15,adapt,1187
Singapore,S1A_IW_GRDH_1SDV_20250821T224808_20250821T224833_060640_078B59_E798,VH,2025-08-21,eval,1147
Singapore,S1A_IW_GRDH_1SDV_20250902T224808_20250902T224833_060815_079241_9713,VH,2025-09-02,eval,1123
Singapore,S1A_IW_GRDH_1SDV_20250914T224808_20250914T224833_060990_079946_63DA,VH,2025-09-14,eval,1242
Singapore,S1A_IW_GRDH_1SDV_20250926T224808_20250926T224833_061165_07A04B_FD27,VH,2025-09-26,eval,1162
Singapore,S1A_IW_GRDH_1SDV_20251008T224809_20251008T224834_061340_07A75B_C1A5,VH,2025-10-08,eval,1118
Singapore,S1A_IW_GRDH_1SDV_20251020T224808_20251020T224833_061515_07AE62_BC0B,VH,2025-10-20,eval,1208
Singapore,S1A_IW_GRDH_1SDV_20251101T224808_20251101T224833_061690_07B564_1AD8,VH,2025-11-01,eval,1170
Singapore,S1A_IW_GRDH_1SDV_20251113T224807_20251113T224832_061865_07BC26_8BE5,VH,2025-11-13,eval,1234
Singapore,S1A_IW_GRDH_1SDV_20251125T224806_20251125T224831_062040_07C2F5_5BFA,VH,2025-11-25,eval,1260
Singapore,S1A_IW_GRDH_1SDV_20251207T224805_20251207T224830_062215_07C9D3_13F1,VH,2025-12-07,eval,1261
Singapore,S1A_IW_GRDH_1SDV_20251219T224804_20251219T224829_062390_07D0A3_DC5F,VH,2025-12-19,eval,1238
Singapore,S1A_IW_GRDH_1SDV_20251231T224803_20251231T224828_062565_07D762_CEEB,VH,2025-12-31,eval,1305
Singapore,S1A_IW_GRDH_1SDV_20250105T224813_20250105T224838_057315_070D6B_4F1E,VV,2025-01-05,adapt,1297
Singapore,S1A_IW_GRDH_1SDV_20250117T224812_20250117T224837_057490_071459_C3D3,VV,2025-01-17,adapt,1356
Singapore,S1A_IW_GRDH_1SDV_20250210T224811_20250210T224836_057840_072244_0469,VV,2025-02-10,adapt,1408
Singapore,S1A_IW_GRDH_1SDV_20250222T224810_20250222T224835_058015_072961_178E,VV,2025-02-22,adapt,1382
Singapore,S1A_IW_GRDH_1SDV_20250306T224811_20250306T224836_058190_07308D_CDA9,VV,2025-03-06,adapt,1496
Singapore,S1A_IW_GRDH_1SDV_20250318T224811_20250318T224836_058365_073771_B1C2,VV,2025-03-18,adapt,1303
Singapore,S1A_IW_GRDH_1SDV_20250330T224811_20250330T224836_058540_073E75_9F1A,VV,2025-03-30,adapt,1355
Singapore,S1A_IW_GRDH_1SDV_20250411T224811_20250411T224836_058715_07459E_9525,VV,2025-04-11,adapt,1404
Singapore,S1A_IW_GRDH_1SDV_20250423T224811_20250423T224836_058890_074CC9_8953,VV,2025-04-23,adapt,1566
Singapore,S1A_IW_GRDH_1SDV_20250505T224811_20250505T224836_059065_0753C1_B8EA,VV,2025-05-05,adapt,1478
Singapore,S1A_IW_GRDH_1SDV_20250609T112534_20250609T112559_059568_076545_1D7F,VV,2025-06-09,adapt,1374
Singapore,S1A_IW_GRDH_1SDV_20250715T112532_20250715T112557_060093_07776A_62D2,VV,2025-07-15,adapt,1510
Singapore,S1A_IW_GRDH_1SDV_20250821T224808_20250821T224833_060640_078B59_E798,VV,2025-08-21,eval,1206
Singapore,S1A_IW_GRDH_1SDV_20250902T224808_20250902T224833_060815_079241_9713,VV,2025-09-02,eval,1166
Singapore,S1A_IW_GRDH_1SDV_20250914T224808_20250914T224833_060990_079946_63DA,VV,2025-09-14,eval,1263
Singapore,S1A_IW_GRDH_1SDV_20250926T224808_20250926T224833_061165_07A04B_FD27,VV,2025-09-26,eval,1238
Singapore,S1A_IW_GRDH_1SDV_20251008T224809_20251008T224834_061340_07A75B_C1A5,VV,2025-10-08,eval,1148
Singapore,S1A_IW_GRDH_1SDV_20251020T224808_20251020T224833_061515_07AE62_BC0B,VV,2025-10-20,eval,1240
Singapore,S1A_IW_GRDH_1SDV_20251101T224808_20251101T224833_061690_07B564_1AD8,VV,2025-11-01,eval,1202
Singapore,S1A_IW_GRDH_1SDV_20251113T224807_20251113T224832_061865_07BC26_8BE5,VV,2025-11-13,eval,1244
Singapore,S1A_IW_GRDH_1SDV_20251125T224806_20251125T224831_062040_07C2F5_5BFA,VV,2025-11-25,eval,1315
Singapore,S1A_IW_GRDH_1SDV_20251207T224805_20251207T224830_062215_07C9D3_13F1,VV,2025-12-07,eval,1287
Singapore,S1A_IW_GRDH_1SDV_20251219T224804_20251219T224829_062390_07D0A3_DC5F,VV,2025-12-19,eval,1251
Singapore,S1A_IW_GRDH_1SDV_20251231T224803_20251231T224828_062565_07D762_CEEB,VV,2025-12-31,eval,1338
Sydney Botany,S1A_IW_GRDH_1SDV_20250109T190756_20250109T190821_057371_070FA6_03D6,VH,2025-01-09,adapt,135
Sydney Botany,S1A_IW_GRDH_1SDV_20250214T190754_20250214T190819_057896_07248A_4BF0,VH,2025-02-14,adapt,78
Sydney Botany,S1A_IW_GRDH_1SDV_20250310T190754_20250310T190819_058246_0732C7_AA66,VH,2025-03-10,adapt,98
Sydney Botany,S1A_IW_GRDH_1SDV_20250509T190755_20250509T190820_059121_0755D9_0C55,VH,2025-05-09,adapt,44
Sydney Botany,S1A_IW_GRDH_1SDV_20250521T190754_20250521T190819_059296_075BE6_A716,VH,2025-05-21,adapt,43
Sydney Botany,S1A_IW_GRDH_1SDV_20250602T190754_20250602T190819_059471_0761F8_4A83,VH,2025-06-02,adapt,47
Sydney Botany,S1A_IW_GRDH_1SDV_20250614T190753_20250614T190818_059646_0767EE_B1E0,VH,2025-06-14,adapt,41
Sydney Botany,S1A_IW_GRDH_1SDV_20250626T190753_20250626T190818_059821_076E01_58B5,VH,2025-06-26,adapt,45
Sydney Botany,S1A_IW_GRDH_1SDV_20250708T190752_20250708T190817_059996_07740F_E63A,VH,2025-07-08,adapt,42
Sydney Botany,S1A_IW_GRDH_1SDV_20250720T190751_20250720T190816_060171_077A13_1559,VH,2025-07-20,adapt,51
Sydney Botany,S1A_IW_GRDH_1SDV_20250801T190751_20250801T190816_060346_078019_953E,VH,2025-08-01,adapt,38
Sydney Botany,S1A_IW_GRDH_1SDV_20250813T190751_20250813T190816_060521_0786AA_88CA,VH,2025-08-13,eval,59
Sydney Botany,S1A_IW_GRDH_1SDV_20250825T190751_20250825T190816_060696_078D8D_4592,VH,2025-08-25,eval,46
Sydney Botany,S1A_IW_GRDH_1SDV_20250906T190751_20250906T190816_060871_07947B_EDC3,VH,2025-09-06,eval,43
Sydney Botany,S1A_IW_GRDH_1SDV_20250918T190752_20250918T190817_061046_079B83_BFBC,VH,2025-09-18,eval,49
Sydney Botany,S1A_IW_GRDH_1SDV_20250930T190752_20250930T190817_061221_07A294_DB4F,VH,2025-09-30,eval,44
Sydney Botany,S1A_IW_GRDH_1SDV_20251012T190752_20251012T190817_061396_07A99C_7947,VH,2025-10-12,eval,33
Sydney Botany,S1A_IW_GRDH_1SDV_20251024T190752_20251024T190817_061571_07B0A2_E5D2,VH,2025-10-24,eval,53
Sydney Botany,S1A_IW_GRDH_1SDV_20251105T190752_20251105T190817_061746_07B792_3E36,VH,2025-11-05,eval,46
Sydney Botany,S1A_IW_GRDH_1SDV_20251117T190751_20251117T190816_061921_07BE5B_1974,VH,2025-11-17,eval,46
Sydney Botany,S1A_IW_GRDH_1SDV_20251129T190750_20251129T190815_062096_07C52D_C156,VH,2025-11-29,eval,43
Sydney Botany,S1A_IW_GRDH_1SDV_20251211T190749_20251211T190814_062271_07CC01_6A6B,VH,2025-12-11,eval,48
Sydney Botany,S1A_IW_GRDH_1SDV_20251223T190747_20251223T190812_062446_07D2D3_0484,VH,2025-12-23,eval,47
Sydney Botany,S1A_IW_GRDH_1SDV_20250109T190756_20250109T190821_057371_070FA6_03D6,VV,2025-01-09,adapt,322
Sydney Botany,S1A_IW_GRDH_1SDV_20250214T190754_20250214T190819_057896_07248A_4BF0,VV,2025-02-14,adapt,198
Sydney Botany,S1A_IW_GRDH_1SDV_20250310T190754_20250310T190819_058246_0732C7_AA66,VV,2025-03-10,adapt,382
Sydney Botany,S1A_IW_GRDH_1SDV_20250509T190755_20250509T190820_059121_0755D9_0C55,VV,2025-05-09,adapt,91
Sydney Botany,S1A_IW_GRDH_1SDV_20250521T190754_20250521T190819_059296_075BE6_A716,VV,2025-05-21,adapt,63
Sydney Botany,S1A_IW_GRDH_1SDV_20250602T190754_20250602T190819_059471_0761F8_4A83,VV,2025-06-02,adapt,103
Sydney Botany,S1A_IW_GRDH_1SDV_20250614T190753_20250614T190818_059646_0767EE_B1E0,VV,2025-06-14,adapt,98
Sydney Botany,S1A_IW_GRDH_1SDV_20250626T190753_20250626T190818_059821_076E01_58B5,VV,2025-06-26,adapt,149
Sydney Botany,S1A_IW_GRDH_1SDV_20250708T190752_20250708T190817_059996_07740F_E63A,VV,2025-07-08,adapt,82
Sydney Botany,S1A_IW_GRDH_1SDV_20250720T190751_20250720T190816_060171_077A13_1559,VV,2025-07-20,adapt,72
Sydney Botany,S1A_IW_GRDH_1SDV_20250801T190751_20250801T190816_060346_078019_953E,VV,2025-08-01,adapt,42
Sydney Botany,S1A_IW_GRDH_1SDV_20250813T190751_20250813T190816_060521_0786AA_88CA,VV,2025-08-13,eval,96
Sydney Botany,S1A_IW_GRDH_1SDV_20250825T190751_20250825T190816_060696_078D8D_4592,VV,2025-08-25,eval,134
Sydney Botany,S1A_IW_GRDH_1SDV_20250906T190751_20250906T190816_060871_07947B_EDC3,VV,2025-09-06,eval,87
Sydney Botany,S1A_IW_GRDH_1SDV_20250918T190752_20250918T190817_061046_079B83_BFBC,VV,2025-09-18,eval,93
Sydney Botany,S1A_IW_GRDH_1SDV_20250930T190752_20250930T190817_061221_07A294_DB4F,VV,2025-09-30,eval,91
Sydney Botany,S1A_IW_GRDH_1SDV_20251012T190752_20251012T190817_061396_07A99C_7947,VV,2025-10-12,eval,56
Sydney Botany,S1A_IW_GRDH_1SDV_20251024T190752_20251024T190817_061571_07B0A2_E5D2,VV,2025-10-24,eval,170
Sydney Botany,S1A_IW_GRDH_1SDV_20251105T190752_20251105T190817_061746_07B792_3E36,VV,2025-11-05,eval,105
Sydney Botany,S1A_IW_GRDH_1SDV_20251117T190751_20251117T190816_061921_07BE5B_1974,VV,2025-11-17,eval,78
Sydney Botany,S1A_IW_GRDH_1SDV_20251129T190750_20251129T190815_062096_07C52D_C156,VV,2025-11-29,eval,111
Sydney Botany,S1A_IW_GRDH_1SDV_20251211T190749_20251211T190814_062271_07CC01_6A6B,VV,2025-12-11,eval,82
Sydney Botany,S1A_IW_GRDH_1SDV_20251223T190747_20251223T190812_062446_07D2D3_0484,VV,2025-12-23,eval,93
Tanger Med,S1A_IW_GRDH_1SDV_20251223T181816_20251223T181841_062446_07D2CE_C333,VH,2025-12-23,adapt,179
Tanger Med,S1A_IW_GRDH_1SDV_20251223T181816_20251223T181841_062446_07D2CE_C333,VV,2025-12-23,adapt,301
