product,pol,port,objects,status,seconds
S1A_IW_GRDH_1SDV_20250101T142509_20250101T142534_057252_070AF6_8BC8,VH,Jebel Ali,-1,skipped,
S1A_IW_GRDH_1SDV_20250101T142509_20250101T142534_057252_070AF6_8BC8,VV,Jebel Ali,847,skipped,
S1A_IW_GRDH_1SDV_20250102T122317_20250102T122347_057265_070B6D_EB07,VH,Houston,38,skipped,
S1A_IW_GRDH_1SDV_20250102T122317_20250102T122347_057265_070B6D_EB07,VV,Houston,27,skipped,
S1A_IW_GRDH_1SDV_20250104T021547_20250104T021611_057288_070C5C_2B74,VH,Jebel Ali,685,skipped,
S1A_IW_GRDH_1SDV_20250104T021547_20250104T021611_057288_070C5C_2B74,VV,Jebel Ali,697,skipped,
S1A_IW_GRDH_1SDV_20250104T103939_20250104T104004_057293_070C8F_4A75,VH,Callao,20,skipped,
S1A_IW_GRDH_1SDV_20250104T103939_20250104T104004_057293_070C8F_4A75,VV,Callao,19,skipped,
S1A_IW_GRDH_1SDV_20250105T224813_20250105T224838_057315_070D6B_4F1E,VH,Singapore,1204,skipped,
S1A_IW_GRDH_1SDV_20250105T224813_20250105T224838_057315_070D6B_4F1E,VV,Singapore,1297,skipped,
S1A_IW_GRDH_1SDV_20250108T141656_20250108T141721_057354_070EF9_747A,VH,Fujairah,392,ok,76.4
S1A_IW_GRDH_1SDV_20250108T141656_20250108T141721_057354_070EF9_747A,VV,Fujairah,598,ok,77.5
S1A_IW_GRDH_1SDV_20250109T190756_20250109T190821_057371_070FA6_03D6,VH,Sydney Botany,135,ok,81.0
S1A_IW_GRDH_1SDV_20250109T190756_20250109T190821_057371_070FA6_03D6,VV,Sydney Botany,322,ok,78.1
S1A_IW_GRDH_1SDV_20250112T055841_20250112T055906_057407_07110D_854D,VH,Rotterdam,1642,ok,77.8
S1A_IW_GRDH_1SDV_20250112T055841_20250112T055906_057407_07110D_854D,VV,Rotterdam,2328,ok,83.0
S1A_IW_GRDH_1SDV_20250113T142508_20250113T142533_057427_0711E2_2089,VH,Jebel Ali,928,ok,90.8
S1A_IW_GRDH_1SDV_20250113T142508_20250113T142533_057427_0711E2_2089,VV,Jebel Ali,1012,ok,77.7
S1A_IW_GRDH_1SDV_20250115T153906_20250115T153935_057456_071303_0ED7,VH,Mombasa,13,ok,62.4
S1A_IW_GRDH_1SDV_20250115T153906_20250115T153935_057456_071303_0ED7,VV,Mombasa,43,ok,58.8
S1A_IW_GRDH_1SDV_20250115T173330_20250115T173355_057458_07130D_51CB,VH,Antwerp-Bruges,2362,ok,48.3
S1A_IW_GRDH_1SDV_20250115T173330_20250115T173355_057458_07130D_51CB,VV,Antwerp-Bruges,3758,ok,47.5
S1A_IW_GRDH_1SDV_20250117T224812_20250117T224837_057490_071459_C3D3,VH,Singapore,1208,ok,25.1
S1A_IW_GRDH_1SDV_20250117T224812_20250117T224837_057490_071459_C3D3,VV,Singapore,1356,ok,23.1
S1A_IW_GRDH_1SDV_20250120T141655_20250120T141720_057529_0715E8_27AA,VH,Fujairah,362,ok,22.2
S1A_IW_GRDH_1SDV_20250120T141655_20250120T141720_057529_0715E8_27AA,VV,Fujairah,379,ok,22.5
S1A_IW_GRDH_1SDV_20250121T190730_20250121T190755_057546_07169B_6835,VH,Newcastle,56,ok,50.5
S1A_IW_GRDH_1SDV_20250121T190730_20250121T190755_057546_07169B_6835,VV,Newcastle,65,ok,54.8
S1A_IW_GRDH_1SDV_20250125T142507_20250125T142532_057602_0718D6_9C14,VH,Jebel Ali,1050,ok,53.0
S1A_IW_GRDH_1SDV_20250125T142507_20250125T142532_057602_0718D6_9C14,VV,Jebel Ali,1489,ok,49.6
S1A_IW_GRDH_1SDV_20250126T122315_20250126T122344_057615_071953_D83D,VH,Houston,39,ok,69.5
S1A_IW_GRDH_1SDV_20250126T122315_20250126T122344_057615_071953_D83D,VV,Houston,37,ok,66.3
S1A_IW_GRDH_1SDV_20250126T191540_20250126T191605_057619_07197E_F97F,VH,Newcastle,19,ok,56.2
S1A_IW_GRDH_1SDV_20250126T191540_20250126T191605_057619_07197E_F97F,VV,Newcastle,42,ok,57.0
S1A_IW_GRDH_1SDV_20250127T153906_20250127T153935_057631_0719FF_8570,VH,Mombasa,20,ok,25.7
S1A_IW_GRDH_1SDV_20250127T153906_20250127T153935_057631_0719FF_8570,VV,Mombasa,34,ok,26.0
S1A_IW_GRDH_1SDV_20250128T095619_20250128T095644_057643_071A6C_C629,VH,Qingdao,519,ok,21.4
S1A_IW_GRDH_1SDV_20250128T095619_20250128T095644_057643_071A6C_C629,VV,Qingdao,606,ok,24.0
S1A_IW_GRDH_1SDV_20250128T103938_20250128T104003_057643_071A72_02D2,VH,Callao,21,ok,34.7
S1A_IW_GRDH_1SDV_20250128T103938_20250128T104003_057643_071A72_02D2,VV,Callao,29,ok,33.8
S1A_IW_GRDH_1SDV_20250201T141654_20250201T141719_057704_071CD3_8E9C,VH,Fujairah,332,ok,50.0
S1A_IW_GRDH_1SDV_20250201T141654_20250201T141719_057704_071CD3_8E9C,VV,Fujairah,352,ok,47.3
S1A_IW_GRDH_1SDV_20250202T135247_20250202T135312_057718_071D69_2EC7,VH,Los Angeles,55,ok,17.3
S1A_IW_GRDH_1SDV_20250202T135247_20250202T135312_057718_071D69_2EC7,VV,Los Angeles,45,ok,49.5
S1A_IW_GRDH_1SDV_20250206T142506_20250206T142531_057777_071FC4_4425,VH,Jebel Ali,979,ok,40.5
S1A_IW_GRDH_1SDV_20250206T142506_20250206T142531_057777_071FC4_4425,VV,Jebel Ali,1126,ok,36.7
S1A_IW_GRDH_1SDV_20250209T095619_20250209T095644_057818_072156_A282,VH,Qingdao,767,ok,44.3
S1A_IW_GRDH_1SDV_20250209T095619_20250209T095644_057818_072156_A282,VV,Qingdao,1021,ok,30.2
S1A_IW_GRDH_1SDV_20250210T224811_20250210T224836_057840_072244_0469,VH,Singapore,1281,ok,35.2
S1A_IW_GRDH_1SDV_20250210T224811_20250210T224836_057840_072244_0469,VV,Singapore,1408,ok,46.8
S1A_IW_GRDH_1SDV_20250211T225059_20250211T225124_057855_0722DE_45FE,VH,New York,104,ok,16.5
S1A_IW_GRDH_1SDV_20250211T225059_20250211T225124_057855_0722DE_45FE,VV,New York,254,ok,87.6
S1A_IW_GRDH_1SDV_20250213T083110_20250213T083139_057875_0723AA_0832,VH,Santos,128,ok,67.5
S1A_IW_GRDH_1SDV_20250213T083110_20250213T083139_057875_0723AA_0832,VV,Santos,221,ok,89.9
S1A_IW_GRDH_1SDV_20250214T190754_20250214T190819_057896_07248A_4BF0,VH,Sydney Botany,78,ok,90.5
S1A_IW_GRDH_1SDV_20250214T190754_20250214T190819_057896_07248A_4BF0,VV,Sydney Botany,198,ok,43.5
S1A_IW_GRDH_1SDV_20250217T055839_20250217T055904_057932_0725F5_9F4A,VH,Rotterdam,1233,ok,81.4
S1A_IW_GRDH_1SDV_20250217T055839_20250217T055904_057932_0725F5_9F4A,VV,Rotterdam,1649,ok,78.0
S1A_IW_GRDH_1SDV_20250217T193335_20250217T193400_057940_072653_7401,VH,Melbourne,153,ok,64.9
S1A_IW_GRDH_1SDV_20250217T193335_20250217T193400_057940_072653_7401,VV,Melbourne,386,ok,58.1
S1A_IW_GRDH_1SDV_20250218T142506_20250218T142531_057952_0726CE_AB2C,VH,Jebel Ali,894,ok,71.7
S1A_IW_GRDH_1SDV_20250218T142506_20250218T142531_057952_0726CE_AB2C,VV,Jebel Ali,1151,ok,64.1
S1A_IW_GRDH_1SDV_20250219T191539_20250219T191604_057969_072771_AEEC,VH,Newcastle,22,ok,59.6
S1A_IW_GRDH_1SDV_20250219T191539_20250219T191604_057969_072771_AEEC,VV,Newcastle,41,ok,59.7
S1A_IW_GRDH_1SDV_20250220T153905_20250220T153934_057981_0727FE_BF71,VH,Mombasa,21,ok,42.2
S1A_IW_GRDH_1SDV_20250220T153905_20250220T153934_057981_0727FE_BF71,VV,Mombasa,29,ok,42.1
S1A_IW_GRDH_1SDV_20250220T173328_20250220T173353_057983_07280A_D019,VH,Antwerp-Bruges,1638,ok,32.3
S1A_IW_GRDH_1SDV_20250220T173328_20250220T173353_057983_07280A_D019,VV,Antwerp-Bruges,2566,ok,28.9
S1A_IW_GRDH_1SDV_20250222T224810_20250222T224835_058015_072961_178E,VH,Singapore,1159,ok,30.0
S1A_IW_GRDH_1SDV_20250222T224810_20250222T224835_058015_072961_178E,VV,Singapore,1382,ok,31.9
S1A_IW_GRDH_1SDV_20250225T141654_20250225T141719_058054_072AFB_9955,VH,Fujairah,418,ok,18.7
S1A_IW_GRDH_1SDV_20250225T141654_20250225T141719_058054_072AFB_9955,VV,Fujairah,358,ok,46.0
S1A_IW_GRDH_1SDV_20250226T104756_20250226T104817_058066_072B73_87CC,VH,Callao,72,ok,32.2
S1A_IW_GRDH_1SDV_20250226T104756_20250226T104817_058066_072B73_87CC,VV,Callao,505,ok,36.6
S1A_IW_GRDH_1SDV_20250302T142506_20250302T142531_058127_072DF2_C32F,VH,Jebel Ali,811,ok,42.8
S1A_IW_GRDH_1SDV_20250302T142506_20250302T142531_058127_072DF2_C32F,VV,Jebel Ali,792,ok,30.2
S1A_IW_GRDH_1SDV_20250306T224811_20250306T224836_058190_07308D_CDA9,VH,Singapore,1206,ok,71.0
S1A_IW_GRDH_1SDV_20250306T224811_20250306T224836_058190_07308D_CDA9,VV,Singapore,1496,ok,67.4
S1A_IW_GRDH_1SDV_20250309T083110_20250309T083139_058225_0731F2_0C8F,VH,Santos,139,ok,57.1
S1A_IW_GRDH_1SDV_20250309T083110_20250309T083139_058225_0731F2_0C8F,VV,Santos,294,ok,47.9
S1A_IW_GRDH_1SDV_20250310T113410_20250310T113435_058242_07329D_6109,VH,Port Klang,342,ok,38.0
S1A_IW_GRDH_1SDV_20250310T113410_20250310T113435_058242_07329D_6109,VV,Port Klang,485,ok,42.5
S1A_IW_GRDH_1SDV_20250310T190754_20250310T190819_058246_0732C7_AA66,VH,Sydney Botany,98,ok,27.9
S1A_IW_GRDH_1SDV_20250310T190754_20250310T190819_058246_0732C7_AA66,VV,Sydney Botany,382,ok,28.9
S1A_IW_GRDH_1SDV_20250314T142506_20250314T142531_058302_073505_F8D8,VH,Jebel Ali,912,ok,40.5
S1A_IW_GRDH_1SDV_20250314T142506_20250314T142531_058302_073505_F8D8,VV,Jebel Ali,1470,ok,36.4
S1A_IW_GRDH_1SDV_20250315T122314_20250315T122344_058315_07357B_31CC,VH,Houston,61,ok,36.5
S1A_IW_GRDH_1SDV_20250315T122314_20250315T122344_058315_07357B_31CC,VV,Houston,56,ok,65.3
S1A_IW_GRDH_1SDV_20250315T191539_20250315T191604_058319_0735A5_19A8,VH,Newcastle,21,ok,35.3
S1A_IW_GRDH_1SDV_20250315T191539_20250315T191604_058319_0735A5_19A8,VV,Newcastle,47,ok,33.8
S1A_IW_GRDH_1SDV_20250316T153905_20250316T153934_058331_073622_85D9,VH,Mombasa,20,ok,43.5
S1A_IW_GRDH_1SDV_20250316T153905_20250316T153934_058331_073622_85D9,VV,Mombasa,22,ok,24.9
S1A_IW_GRDH_1SDV_20250317T021545_20250317T021609_058338_073664_181C,VH,Jebel Ali,606,ok,20.9
S1A_IW_GRDH_1SDV_20250317T021545_20250317T021609_058338_073664_181C,VV,Jebel Ali,650,ok,20.8
S1A_IW_GRDH_1SDV_20250317T035236_20250317T035301_058339_07366E_1A19,VH,Port Said,261,ok,22.0
S1A_IW_GRDH_1SDV_20250317T035236_20250317T035301_058339_07366E_1A19,VV,Port Said,542,ok,32.2
S1A_IW_GRDH_1SDV_20250317T095619_20250317T095644_058343_073693_570A,VH,Qingdao,558,ok,32.5
S1A_IW_GRDH_1SDV_20250317T095619_20250317T095644_058343_073693_570A,VV,Qingdao,624,ok,34.9
S1A_IW_GRDH_1SDV_20250317T103937_20250317T104002_058343_073699_CE68,VH,Callao,17,ok,18.5
S1A_IW_GRDH_1SDV_20250317T103937_20250317T104002_058343_073699_CE68,VV,Callao,22,ok,23.4
S1A_IW_GRDH_1SDV_20250318T224811_20250318T224836_058365_073771_B1C2,VH,Singapore,1167,ok,44.0
S1A_IW_GRDH_1SDV_20250318T224811_20250318T224836_058365_073771_B1C2,VV,Singapore,1303,ok,43.2
S1A_IW_GRDH_1SDV_20250321T141654_20250321T141719_058404_07390A_3A64,VH,Fujairah,378,ok,24.0
S1A_IW_GRDH_1SDV_20250321T141654_20250321T141719_058404_07390A_3A64,VV,Fujairah,379,ok,37.7
S1A_IW_GRDH_1SDV_20250326T142506_20250326T142531_058477_073BE1_A5C1,VH,Jebel Ali,854,ok,23.7
S1A_IW_GRDH_1SDV_20250326T142506_20250326T142531_058477_073BE1_A5C1,VV,Jebel Ali,1109,ok,23.0
S1A_IW_GRDH_1SDV_20250327T163005_20250327T163030_058492_073C79_EAA7,VH,Richards Bay,35,ok,37.9
S1A_IW_GRDH_1SDV_20250327T163005_20250327T163030_058492_073C79_EAA7,VV,Richards Bay,47,ok,33.4
S1A_IW_GRDH_1SDV_20250328T153905_20250328T153934_058506_073D15_583F,VH,Mombasa,24,ok,31.2
S1A_IW_GRDH_1SDV_20250328T153905_20250328T153934_058506_073D15_583F,VV,Mombasa,35,ok,28.5
S1A_IW_GRDH_1SDV_20250329T095619_20250329T095644_058518_073D8B_5302,VH,Qingdao,930,ok,21.4
S1A_IW_GRDH_1SDV_20250329T095619_20250329T095644_058518_073D8B_5302,VV,Qingdao,1139,ok,25.2
S1A_IW_GRDH_1SDV_20250330T224811_20250330T224836_058540_073E75_9F1A,VH,Singapore,1213,ok,31.4
S1A_IW_GRDH_1SDV_20250330T224811_20250330T224836_058540_073E75_9F1A,VV,Singapore,1355,ok,36.2
S1A_IW_GRDH_1SDV_20250401T002647_20250401T002712_058556_073F16_5FFE,VH,Houston,254,ok,18.7
S1A_IW_GRDH_1SDV_20250401T002647_20250401T002712_058556_073F16_5FFE,VV,Houston,206,ok,56.9
S1A_IW_GRDH_1SDV_20250406T193335_20250406T193400_058640_074290_9E86,VH,Melbourne,122,ok,36.2
S1A_IW_GRDH_1SDV_20250406T193335_20250406T193400_058640_074290_9E86,VV,Melbourne,166,ok,33.0
S1A_IW_GRDH_1SDV_20250407T142506_20250407T142531_058652_07430E_28DD,VH,Jebel Ali,850,ok,36.4
S1A_IW_GRDH_1SDV_20250407T142506_20250407T142531_058652_07430E_28DD,VV,Jebel Ali,1161,ok,60.3
S1A_IW_GRDH_1SDV_20250409T173329_20250409T173354_058683_07444B_FA8B,VH,Antwerp-Bruges,1483,ok,60.2
S1A_IW_GRDH_1SDV_20250409T173329_20250409T173354_058683_07444B_FA8B,VV,Antwerp-Bruges,2544,ok,50.7
S1A_IW_GRDH_1SDV_20250410T021545_20250410T021609_058688_074483_D3BC,VH,Jebel Ali,730,ok,46.5
S1A_IW_GRDH_1SDV_20250410T021545_20250410T021609_058688_074483_D3BC,VV,Jebel Ali,991,ok,16.6
S1A_IW_GRDH_1SDV_20250410T095619_20250410T095644_058693_0744B4_726C,VH,Qingdao,1085,ok,27.9
S1A_IW_GRDH_1SDV_20250410T095619_20250410T095644_058693_0744B4_726C,VV,Qingdao,1422,ok,28.0
S1A_IW_GRDH_1SDV_20250411T224811_20250411T224836_058715_07459E_9525,VH,Singapore,1196,ok,28.3
S1A_IW_GRDH_1SDV_20250411T224811_20250411T224836_058715_07459E_9525,VV,Singapore,1404,ok,42.0
S1A_IW_GRDH_1SDV_20250418T055840_20250418T055905_058807_074958_2BFC,VH,Rotterdam,1530,ok,37.7
S1A_IW_GRDH_1SDV_20250418T055840_20250418T055905_058807_074958_2BFC,VV,Rotterdam,2472,ok,39.1
S1A_IW_GRDH_1SDV_20250418T193335_20250418T193400_058815_0749B9_7FEC,VH,Melbourne,146,ok,39.7
S1A_IW_GRDH_1SDV_20250418T193335_20250418T193400_058815_0749B9_7FEC,VV,Melbourne,315,ok,72.9
S1A_IW_GRDH_1SDV_20250419T142506_20250419T142531_058827_074A34_03DC,VH,Jebel Ali,874,ok,74.6
S1A_IW_GRDH_1SDV_20250419T142506_20250419T142531_058827_074A34_03DC,VV,Jebel Ali,885,ok,64.4
S1A_IW_GRDH_1SDV_20250421T153906_20250421T153935_058856_074B68_80A1,VH,Mombasa,13,ok,74.7
S1A_IW_GRDH_1SDV_20250421T153906_20250421T153935_058856_074B68_80A1,VV,Mombasa,21,ok,29.2
S1A_IW_GRDH_1SDV_20250422T035237_20250422T035302_058864_074BB7_3AD7,VH,Port Said,332,ok,24.8
S1A_IW_GRDH_1SDV_20250422T035237_20250422T035302_058864_074BB7_3AD7,VV,Port Said,509,ok,22.2
S1A_IW_GRDH_1SDV_20250422T095504_20250422T095529_058868_074BDE_2A15,VH,Shanghai,2391,ok,22.6
S1A_IW_GRDH_1SDV_20250422T095504_20250422T095529_058868_074BDE_2A15,VV,Shanghai,2590,ok,23.3
S1A_IW_GRDH_1SDV_20250422T095619_20250422T095644_058868_074BDE_EE82,VH,Qingdao,1429,ok,24.4
S1A_IW_GRDH_1SDV_20250422T095619_20250422T095644_058868_074BDE_EE82,VV,Qingdao,1695,ok,24.7
S1A_IW_GRDH_1SDV_20250423T224811_20250423T224836_058890_074CC9_8953,VH,Singapore,1240,ok,32.1
S1A_IW_GRDH_1SDV_20250423T224811_20250423T224836_058890_074CC9_8953,VV,Singapore,1566,ok,53.8
S1A_IW_GRDH_1SDV_20250501T142507_20250501T142532_059002_075153_F22D,VH,Jebel Ali,848,ok,54.5
S1A_IW_GRDH_1SDV_20250501T142507_20250501T142532_059002_075153_F22D,VV,Jebel Ali,1171,ok,50.5
S1A_IW_GRDH_1SDV_20250502T163006_20250502T163031_059017_0751E2_680E,VH,Richards Bay,41,ok,47.3
S1A_IW_GRDH_1SDV_20250502T163006_20250502T163031_059017_0751E2_680E,VV,Richards Bay,75,ok,25.8
S1A_IW_GRDH_1SDV_20250504T035237_20250504T035302_059039_0752BC_810D,VH,Port Said,300,ok,22.5
S1A_IW_GRDH_1SDV_20250504T035237_20250504T035302_059039_0752BC_810D,VV,Port Said,340,ok,23.9
S1A_IW_GRDH_1SDV_20250504T095504_20250504T095529_059043_0752E1_E126,VH,Shanghai,2248,ok,22.5
S1A_IW_GRDH_1SDV_20250504T095504_20250504T095529_059043_0752E1_E126,VV,Shanghai,2355,ok,21.9
S1A_IW_GRDH_1SDV_20250504T095619_20250504T095644_059043_0752E1_23FF,VH,Qingdao,637,ok,22.0
S1A_IW_GRDH_1SDV_20250504T095619_20250504T095644_059043_0752E1_23FF,VV,Qingdao,820,ok,22.0
S1A_IW_GRDH_1SDV_20250505T224811_20250505T224836_059065_0753C1_B8EA,VH,Singapore,1252,ok,22.6
S1A_IW_GRDH_1SDV_20250505T224811_20250505T224836_059065_0753C1_B8EA,VV,Singapore,1478,ok,23.5
S1A_IW_GRDH_1SDV_20250508T141655_20250508T141720_059104_07553F_D9D1,VH,Fujairah,398,ok,24.0
S1A_IW_GRDH_1SDV_20250508T141655_20250508T141720_059104_07553F_D9D1,VV,Fujairah,407,ok,23.9
S1A_IW_GRDH_1SDV_20250509T190755_20250509T190820_059121_0755D9_0C55,VH,Sydney Botany,44,ok,34.7
S1A_IW_GRDH_1SDV_20250509T190755_20250509T190820_059121_0755D9_0C55,VV,Sydney Botany,91,ok,73.9
S1A_IW_GRDH_1SDV_20250513T142506_20250513T142531_059177_0757CB_F25B,VH,Jebel Ali,843,ok,72.3
S1A_IW_GRDH_1SDV_20250513T142506_20250513T142531_059177_0757CB_F25B,VV,Jebel Ali,1253,ok,62.9
S1A_IW_GRDH_1SDV_20250514T191539_20250514T191604_059194_07585D_32C0,VH,Newcastle,36,ok,63.2
S1A_IW_GRDH_1SDV_20250514T191539_20250514T191604_059194_07585D_32C0,VV,Newcastle,48,ok,55.5
S1A_IW_GRDH_1SDV_20250515T153905_20250515T153934_059206_0758C3_2241,VH,Mombasa,16,ok,65.3
S1A_IW_GRDH_1SDV_20250515T153905_20250515T153934_059206_0758C3_2241,VV,Mombasa,65,ok,62.2
S1A_IW_GRDH_1SDV_20250516T035237_20250516T035302_059214_07590C_1B74,VH,Port Said,280,ok,54.3
S1A_IW_GRDH_1SDV_20250516T035237_20250516T035302_059214_07590C_1B74,VV,Port Said,262,ok,28.4
S1A_IW_GRDH_1SDV_20250516T095504_20250516T095529_059218_07592B_0FC8,VH,Shanghai,2182,ok,21.4
S1A_IW_GRDH_1SDV_20250516T095504_20250516T095529_059218_07592B_0FC8,VV,Shanghai,2348,ok,21.9
S1A_IW_GRDH_1SDV_20250516T095619_20250516T095644_059218_07592B_E377,VH,Qingdao,696,ok,21.8
S1A_IW_GRDH_1SDV_20250516T095619_20250516T095644_059218_07592B_E377,VV,Qingdao,1074,ok,26.8
S1A_IW_GRDH_1SDV_20250521T190754_20250521T190819_059296_075BE6_A716,VH,Sydney Botany,43,ok,45.5
S1A_IW_GRDH_1SDV_20250521T190754_20250521T190819_059296_075BE6_A716,VV,Sydney Botany,63,ok,47.9
S1A_IW_GRDH_1SDV_20250525T142506_20250525T142531_059352_075DD8_6C78,VH,Jebel Ali,864,ok,46.7
S1A_IW_GRDH_1SDV_20250525T142506_20250525T142531_059352_075DD8_6C78,VV,Jebel Ali,1253,ok,37.6
S1A_IW_GRDH_1SDV_20250526T163005_20250526T163030_059367_075E5F_4FCB,VH,Richards Bay,38,ok,42.4
S1A_IW_GRDH_1SDV_20250526T163005_20250526T163030_059367_075E5F_4FCB,VV,Richards Bay,50,ok,42.1
S1A_IW_GRDH_1SDV_20250527T153905_20250527T153934_059381_075EDC_EE48,VH,Mombasa,18,ok,44.7
S1A_IW_GRDH_1SDV_20250527T153905_20250527T153934_059381_075EDC_EE48,VV,Mombasa,75,ok,38.5
S1A_IW_GRDH_1SDV_20250528T035236_20250528T035301_059389_075F25_EDE8,VH,Port Said,259,ok,23.9
S1A_IW_GRDH_1SDV_20250528T035236_20250528T035301_059389_075F25_EDE8,VV,Port Said,286,ok,22.5
S1A_IW_GRDH_1SDV_20250528T095503_20250528T095528_059393_075F43_DC80,VH,Shanghai,2137,ok,21.9
S1A_IW_GRDH_1SDV_20250528T095503_20250528T095528_059393_075F43_DC80,VV,Shanghai,2294,ok,22.1
S1A_IW_GRDH_1SDV_20250528T095618_20250528T095643_059393_075F43_4703,VH,Qingdao,644,ok,59.0
S1A_IW_GRDH_1SDV_20250528T095618_20250528T095643_059393_075F43_4703,VV,Qingdao,827,ok,58.9
S1A_IW_GRDH_1SDV_20250528T103937_20250528T104002_059393_075F48_4EAF,VH,Callao,14,ok,53.5
S1A_IW_GRDH_1SDV_20250528T103937_20250528T104002_059393_075F48_4EAF,VV,Callao,27,ok,51.3
S1A_IW_GRDH_1SDV_20250602T190754_20250602T190819_059471_0761F8_4A83,VH,Sydney Botany,47,ok,54.2
S1A_IW_GRDH_1SDV_20250602T190754_20250602T190819_059471_0761F8_4A83,VV,Sydney Botany,103,ok,54.9
S1A_IW_GRDH_1SDV_20250606T142505_20250606T142530_059527_0763E5_967B,VH,Jebel Ali,849,ok,53.0
S1A_IW_GRDH_1SDV_20250606T142505_20250606T142530_059527_0763E5_967B,VV,Jebel Ali,1099,ok,46.1
S1A_IW_GRDH_1SDV_20250607T122314_20250607T122344_059540_076452_AEAB,VH,Houston,48,ok,22.9
S1A_IW_GRDH_1SDV_20250607T122314_20250607T122344_059540_076452_AEAB,VV,Houston,48,ok,21.9
S1A_IW_GRDH_1SDV_20250607T163005_20250607T163030_059542_076467_C24A,VH,Richards Bay,30,ok,30.4
S1A_IW_GRDH_1SDV_20250607T163005_20250607T163030_059542_076467_C24A,VV,Richards Bay,35,ok,32.5
S1A_IW_GRDH_1SDV_20250609T021544_20250609T021608_059563_076513_C2E0,VH,Jebel Ali,766,ok,47.4
S1A_IW_GRDH_1SDV_20250609T021544_20250609T021608_059563_076513_C2E0,VV,Jebel Ali,1034,ok,46.4
S1A_IW_GRDH_1SDV_20250609T035235_20250609T035300_059564_07651D_4100,VH,Port Said,249,ok,44.8
S1A_IW_GRDH_1SDV_20250609T035235_20250609T035300_059564_07651D_4100,VV,Port Said,315,ok,43.4
S1A_IW_GRDH_1SDV_20250609T095503_20250609T095528_059568_07653B_1E66,VH,Shanghai,2345,ok,22.2
S1A_IW_GRDH_1SDV_20250609T095503_20250609T095528_059568_07653B_1E66,VV,Shanghai,2486,ok,22.3
S1A_IW_GRDH_1SDV_20250609T095618_20250609T095643_059568_07653B_64EC,VH,Qingdao,1835,ok,35.8
S1A_IW_GRDH_1SDV_20250609T095618_20250609T095643_059568_07653B_64EC,VV,Qingdao,3769,ok,41.7
S1A_IW_GRDH_1SDV_20250609T112534_20250609T112559_059568_076545_1D7F,VH,Singapore,1157,ok,31.6
S1A_IW_GRDH_1SDV_20250609T112534_20250609T112559_059568_076545_1D7F,VV,Singapore,1374,ok,33.9
S1A_IW_GRDH_1SDV_20250612T002645_20250612T002710_059606_07667E_E24C,VH,Houston,228,ok,32.7
S1A_IW_GRDH_1SDV_20250612T002645_20250612T002710_059606_07667E_E24C,VV,Houston,273,ok,29.1
S1A_IW_GRDH_1SDV_20250614T190753_20250614T190818_059646_0767EE_B1E0,VH,Sydney Botany,41,ok,55.4
S1A_IW_GRDH_1SDV_20250614T190753_20250614T190818_059646_0767EE_B1E0,VV,Sydney Botany,98,ok,52.1
S1A_IW_GRDH_1SDV_20250618T142504_20250618T142529_059702_0769DE_8658,VH,Jebel Ali,849,ok,30.9
S1A_IW_GRDH_1SDV_20250618T142504_20250618T142529_059702_0769DE_8658,VV,Jebel Ali,1155,ok,27.5
S1A_IW_GRDH_1SDV_20250619T163004_20250619T163029_059717_076A60_94E5,VH,Richards Bay,24,ok,41.3
S1A_IW_GRDH_1SDV_20250619T163004_20250619T163029_059717_076A60_94E5,VV,Richards Bay,34,ok,41.8
S1A_IW_GRDH_1SDV_20250619T191537_20250619T191602_059719_076A71_A28F,VH,Newcastle,39,ok,30.3
S1A_IW_GRDH_1SDV_20250619T191537_20250619T191602_059719_076A71_A28F,VV,Newcastle,62,ok,31.3
S1A_IW_GRDH_1SDV_20250620T153903_20250620T153932_059731_076AE1_A027,VH,Mombasa,15,ok,37.0
S1A_IW_GRDH_1SDV_20250620T153903_20250620T153932_059731_076AE1_A027,VV,Mombasa,28,ok,37.2
S1A_IW_GRDH_1SDV_20250621T021544_20250621T021607_059738_076B1D_2523,VH,Jebel Ali,731,ok,24.0
S1A_IW_GRDH_1SDV_20250621T021544_20250621T021607_059738_076B1D_2523,VV,Jebel Ali,892,ok,24.8
S1A_IW_GRDH_1SDV_20250621T035235_20250621T035300_059739_076B27_C979,VH,Port Said,269,ok,20.6
S1A_IW_GRDH_1SDV_20250621T035235_20250621T035300_059739_076B27_C979,VV,Port Said,305,ok,20.9
S1A_IW_GRDH_1SDV_20250621T095502_20250621T095527_059743_076B46_2434,VH,Shanghai,2170,ok,21.4
S1A_IW_GRDH_1SDV_20250621T095502_20250621T095527_059743_076B46_2434,VV,Shanghai,2377,ok,21.1
S1A_IW_GRDH_1SDV_20250621T095617_20250621T095642_059743_076B46_1176,VH,Qingdao,1144,ok,21.3
S1A_IW_GRDH_1SDV_20250621T095617_20250621T095642_059743_076B46_1176,VV,Qingdao,1579,ok,22.1
S1A_IW_GRDH_1SDV_20250626T113408_20250626T113433_059817_076DDC_1C20,VH,Port Klang,280,ok,22.6
S1A_IW_GRDH_1SDV_20250626T113408_20250626T113433_059817_076DDC_1C20,VV,Port Klang,289,ok,22.8
S1A_IW_GRDH_1SDV_20250626T190753_20250626T190818_059821_076E01_58B5,VH,Sydney Botany,45,ok,37.0
S1A_IW_GRDH_1SDV_20250626T190753_20250626T190818_059821_076E01_58B5,VV,Sydney Botany,149,ok,40.6
S1A_IW_GRDH_1SDV_20250629T193333_20250629T193358_059865_076F8D_C18A,VH,Melbourne,122,ok,19.8
S1A_IW_GRDH_1SDV_20250629T193333_20250629T193358_059865_076F8D_C18A,VV,Melbourne,86,ok,41.9
S1A_IW_GRDH_1SDV_20250630T142504_20250630T142529_059877_076FF7_ED71,VH,Jebel Ali,868,ok,22.7
S1A_IW_GRDH_1SDV_20250630T142504_20250630T142529_059877_076FF7_ED71,VV,Jebel Ali,1326,ok,22.7
S1A_IW_GRDH_1SDV_20250702T153903_20250702T153932_059906_0770FC_6D94,VH,Mombasa,18,ok,33.2
S1A_IW_GRDH_1SDV_20250702T153903_20250702T153932_059906_0770FC_6D94,VV,Mombasa,23,ok,31.5
S1A_IW_GRDH_1SDV_20250703T035234_20250703T035259_059914_077140_7BD6,VH,Port Said,275,ok,26.9
S1A_IW_GRDH_1SDV_20250703T035234_20250703T035259_059914_077140_7BD6,VV,Port Said,396,ok,25.4
S1A_IW_GRDH_1SDV_20250703T095436_20250703T095501_059918_07715F_4982,VH,Ningbo-Zhoushan,990,ok,31.0
S1A_IW_GRDH_1SDV_20250703T095436_20250703T095501_059918_07715F_4982,VV,Ningbo-Zhoushan,1553,ok,20.0
S1A_IW_GRDH_1SDV_20250708T113408_20250708T113433_059992_0773EA_C045,VH,Port Klang,313,ok,30.8
S1A_IW_GRDH_1SDV_20250708T113408_20250708T113433_059992_0773EA_C045,VV,Port Klang,324,ok,27.4
S1A_IW_GRDH_1SDV_20250708T190752_20250708T190817_059996_07740F_E63A,VH,Sydney Botany,42,ok,23.9
S1A_IW_GRDH_1SDV_20250708T190752_20250708T190817_059996_07740F_E63A,VV,Sydney Botany,82,ok,24.8
S1A_IW_GRDH_1SDV_20250711T055837_20250711T055902_060032_077547_699B,VH,Rotterdam,1438,ok,22.8
S1A_IW_GRDH_1SDV_20250711T055837_20250711T055902_060032_077547_699B,VV,Rotterdam,1540,ok,22.6
S1A_IW_GRDH_1SDV_20250713T163003_20250713T163028_060067_07767F_5920,VH,Richards Bay,26,ok,24.2
S1A_IW_GRDH_1SDV_20250713T163003_20250713T163028_060067_07767F_5920,VV,Richards Bay,49,ok,29.8
S1A_IW_GRDH_1SDV_20250714T153902_20250714T153931_060081_0776FF_25DB,VH,Mombasa,36,ok,33.1
S1A_IW_GRDH_1SDV_20250714T153902_20250714T153931_060081_0776FF_25DB,VV,Mombasa,67,ok,34.6
S1A_IW_GRDH_1SDV_20250714T173326_20250714T173351_060083_077709_FD9C,VH,Antwerp-Bruges,1445,ok,20.3
S1A_IW_GRDH_1SDV_20250714T173326_20250714T173351_060083_077709_FD9C,VV,Antwerp-Bruges,1339,ok,49.5
S1A_IW_GRDH_1SDV_20250715T021542_20250715T021606_060088_077739_3740,VH,Jebel Ali,740,ok,44.2
S1A_IW_GRDH_1SDV_20250715T021542_20250715T021606_060088_077739_3740,VV,Jebel Ali,1026,ok,41.2
S1A_IW_GRDH_1SDV_20250715T035234_20250715T035259_060089_077743_FB08,VH,Port Said,291,ok,45.2
S1A_IW_GRDH_1SDV_20250715T035234_20250715T035259_060089_077743_FB08,VV,Port Said,363,ok,21.7
S1A_IW_GRDH_1SDV_20250715T095501_20250715T095526_060093_077760_4889,VH,Shanghai,1678,ok,20.7
S1A_IW_GRDH_1SDV_20250715T095501_20250715T095526_060093_077760_4889,VV,Shanghai,1648,ok,20.8
S1A_IW_GRDH_1SDV_20250715T095616_20250715T095641_060093_077760_1FAF,VH,Qingdao,706,ok,27.4
S1A_IW_GRDH_1SDV_20250715T095616_20250715T095641_060093_077760_1FAF,VV,Qingdao,2267,ok,70.9
S1A_IW_GRDH_1SDV_20250715T112532_20250715T112557_060093_07776A_62D2,VH,Singapore,1187,ok,36.7
S1A_IW_GRDH_1SDV_20250715T112532_20250715T112557_060093_07776A_62D2,VV,Singapore,1510,ok,38.4
S1A_IW_GRDH_1SDV_20250716T233423_20250716T233448_060115_077824_E5F7,VH,Callao,82,ok,65.5
S1A_IW_GRDH_1SDV_20250716T233423_20250716T233448_060115_077824_E5F7,VV,Callao,129,ok,38.5
S1A_IW_GRDH_1SDV_20250718T002643_20250718T002708_060131_0778A6_1D3D,VH,Houston,284,ok,37.2
S1A_IW_GRDH_1SDV_20250718T002643_20250718T002708_060131_0778A6_1D3D,VV,Houston,436,ok,23.5
S1A_IW_GRDH_1SDV_20250720T113407_20250720T113432_060167_0779EF_8B2D,VH,Port Klang,314,ok,30.5
S1A_IW_GRDH_1SDV_20250720T113407_20250720T113432_060167_0779EF_8B2D,VV,Port Klang,342,ok,30.1
S1A_IW_GRDH_1SDV_20250720T190751_20250720T190816_060171_077A13_1559,VH,Sydney Botany,51,ok,30.3
S1A_IW_GRDH_1SDV_20250720T190751_20250720T190816_060171_077A13_1559,VV,Sydney Botany,72,ok,35.2
S1A_IW_GRDH_1SDV_20250724T142503_20250724T142528_060227_077C09_9CBA,VH,Jebel Ali,875,ok,30.5
S1A_IW_GRDH_1SDV_20250724T142503_20250724T142528_060227_077C09_9CBA,VV,Jebel Ali,1314,ok,28.6
S1A_IW_GRDH_1SDV_20250725T163002_20250725T163027_060242_077C8C_6445,VH,Richards Bay,37,ok,36.7
S1A_IW_GRDH_1SDV_20250725T163002_20250725T163027_060242_077C8C_6445,VV,Richards Bay,63,ok,25.0
S1A_IW_GRDH_1SDV_20250726T153902_20250726T153931_060256_077D04_0826,VH,Mombasa,21,ok,24.6
S1A_IW_GRDH_1SDV_20250726T153902_20250726T153931_060256_077D04_0826,VV,Mombasa,51,ok,25.2
S1A_IW_GRDH_1SDV_20250727T035233_20250727T035258_060264_077D47_F0A8,VH,Port Said,276,ok,22.9
S1A_IW_GRDH_1SDV_20250727T035233_20250727T035258_060264_077D47_F0A8,VV,Port Said,373,ok,28.5
S1A_IW_GRDH_1SDV_20250727T095501_20250727T095526_060268_077D68_FED2,VH,Shanghai,1605,ok,40.1
S1A_IW_GRDH_1SDV_20250727T095501_20250727T095526_060268_077D68_FED2,VV,Shanghai,1413,ok,42.7
S1A_IW_GRDH_1SDV_20250728T233423_20250728T233448_060290_077E28_8D35,VH,Callao,93,ok,51.8
S1A_IW_GRDH_1SDV_20250728T233423_20250728T233448_060290_077E28_8D35,VV,Callao,119,ok,42.0
S1A_IW_GRDH_1SDV_20250731T141651_20250731T141716_060329_077F80_00CD,VH,Fujairah,390,ok,35.5
S1A_IW_GRDH_1SDV_20250731T141651_20250731T141716_060329_077F80_00CD,VV,Fujairah,382,ok,32.6
S1A_IW_GRDH_1SDV_20250801T190751_20250801T190816_060346_078019_953E,VH,Sydney Botany,38,ok,31.6
S1A_IW_GRDH_1SDV_20250801T190751_20250801T190816_060346_078019_953E,VV,Sydney Botany,42,ok,36.8
S1A_IW_GRDH_1SDV_20250805T142503_20250805T142528_060402_078207_9714,VH,Jebel Ali,883,ok,30.4
S1A_IW_GRDH_1SDV_20250805T142503_20250805T142528_060402_078207_9714,VV,Jebel Ali,1357,ok,26.8
S1A_IW_GRDH_1SDV_20250806T191536_20250806T191601_060419_0782A5_AF18,VH,Newcastle,21,ok,29.6
S1A_IW_GRDH_1SDV_20250806T191536_20250806T191601_060419_0782A5_AF18,VV,Newcastle,18,ok,23.8
S1A_IW_GRDH_1SDV_20250808T035233_20250808T035258_060439_078370_CD54,VH,Port Said,279,ok,21.5
S1A_IW_GRDH_1SDV_20250808T035233_20250808T035258_060439_078370_CD54,VV,Port Said,340,ok,21.8
S1A_IW_GRDH_1SDV_20250808T095500_20250808T095525_060443_078391_5813,VH,Shanghai,2034,ok,21.0
S1A_IW_GRDH_1SDV_20250808T095500_20250808T095525_060443_078391_5813,VV,Shanghai,1890,ok,21.6
S1A_IW_GRDH_1SDV_20250808T095615_20250808T095640_060443_078391_9942,VH,Qingdao,1025,ok,23.3
S1A_IW_GRDH_1SDV_20250808T095615_20250808T095640_060443_078391_9942,VV,Qingdao,1227,ok,30.7
S1A_IW_GRDH_1SDV_20250809T233423_20250809T233448_060465_07847A_0D09,VH,Callao,83,ok,87.9
S1A_IW_GRDH_1SDV_20250809T233423_20250809T233448_060465_07847A_0D09,VV,Callao,131,ok,43.6
S1A_IW_GRDH_1SDV_20250812T092320_20250812T092349_060501_0785D8_D733,VH,Busan,765,ok,89.7
S1A_IW_GRDH_1SDV_20250812T092320_20250812T092349_060501_0785D8_D733,VV,Busan,1069,ok,89.7
S1A_IW_GRDH_1SDV_20250813T113407_20250813T113432_060517_078680_45FA,VH,Port Klang,376,ok,71.1
S1A_IW_GRDH_1SDV_20250813T113407_20250813T113432_060517_078680_45FA,VV,Port Klang,579,ok,42.3
S1A_IW_GRDH_1SDV_20250813T190751_20250813T190816_060521_0786AA_88CA,VH,Sydney Botany,59,ok,62.6
S1A_IW_GRDH_1SDV_20250813T190751_20250813T190816_060521_0786AA_88CA,VV,Sydney Botany,96,ok,58.4
S1A_IW_GRDH_1SDV_20250817T142503_20250817T142528_060577_0788DF_80F4,VH,Jebel Ali,873,ok,46.0
S1A_IW_GRDH_1SDV_20250817T142503_20250817T142528_060577_0788DF_80F4,VV,Jebel Ali,1376,ok,31.2
S1A_IW_GRDH_1SDV_20250819T153902_20250819T153931_060606_078A07_42F0,VH,Mombasa,16,ok,26.1
S1A_IW_GRDH_1SDV_20250819T153902_20250819T153931_060606_078A07_42F0,VV,Mombasa,40,ok,25.9
S1A_IW_GRDH_1SDV_20250820T035233_20250820T035258_060614_078A53_5450,VH,Port Said,266,ok,22.0
S1A_IW_GRDH_1SDV_20250820T035233_20250820T035258_060614_078A53_5450,VV,Port Said,296,ok,22.4
S1A_IW_GRDH_1SDV_20250820T095500_20250820T095525_060618_078A74_9040,VH,Shanghai,1918,ok,20.5
S1A_IW_GRDH_1SDV_20250820T095500_20250820T095525_060618_078A74_9040,VV,Shanghai,1790,ok,20.9
S1A_IW_GRDH_1SDV_20250820T095615_20250820T095640_060618_078A74_3D5A,VH,Qingdao,850,ok,21.0
S1A_IW_GRDH_1SDV_20250820T095615_20250820T095640_060618_078A74_3D5A,VV,Qingdao,1029,ok,21.3
S1A_IW_GRDH_1SDV_20250821T224808_20250821T224833_060640_078B59_E798,VH,Singapore,1147,ok,23.5
S1A_IW_GRDH_1SDV_20250821T224808_20250821T224833_060640_078B59_E798,VV,Singapore,1206,ok,23.6
S1A_IW_GRDH_1SDV_20250825T190751_20250825T190816_060696_078D8D_4592,VH,Sydney Botany,46,ok,25.3
S1A_IW_GRDH_1SDV_20250825T190751_20250825T190816_060696_078D8D_4592,VV,Sydney Botany,134,ok,27.3
S1A_IW_GRDH_1SDV_20250829T142503_20250829T142528_060752_078FC4_CDEA,VH,Jebel Ali,845,ok,52.9
S1A_IW_GRDH_1SDV_20250829T142503_20250829T142528_060752_078FC4_CDEA,VV,Jebel Ali,1265,ok,47.3
S1A_IW_GRDH_1SDV_20250831T153902_20250831T153931_060781_0790EA_0B81,VH,Mombasa,24,ok,64.5
S1A_IW_GRDH_1SDV_20250831T153902_20250831T153931_060781_0790EA_0B81,VV,Mombasa,37,ok,65.0
S1A_IW_GRDH_1SDV_20250901T021542_20250901T021605_060788_07912C_0086,VH,Jebel Ali,727,ok,23.0
S1A_IW_GRDH_1SDV_20250901T021542_20250901T021605_060788_07912C_0086,VV,Jebel Ali,1059,ok,22.5
S1A_IW_GRDH_1SDV_20250901T035233_20250901T035258_060789_079136_B324,VH,Port Said,252,ok,23.6
S1A_IW_GRDH_1SDV_20250901T035233_20250901T035258_060789_079136_B324,VV,Port Said,362,ok,22.5
S1A_IW_GRDH_1SDV_20250901T095616_20250901T095641_060793_079158_54A8,VH,Qingdao,1754,ok,21.3
S1A_IW_GRDH_1SDV_20250901T095616_20250901T095641_060793_079158_54A8,VV,Qingdao,1919,ok,22.7
S1A_IW_GRDH_1SDV_20250902T224808_20250902T224833_060815_079241_9713,VH,Singapore,1123,ok,38.9
S1A_IW_GRDH_1SDV_20250902T224808_20250902T224833_060815_079241_9713,VV,Singapore,1166,ok,38.9
S1A_IW_GRDH_1SDV_20250902T233423_20250902T233448_060815_079246_B71C,VH,Callao,115,ok,31.6
S1A_IW_GRDH_1SDV_20250902T233423_20250902T233448_060815_079246_B71C,VV,Callao,158,ok,28.7
S1A_IW_GRDH_1SDV_20250906T190751_20250906T190816_060871_07947B_EDC3,VH,Sydney Botany,43,ok,23.6
S1A_IW_GRDH_1SDV_20250906T190751_20250906T190816_060871_07947B_EDC3,VV,Sydney Botany,87,ok,24.0
S1A_IW_GRDH_1SDV_20250909T055837_20250909T055902_060907_0795EC_8CC1,VH,Rotterdam,1393,ok,22.5
S1A_IW_GRDH_1SDV_20250909T055837_20250909T055902_060907_0795EC_8CC1,VV,Rotterdam,1466,ok,24.5
S1A_IW_GRDH_1SDV_20250910T142503_20250910T142528_060927_0796BD_18EC,VH,Jebel Ali,881,ok,48.3
S1A_IW_GRDH_1SDV_20250910T142503_20250910T142528_060927_0796BD_18EC,VV,Jebel Ali,1280,ok,44.1
S1A_IW_GRDH_1SDV_20250911T163003_20250911T163028_060942_079755_9E0D,VH,Richards Bay,38,ok,43.1
S1A_IW_GRDH_1SDV_20250911T163003_20250911T163028_060942_079755_9E0D,VV,Richards Bay,70,ok,43.0
S1A_IW_GRDH_1SDV_20250912T153902_20250912T153931_060956_0797E9_52CC,VH,Mombasa,25,ok,48.0
S1A_IW_GRDH_1SDV_20250912T153902_20250912T153931_060956_0797E9_52CC,VV,Mombasa,115,ok,42.0
S1A_IW_GRDH_1SDV_20250912T173326_20250912T173351_060958_0797F4_2E8D,VH,Antwerp-Bruges,1266,ok,39.4
S1A_IW_GRDH_1SDV_20250912T173326_20250912T173351_060958_0797F4_2E8D,VV,Antwerp-Bruges,1428,ok,33.8
S1A_IW_GRDH_1SDV_20250913T035234_20250913T035259_060964_079836_C838,VH,Port Said,257,ok,20.8
S1A_IW_GRDH_1SDV_20250913T035234_20250913T035259_060964_079836_C838,VV,Port Said,496,ok,21.3
S1A_IW_GRDH_1SDV_20250913T095501_20250913T095526_060968_07985B_0B8B,VH,Shanghai,1699,ok,21.5
S1A_IW_GRDH_1SDV_20250913T095501_20250913T095526_060968_07985B_0B8B,VV,Shanghai,1555,ok,21.4
S1A_IW_GRDH_1SDV_20250914T224808_20250914T224833_060990_079946_63DA,VH,Singapore,1242,ok,22.0
S1A_IW_GRDH_1SDV_20250914T224808_20250914T224833_060990_079946_63DA,VV,Singapore,1263,ok,22.2
S1A_IW_GRDH_1SDV_20250917T141651_20250917T141716_061029_079AD4_BEB1,VH,Fujairah,383,ok,21.9
S1A_IW_GRDH_1SDV_20250917T141651_20250917T141716_061029_079AD4_BEB1,VV,Fujairah,440,ok,23.5
S1A_IW_GRDH_1SDV_20250918T190752_20250918T190817_061046_079B83_BFBC,VH,Sydney Botany,49,ok,39.8
S1A_IW_GRDH_1SDV_20250918T190752_20250918T190817_061046_079B83_BFBC,VV,Sydney Botany,93,ok,42.3
S1A_IW_GRDH_1SDV_20250922T142504_20250922T142529_061102_079DC2_7207,VH,Jebel Ali,880,ok,26.3
S1A_IW_GRDH_1SDV_20250922T142504_20250922T142529_061102_079DC2_7207,VV,Jebel Ali,1219,ok,26.5
S1A_IW_GRDH_1SDV_20250924T153902_20250924T153931_061131_079EEF_95D2,VH,Mombasa,22,ok,39.9
S1A_IW_GRDH_1SDV_20250924T153902_20250924T153931_061131_079EEF_95D2,VV,Mombasa,36,ok,38.0
S1A_IW_GRDH_1SDV_20250925T021543_20250925T021606_061138_079F34_4E55,VH,Jebel Ali,733,ok,19.7
S1A_IW_GRDH_1SDV_20250925T021543_20250925T021606_061138_079F34_4E55,VV,Jebel Ali,904,ok,20.5
S1A_IW_GRDH_1SDV_20250925T035234_20250925T035259_061139_079F3E_697B,VH,Port Said,287,ok,24.3
S1A_IW_GRDH_1SDV_20250925T035234_20250925T035259_061139_079F3E_697B,VV,Port Said,311,ok,21.1
S1A_IW_GRDH_1SDV_20250925T095501_20250925T095526_061143_079F62_43F4,VH,Shanghai,1823,ok,20.8
S1A_IW_GRDH_1SDV_20250925T095501_20250925T095526_061143_079F62_43F4,VV,Shanghai,1610,ok,20.9
S1A_IW_GRDH_1SDV_20250925T095616_20250925T095641_061143_079F62_D4E3,VH,Qingdao,1156,ok,20.5
S1A_IW_GRDH_1SDV_20250925T095616_20250925T095641_061143_079F62_D4E3,VV,Qingdao,837,ok,20.3
S1A_IW_GRDH_1SDV_20250926T224808_20250926T224833_061165_07A04B_FD27,VH,Singapore,1162,ok,21.6
S1A_IW_GRDH_1SDV_20250926T224808_20250926T224833_061165_07A04B_FD27,VV,Singapore,1238,ok,21.7
S1A_IW_GRDH_1SDV_20250930T113407_20250930T113432_061217_07A26A_3C89,VH,Port Klang,306,ok,22.0
S1A_IW_GRDH_1SDV_20250930T113407_20250930T113432_061217_07A26A_3C89,VV,Port Klang,322,ok,23.8
S1A_IW_GRDH_1SDV_20250930T190752_20250930T190817_061221_07A294_DB4F,VH,Sydney Botany,44,ok,35.0
S1A_IW_GRDH_1SDV_20250930T190752_20250930T190817_061221_07A294_DB4F,VV,Sydney Botany,91,ok,39.8
S1A_IW_GRDH_1SDV_20251004T142503_20251004T142528_061277_07A4D4_B04D,VH,Jebel Ali,890,ok,29.3
S1A_IW_GRDH_1SDV_20251004T142503_20251004T142528_061277_07A4D4_B04D,VV,Jebel Ali,1095,ok,26.2
S1A_IW_GRDH_1SDV_20251006T153903_20251006T153932_061306_07A5FE_9B54,VH,Mombasa,21,ok,28.3
S1A_IW_GRDH_1SDV_20251006T153903_20251006T153932_061306_07A5FE_9B54,VV,Mombasa,41,ok,25.3
S1A_IW_GRDH_1SDV_20251007T035234_20251007T035259_061314_07A64B_B254,VH,Port Said,289,ok,21.5
S1A_IW_GRDH_1SDV_20251007T035234_20251007T035259_061314_07A64B_B254,VV,Port Said,512,ok,22.9
S1A_IW_GRDH_1SDV_20251007T095502_20251007T095527_061318_07A66F_9734,VH,Shanghai,2070,ok,19.8
S1A_IW_GRDH_1SDV_20251007T095502_20251007T095527_061318_07A66F_9734,VV,Shanghai,1811,ok,22.6
S1A_IW_GRDH_1SDV_20251007T095617_20251007T095642_061318_07A66F_2CB9,VH,Qingdao,1687,ok,22.5
S1A_IW_GRDH_1SDV_20251007T095617_20251007T095642_061318_07A66F_2CB9,VV,Qingdao,1186,ok,21.4
S1A_IW_GRDH_1SDV_20251008T224809_20251008T224834_061340_07A75B_C1A5,VH,Singapore,1118,ok,21.3
S1A_IW_GRDH_1SDV_20251008T224809_20251008T224834_061340_07A75B_C1A5,VV,Singapore,1148,ok,23.0
S1A_IW_GRDH_1SDV_20251011T141652_20251011T141717_061379_07A8EC_6D05,VH,Fujairah,393,ok,21.6
S1A_IW_GRDH_1SDV_20251011T141652_20251011T141717_061379_07A8EC_6D05,VV,Fujairah,412,ok,21.6
S1A_IW_GRDH_1SDV_20251012T113408_20251012T113433_061392_07A972_E193,VH,Port Klang,315,ok,22.2
S1A_IW_GRDH_1SDV_20251012T113408_20251012T113433_061392_07A972_E193,VV,Port Klang,350,ok,25.7
S1A_IW_GRDH_1SDV_20251012T190752_20251012T190817_061396_07A99C_7947,VH,Sydney Botany,33,ok,27.3
S1A_IW_GRDH_1SDV_20251012T190752_20251012T190817_061396_07A99C_7947,VV,Sydney Botany,56,ok,28.8
S1A_IW_GRDH_1SDV_20251016T142504_20251016T142529_061452_07ABDD_BF78,VH,Jebel Ali,854,ok,23.2
S1A_IW_GRDH_1SDV_20251016T142504_20251016T142529_061452_07ABDD_BF78,VV,Jebel Ali,1388,ok,23.3
S1A_IW_GRDH_1SDV_20251017T054129_20251017T054154_061461_07AC2A_79B6,VH,Hamburg,888,ok,32.8
S1A_IW_GRDH_1SDV_20251017T054129_20251017T054154_061461_07AC2A_79B6,VV,Hamburg,919,ok,31.6
S1A_IW_GRDH_1SDV_20251017T191537_20251017T191602_061469_07AC87_CC33,VH,Newcastle,27,ok,28.0
S1A_IW_GRDH_1SDV_20251017T191537_20251017T191602_061469_07AC87_CC33,VV,Newcastle,29,ok,23.3
S1A_IW_GRDH_1SDV_20251018T153903_20251018T153932_061481_07AD03_B243,VH,Mombasa,26,ok,24.7
S1A_IW_GRDH_1SDV_20251018T153903_20251018T153932_061481_07AD03_B243,VV,Mombasa,43,ok,24.9
S1A_IW_GRDH_1SDV_20251019T035234_20251019T035259_061489_07AD50_1AB6,VH,Port Said,293,ok,21.3
S1A_IW_GRDH_1SDV_20251019T035234_20251019T035259_061489_07AD50_1AB6,VV,Port Said,420,ok,21.5
S1A_IW_GRDH_1SDV_20251019T095501_20251019T095526_061493_07AD75_C893,VH,Shanghai,1425,ok,21.1
S1A_IW_GRDH_1SDV_20251019T095501_20251019T095526_061493_07AD75_C893,VV,Shanghai,1362,ok,21.2
S1A_IW_GRDH_1SDV_20251019T095616_20251019T095641_061493_07AD75_3A90,VH,Qingdao,563,ok,20.7
S1A_IW_GRDH_1SDV_20251019T095616_20251019T095641_061493_07AD75_3A90,VV,Qingdao,596,ok,20.7
S1A_IW_GRDH_1SDV_20251020T224808_20251020T224833_061515_07AE62_BC0B,VH,Singapore,1208,ok,21.9
S1A_IW_GRDH_1SDV_20251020T224808_20251020T224833_061515_07AE62_BC0B,VV,Singapore,1240,ok,22.4
S1A_IW_GRDH_1SDV_20251023T141652_20251023T141717_061554_07AFF4_3310,VH,Fujairah,409,ok,21.8
S1A_IW_GRDH_1SDV_20251023T141652_20251023T141717_061554_07AFF4_3310,VV,Fujairah,432,ok,21.9
S1A_IW_GRDH_1SDV_20251024T190752_20251024T190817_061571_07B0A2_E5D2,VH,Sydney Botany,53,ok,23.5
S1A_IW_GRDH_1SDV_20251024T190752_20251024T190817_061571_07B0A2_E5D2,VV,Sydney Botany,170,ok,23.9
S1A_IW_GRDH_1SDV_20251026T020728_20251026T020753_061590_07B161_3CC3,VH,Fujairah,453,ok,21.7
S1A_IW_GRDH_1SDV_20251026T020728_20251026T020753_061590_07B161_3CC3,VV,Fujairah,537,ok,23.9
S1A_IW_GRDH_1SDV_20251027T055837_20251027T055902_061607_07B211_E251,VH,Rotterdam,1202,ok,37.2
S1A_IW_GRDH_1SDV_20251027T055837_20251027T055902_061607_07B211_E251,VV,Rotterdam,815,ok,37.3
S1A_IW_GRDH_1SDV_20251028T142503_20251028T142528_061627_07B2E5_AF8B,VH,Jebel Ali,922,ok,26.4
S1A_IW_GRDH_1SDV_20251028T142503_20251028T142528_061627_07B2E5_AF8B,VV,Jebel Ali,1283,ok,24.1
S1A_IW_GRDH_1SDV_20251029T054128_20251029T054153_061636_07B333_88A6,VH,Hamburg,723,ok,22.3
S1A_IW_GRDH_1SDV_20251029T054128_20251029T054153_061636_07B333_88A6,VV,Hamburg,742,ok,21.4
S1A_IW_GRDH_1SDV_20251029T191536_20251029T191601_061644_07B393_8142,VH,Newcastle,16,ok,23.4
S1A_IW_GRDH_1SDV_20251029T191536_20251029T191601_061644_07B393_8142,VV,Newcastle,19,ok,24.0
S1A_IW_GRDH_1SDV_20251030T153902_20251030T153931_061656_07B411_FB08,VH,Mombasa,39,ok,24.7
S1A_IW_GRDH_1SDV_20251030T153902_20251030T153931_061656_07B411_FB08,VV,Mombasa,60,ok,24.4
S1A_IW_GRDH_1SDV_20251031T095501_20251031T095526_061668_07B482_E582,VH,Shanghai,1907,ok,21.2
S1A_IW_GRDH_1SDV_20251031T095501_20251031T095526_061668_07B482_E582,VV,Shanghai,1769,ok,21.1
S1A_IW_GRDH_1SDV_20251031T095616_20251031T095641_061668_07B482_0BCC,VH,Qingdao,1202,ok,20.6
S1A_IW_GRDH_1SDV_20251031T095616_20251031T095641_061668_07B482_0BCC,VV,Qingdao,855,ok,22.7
S1A_IW_GRDH_1SDV_20251101T224808_20251101T224833_061690_07B564_1AD8,VH,Singapore,1170,ok,34.8
S1A_IW_GRDH_1SDV_20251101T224808_20251101T224833_061690_07B564_1AD8,VV,Singapore,1202,ok,35.9
S1A_IW_GRDH_1SDV_20251101T233423_20251101T233448_061690_07B569_16F6,VH,Callao,92,ok,30.3
S1A_IW_GRDH_1SDV_20251101T233423_20251101T233448_061690_07B569_16F6,VV,Callao,132,ok,28.6
S1A_IW_GRDH_1SDV_20251105T190752_20251105T190817_061746_07B792_3E36,VH,Sydney Botany,46,ok,43.9
S1A_IW_GRDH_1SDV_20251105T190752_20251105T190817_061746_07B792_3E36,VV,Sydney Botany,105,ok,42.9
S1A_IW_GRDH_1SDV_20251109T142503_20251109T142528_061802_07B9BD_1AE4,VH,Jebel Ali,873,ok,27.2
S1A_IW_GRDH_1SDV_20251109T142503_20251109T142528_061802_07B9BD_1AE4,VV,Jebel Ali,1234,ok,26.8
S1A_IW_GRDH_1SDV_20251110T191536_20251110T191601_061819_07BA62_4077,VH,Newcastle,37,ok,23.8
S1A_IW_GRDH_1SDV_20251110T191536_20251110T191601_061819_07BA62_4077,VV,Newcastle,39,ok,23.4
S1A_IW_GRDH_1SDV_20251112T035233_20251112T035258_061839_07BB21_91CA,VH,Port Said,268,ok,21.7
S1A_IW_GRDH_1SDV_20251112T035233_20251112T035258_061839_07BB21_91CA,VV,Port Said,328,ok,21.9
S1A_IW_GRDH_1SDV_20251112T095500_20251112T095525_061843_07BB43_791B,VH,Shanghai,1676,ok,28.1
S1A_IW_GRDH_1SDV_20251112T095500_20251112T095525_061843_07BB43_791B,VV,Shanghai,1562,ok,28.0
S1A_IW_GRDH_1SDV_20251112T095615_20251112T095640_061843_07BB43_DBA5,VH,Qingdao,1444,ok,28.3
S1A_IW_GRDH_1SDV_20251112T095615_20251112T095640_061843_07BB43_DBA5,VV,Qingdao,2699,ok,19.6
S1A_IW_GRDH_1SDV_20251113T224807_20251113T224832_061865_07BC26_8BE5,VH,Singapore,1234,ok,21.9
S1A_IW_GRDH_1SDV_20251113T224807_20251113T224832_061865_07BC26_8BE5,VV,Singapore,1244,ok,22.2
S1A_IW_GRDH_1SDV_20251117T190751_20251117T190816_061921_07BE5B_1974,VH,Sydney Botany,46,ok,23.7
S1A_IW_GRDH_1SDV_20251117T190751_20251117T190816_061921_07BE5B_1974,VV,Sydney Botany,78,ok,24.2
S1A_IW_GRDH_1SDV_20251120T055836_20251120T055901_061957_07BFB6_DC2D,VH,Rotterdam,1358,ok,37.9
S1A_IW_GRDH_1SDV_20251120T055836_20251120T055901_061957_07BFB6_DC2D,VV,Rotterdam,1237,ok,38.3
S1A_IW_GRDH_1SDV_20251121T142503_20251121T142528_061977_07C08B_B3BC,VH,Jebel Ali,853,ok,29.0
S1A_IW_GRDH_1SDV_20251121T142503_20251121T142528_061977_07C08B_B3BC,VV,Jebel Ali,1283,ok,30.8
S1A_IW_GRDH_1SDV_20251122T054127_20251122T054152_061986_07C0D6_F7BE,VH,Hamburg,841,ok,22.7
S1A_IW_GRDH_1SDV_20251122T054127_20251122T054152_061986_07C0D6_F7BE,VV,Hamburg,839,ok,21.6
S1A_IW_GRDH_1SDV_20251124T035232_20251124T035257_062014_07C1F4_0DB0,VH,Port Said,240,ok,21.5
S1A_IW_GRDH_1SDV_20251124T035232_20251124T035257_062014_07C1F4_0DB0,VV,Port Said,284,ok,21.6
S1A_IW_GRDH_1SDV_20251124T095500_20251124T095525_062018_07C214_828E,VH,Shanghai,1726,ok,21.5
S1A_IW_GRDH_1SDV_20251124T095500_20251124T095525_062018_07C214_828E,VV,Shanghai,1556,ok,21.4
S1A_IW_GRDH_1SDV_20251124T095615_20251124T095640_062018_07C214_78ED,VH,Qingdao,651,ok,21.0
S1A_IW_GRDH_1SDV_20251124T095615_20251124T095640_062018_07C214_78ED,VV,Qingdao,608,ok,21.0
S1A_IW_GRDH_1SDV_20251125T224806_20251125T224831_062040_07C2F5_5BFA,VH,Singapore,1260,ok,48.0
S1A_IW_GRDH_1SDV_20251125T224806_20251125T224831_062040_07C2F5_5BFA,VV,Singapore,1315,ok,48.2
S1A_IW_GRDH_1SDV_20251126T225109_20251126T225134_062055_07C38B_B529,VH,New York,206,ok,39.6
S1A_IW_GRDH_1SDV_20251126T225109_20251126T225134_062055_07C38B_B529,VV,New York,665,ok,40.3
S1A_IW_GRDH_1SDV_20251129T113406_20251129T113431_062092_07C503_6B6D,VH,Port Klang,372,ok,21.7
S1A_IW_GRDH_1SDV_20251129T113406_20251129T113431_062092_07C503_6B6D,VV,Port Klang,396,ok,22.1
S1A_IW_GRDH_1SDV_20251129T190750_20251129T190815_062096_07C52D_C156,VH,Sydney Botany,43,ok,23.4
S1A_IW_GRDH_1SDV_20251129T190750_20251129T190815_062096_07C52D_C156,VV,Sydney Botany,111,ok,23.8
S1A_IW_GRDH_1SDV_20251202T055835_20251202T055900_062132_07C68A_27C0,VH,Rotterdam,1383,ok,35.9
S1A_IW_GRDH_1SDV_20251202T055835_20251202T055900_062132_07C68A_27C0,VV,Rotterdam,1295,ok,35.5
S1A_IW_GRDH_1SDV_20251203T142501_20251203T142526_062152_07C75E_D213,VH,Jebel Ali,898,ok,29.4
S1A_IW_GRDH_1SDV_20251203T142501_20251203T142526_062152_07C75E_D213,VV,Jebel Ali,1390,ok,26.3
S1A_IW_GRDH_1SDV_20251204T054126_20251204T054151_062161_07C7AC_F97F,VH,Hamburg,995,ok,20.7
S1A_IW_GRDH_1SDV_20251204T054126_20251204T054151_062161_07C7AC_F97F,VV,Hamburg,956,ok,21.4
S1A_IW_GRDH_1SDV_20251204T191534_20251204T191559_062169_07C80B_6F85,VH,Newcastle,16,ok,24.3
S1A_IW_GRDH_1SDV_20251204T191534_20251204T191559_062169_07C80B_6F85,VV,Newcastle,23,ok,26.5
S1A_IW_GRDH_1SDV_20251206T021540_20251206T021603_062188_07C8BF_E0FB,VH,Jebel Ali,740,ok,24.4
S1A_IW_GRDH_1SDV_20251206T021540_20251206T021603_062188_07C8BF_E0FB,VV,Jebel Ali,1003,ok,25.1
S1A_IW_GRDH_1SDV_20251206T035231_20251206T035256_062189_07C8C7_B4B3,VH,Port Said,210,ok,32.8
S1A_IW_GRDH_1SDV_20251206T035231_20251206T035256_062189_07C8C7_B4B3,VV,Port Said,258,ok,30.8
S1A_IW_GRDH_1SDV_20251206T095458_20251206T095523_062193_07C8EB_18F6,VH,Shanghai,2005,ok,20.9
S1A_IW_GRDH_1SDV_20251206T095458_20251206T095523_062193_07C8EB_18F6,VV,Shanghai,1731,ok,21.1
S1A_IW_GRDH_1SDV_20251206T095613_20251206T095638_062193_07C8EB_13B5,VH,Qingdao,1009,ok,21.2
S1A_IW_GRDH_1SDV_20251206T095613_20251206T095638_062193_07C8EB_13B5,VV,Qingdao,777,ok,21.0
S1A_IW_GRDH_1SDV_20251207T224805_20251207T224830_062215_07C9D3_13F1,VH,Singapore,1261,ok,22.2
S1A_IW_GRDH_1SDV_20251207T224805_20251207T224830_062215_07C9D3_13F1,VV,Singapore,1287,ok,22.3
S1A_IW_GRDH_1SDV_20251211T113405_20251211T113430_062267_07CBD7_A7ED,VH,Port Klang,336,ok,22.3
S1A_IW_GRDH_1SDV_20251211T113405_20251211T113430_062267_07CBD7_A7ED,VV,Port Klang,361,ok,22.4
S1A_IW_GRDH_1SDV_20251211T190749_20251211T190814_062271_07CC01_6A6B,VH,Sydney Botany,48,ok,23.8
S1A_IW_GRDH_1SDV_20251211T190749_20251211T190814_062271_07CC01_6A6B,VV,Sydney Botany,82,ok,23.8
S1A_IW_GRDH_1SDV_20251214T055834_20251214T055859_062307_07CD62_B45A,VH,Rotterdam,1464,ok,36.9
S1A_IW_GRDH_1SDV_20251214T055834_20251214T055859_062307_07CD62_B45A,VV,Rotterdam,1394,ok,38.0
S1A_IW_GRDH_1SDV_20251215T142500_20251215T142525_062327_07CE36_F264,VH,Jebel Ali,828,ok,31.1
S1A_IW_GRDH_1SDV_20251215T142500_20251215T142525_062327_07CE36_F264,VV,Jebel Ali,930,ok,26.6
S1A_IW_GRDH_1SDV_20251216T054125_20251216T054150_062336_07CE83_4CC7,VH,Hamburg,899,ok,59.6
S1A_IW_GRDH_1SDV_20251216T054125_20251216T054150_062336_07CE83_4CC7,VV,Hamburg,991,ok,59.5
S1A_IW_GRDH_1SDV_20251216T162959_20251216T163024_062342_07CECD_EF29,VH,Richards Bay,52,ok,55.3
S1A_IW_GRDH_1SDV_20251216T162959_20251216T163024_062342_07CECD_EF29,VV,Richards Bay,84,ok,52.8
S1A_IW_GRDH_1SDV_20251217T173322_20251217T173347_062358_07CF5C_3556,VH,Antwerp-Bruges,2065,ok,19.5
S1A_IW_GRDH_1SDV_20251217T173322_20251217T173347_062358_07CF5C_3556,VV,Antwerp-Bruges,1548,ok,29.1
S1A_IW_GRDH_1SDV_20251218T035230_20251218T035255_062364_07CF9A_DF33,VH,Port Said,256,ok,28.6
S1A_IW_GRDH_1SDV_20251218T035230_20251218T035255_062364_07CF9A_DF33,VV,Port Said,259,ok,27.4
S1A_IW_GRDH_1SDV_20251218T095457_20251218T095522_062368_07CFBE_85B2,VH,Shanghai,1983,ok,20.8
S1A_IW_GRDH_1SDV_20251218T095457_20251218T095522_062368_07CFBE_85B2,VV,Shanghai,1822,ok,20.7
S1A_IW_GRDH_1SDV_20251218T095612_20251218T095637_062368_07CFBE_D9B3,VH,Qingdao,869,ok,20.8
S1A_IW_GRDH_1SDV_20251218T095612_20251218T095637_062368_07CFBE_D9B3,VV,Qingdao,695,ok,20.7
S1A_IW_GRDH_1SDV_20251219T224804_20251219T224829_062390_07D0A3_DC5F,VH,Singapore,1238,ok,20.5
S1A_IW_GRDH_1SDV_20251219T224804_20251219T224829_062390_07D0A3_DC5F,VV,Singapore,1251,ok,23.4
S1A_IW_GRDH_1SDV_20251222T141647_20251222T141712_062429_07D225_B5FC,VH,Fujairah,382,ok,23.6
S1A_IW_GRDH_1SDV_20251222T141647_20251222T141712_062429_07D225_B5FC,VV,Fujairah,397,ok,22.4
S1A_IW_GRDH_1SDV_20251223T113403_20251223T113428_062442_07D2AB_3284,VH,Port Klang,329,ok,22.0
S1A_IW_GRDH_1SDV_20251223T113403_20251223T113428_062442_07D2AB_3284,VV,Port Klang,372,ok,23.1
S1A_IW_GRDH_1SDV_20251223T181816_20251223T181841_062446_07D2CE_C333,VH,Tanger Med,179,ok,21.2
S1A_IW_GRDH_1SDV_20251223T181816_20251223T181841_062446_07D2CE_C333,VV,Tanger Med,301,ok,21.2
S1A_IW_GRDH_1SDV_20251223T190747_20251223T190812_062446_07D2D3_0484,VH,Sydney Botany,47,ok,23.4
S1A_IW_GRDH_1SDV_20251223T190747_20251223T190812_062446_07D2D3_0484,VV,Sydney Botany,93,ok,31.2
S1A_IW_GRDH_1SDV_20251226T055832_20251226T055857_062482_07D430_A244,VH,Rotterdam,1334,ok,28.5
S1A_IW_GRDH_1SDV_20251226T055832_20251226T055857_062482_07D430_A244,VV,Rotterdam,1253,ok,28.5
S1A_IW_GRDH_1SDV_20251227T142459_20251227T142524_062502_07D505_24C1,VH,Jebel Ali,953,ok,21.1
S1A_IW_GRDH_1SDV_20251227T142459_20251227T142524_062502_07D505_24C1,VV,Jebel Ali,1712,ok,20.9
S1A_IW_GRDH_1SDV_20251228T054123_20251228T054148_062511_07D550_B09A,VH,Hamburg,776,ok,30.1
S1A_IW_GRDH_1SDV_20251228T054123_20251228T054148_062511_07D550_B09A,VV,Hamburg,890,ok,29.5
S1A_IW_GRDH_1SDV_20251230T035229_20251230T035254_062539_07D665_2BBB,VH,Port Said,227,ok,29.5
S1A_IW_GRDH_1SDV_20251230T035229_20251230T035254_062539_07D665_2BBB,VV,Port Said,250,ok,20.3
S1A_IW_GRDH_1SDV_20251230T095431_20251230T095456_062543_07D685_F009,VH,Ningbo-Zhoushan,1097,ok,19.9
S1A_IW_GRDH_1SDV_20251230T095431_20251230T095456_062543_07D685_F009,VV,Ningbo-Zhoushan,991,ok,20.7
S1A_IW_GRDH_1SDV_20251230T095456_20251230T095521_062543_07D685_E32F,VH,Shanghai,1813,ok,20.7
S1A_IW_GRDH_1SDV_20251230T095456_20251230T095521_062543_07D685_E32F,VV,Shanghai,1688,ok,19.9
S1A_IW_GRDH_1SDV_20251230T095611_20251230T095636_062543_07D685_8E60,VH,Qingdao,888,ok,19.8
S1A_IW_GRDH_1SDV_20251230T095611_20251230T095636_062543_07D685_8E60,VV,Qingdao,721,ok,20.7
S1A_IW_GRDH_1SDV_20251231T224803_20251231T224828_062565_07D762_CEEB,VH,Singapore,1305,ok,22.0
S1A_IW_GRDH_1SDV_20251231T224803_20251231T224828_062565_07D762_CEEB,VV,Singapore,1338,ok,22.1
S1A_IW_GRDH_1SDV_20260104T113402_20260104T113427_062617_07D969_8415,VH,Port Klang,382,ok,21.9
S1A_IW_GRDH_1SDV_20260104T113402_20260104T113427_062617_07D969_8415,VV,Port Klang,403,ok,22.6
S1A_IW_GRDH_1SDV_20260224T055828_20260224T055853_063357_07F51A_CAA5,VH,Rotterdam,1507,ok,21.4
S1A_IW_GRDH_1SDV_20260224T055828_20260224T055853_063357_07F51A_CAA5,VV,Rotterdam,1492,ok,21.0
S1C_IW_GRDH_1SDV_20250414T015728_20250414T015809_001883_0039AF_C154,VH,Los Angeles,160,ok,31.5
S1C_IW_GRDH_1SDV_20250414T015728_20250414T015809_001883_0039AF_C154,VV,Los Angeles,78,ok,32.2
S1C_IW_GRDH_1SDV_20250526T083012_20250526T083037_002499_00535A_A7A9,VH,Santos,132,ok,22.9
S1C_IW_GRDH_1SDV_20250526T083012_20250526T083037_002499_00535A_A7A9,VV,Santos,143,ok,23.5
S1C_IW_GRDH_1SDV_20250607T083013_20250607T083038_002674_005863_339E,VH,Santos,118,ok,23.5
S1C_IW_GRDH_1SDV_20250607T083013_20250607T083038_002674_005863_339E,VV,Santos,120,ok,24.9
S1C_IW_GRDH_1SDV_20250611T055738_20250611T055803_002731_005A0C_2C37,VH,Antwerp-Bruges,899,ok,25.4
S1C_IW_GRDH_1SDV_20250611T055738_20250611T055803_002731_005A0C_2C37,VV,Antwerp-Bruges,1075,ok,25.7
S1C_IW_GRDH_1SDV_20250614T213050_20250614T213119_002784_005B97_D06D,VH,Port Hedland,96,ok,62.2
S1C_IW_GRDH_1SDV_20250614T213050_20250614T213119_002784_005B97_D06D,VV,Port Hedland,150,ok,53.8
S1C_IW_GRDH_1SDV_20250619T083013_20250619T083038_002849_005D71_762B,VH,Santos,124,ok,55.2
S1C_IW_GRDH_1SDV_20250619T083013_20250619T083038_002849_005D71_762B,VV,Santos,163,ok,54.9
S1C_IW_GRDH_1SDV_20250623T055738_20250623T055803_002906_005F16_6E06,VH,Antwerp-Bruges,1085,ok,21.4
S1C_IW_GRDH_1SDV_20250623T055738_20250623T055803_002906_005F16_6E06,VV,Antwerp-Bruges,1015,ok,21.0
S1C_IW_GRDH_1SDV_20250705T055739_20250705T055804_003081_00641D_2DF0,VH,Antwerp-Bruges,1053,ok,21.0
S1C_IW_GRDH_1SDV_20250705T055739_20250705T055804_003081_00641D_2DF0,VV,Antwerp-Bruges,1064,ok,21.2
S1C_IW_GRDH_1SDV_20250713T083015_20250713T083040_003199_006788_CF0A,VH,Santos,160,ok,22.8
S1C_IW_GRDH_1SDV_20250713T083015_20250713T083040_003199_006788_CF0A,VV,Santos,152,ok,23.0
S1C_IW_GRDH_1SDV_20250720T173209_20250720T173234_003307_006AB5_D3FE,VH,Antwerp-Bruges,804,ok,21.5
S1C_IW_GRDH_1SDV_20250720T173209_20250720T173234_003307_006AB5_D3FE,VV,Antwerp-Bruges,821,ok,21.6
S1C_IW_GRDH_1SDV_20250725T083016_20250725T083041_003374_006C9F_DCD2,VH,Santos,159,ok,50.3
S1C_IW_GRDH_1SDV_20250725T083016_20250725T083041_003374_006C9F_DCD2,VV,Santos,148,ok,52.0
S1C_IW_GRDH_1SDV_20250802T103843_20250802T103908_003492_00701B_89A1,VH,Callao,61,ok,42.5
S1C_IW_GRDH_1SDV_20250802T103843_20250802T103908_003492_00701B_89A1,VV,Callao,73,ok,84.3
S1C_IW_GRDH_1SDV_20250803T233313_20250803T233338_003514_0070C0_6937,VH,Callao,110,ok,27.4
S1C_IW_GRDH_1SDV_20250803T233313_20250803T233338_003514_0070C0_6937,VV,Callao,86,ok,47.9
S1C_IW_GRDH_1SDV_20250806T083016_20250806T083041_003549_0071C1_63F3,VH,Santos,226,ok,25.1
S1C_IW_GRDH_1SDV_20250806T083016_20250806T083041_003549_0071C1_63F3,VV,Santos,223,ok,21.3
S1C_IW_GRDH_1SDV_20250810T055741_20250810T055806_003606_007385_F130,VH,Antwerp-Bruges,1058,ok,29.0
S1C_IW_GRDH_1SDV_20250810T055741_20250810T055806_003606_007385_F130,VV,Antwerp-Bruges,1044,ok,25.5
S1C_IW_GRDH_1SDV_20250813T062133_20250813T062158_003650_0074D4_BCC0,VH,Newcastle,410,ok,26.9
S1C_IW_GRDH_1SDV_20250813T062133_20250813T062158_003650_0074D4_BCC0,VV,Newcastle,430,ok,33.4
S1C_IW_GRDH_1SDV_20250813T213053_20250813T213122_003659_00751A_DBC8,VH,Port Hedland,88,ok,35.3
S1C_IW_GRDH_1SDV_20250813T213053_20250813T213122_003659_00751A_DBC8,VV,Port Hedland,136,ok,36.7
S1C_IW_GRDH_1SDV_20250814T021436_20250814T021501_003662_00752F_F0F2,VH,Jebel Ali,772,ok,34.3
S1C_IW_GRDH_1SDV_20250814T021436_20250814T021501_003662_00752F_F0F2,VV,Jebel Ali,978,ok,29.4
S1C_IW_GRDH_1SDV_20250822T055742_20250822T055806_003781_0078C6_2C32,VH,Antwerp-Bruges,1090,ok,30.7
S1C_IW_GRDH_1SDV_20250822T055742_20250822T055806_003781_0078C6_2C32,VV,Antwerp-Bruges,1105,ok,25.0
S1C_IW_GRDH_1SDV_20250824T054027_20250824T054052_003810_0079A1_4DF0,VH,Hamburg,914,ok,22.8
S1C_IW_GRDH_1SDV_20250824T054027_20250824T054052_003810_0079A1_4DF0,VV,Hamburg,897,ok,22.0
S1C_IW_GRDH_1SDV_20250827T233314_20250827T233339_003864_007B3B_3B7B,VH,Callao,94,ok,22.9
S1C_IW_GRDH_1SDV_20250827T233314_20250827T233339_003864_007B3B_3B7B,VV,Callao,96,ok,22.8
S1C_IW_GRDH_1SDV_20250903T055742_20250903T055807_003956_007E04_B34B,VH,Antwerp-Bruges,1025,ok,21.4
S1C_IW_GRDH_1SDV_20250903T055742_20250903T055807_003956_007E04_B34B,VV,Antwerp-Bruges,957,ok,23.9
S1C_IW_GRDH_1SDV_20250905T054027_20250905T054052_003985_007ED9_EA5D,VH,Hamburg,857,ok,30.5
S1C_IW_GRDH_1SDV_20250905T054027_20250905T054052_003985_007ED9_EA5D,VV,Hamburg,1415,ok,20.1
S1C_IW_GRDH_1SDV_20250906T173211_20250906T173236_004007_007F7E_D39D,VH,Antwerp-Bruges,776,ok,30.0
S1C_IW_GRDH_1SDV_20250906T173211_20250906T173236_004007_007F7E_D39D,VV,Antwerp-Bruges,804,ok,27.1
S1C_IW_GRDH_1SDV_20250915T055742_20250915T055807_004131_008359_AA20,VH,Antwerp-Bruges,646,ok,20.9
S1C_IW_GRDH_1SDV_20250915T055742_20250915T055807_004131_008359_AA20,VV,Antwerp-Bruges,659,ok,28.4
S1C_IW_GRDH_1SDV_20250917T054028_20250917T054053_004160_00842D_7E1A,VH,Hamburg,772,ok,34.7
S1C_IW_GRDH_1SDV_20250917T054028_20250917T054053_004160_00842D_7E1A,VV,Hamburg,581,ok,39.3
S1C_IW_GRDH_1SDV_20250920T030348_20250920T030413_004202_008573_E1A5,VH,Mombasa,27,ok,22.2
S1C_IW_GRDH_1SDV_20250920T030348_20250920T030413_004202_008573_E1A5,VV,Mombasa,85,ok,24.8
S1C_IW_GRDH_1SDV_20250920T031050_20250920T031118_004202_008574_3319,VH,Richards Bay,85,ok,47.4
S1C_IW_GRDH_1SDV_20250920T031050_20250920T031118_004202_008574_3319,VV,Richards Bay,105,ok,45.6
S1C_IW_GRDH_1SDV_20250923T083018_20250923T083043_004249_0086DF_07F5,VH,Santos,155,ok,25.7
S1C_IW_GRDH_1SDV_20250923T083018_20250923T083043_004249_0086DF_07F5,VV,Santos,229,ok,25.2
S1C_IW_GRDH_1SDV_20250927T055742_20250927T055807_004306_0088A6_843A,VH,Antwerp-Bruges,969,ok,22.3
S1C_IW_GRDH_1SDV_20250927T055742_20250927T055807_004306_0088A6_843A,VV,Antwerp-Bruges,1122,ok,20.4
S1C_IW_GRDH_1SDV_20250929T054028_20250929T054053_004335_008987_A32B,VH,Hamburg,839,ok,21.1
S1C_IW_GRDH_1SDV_20250929T054028_20250929T054053_004335_008987_A32B,VV,Hamburg,922,ok,21.5
S1C_IW_GRDH_1SDV_20251002T031050_20251002T031117_004377_008ACD_BFF1,VH,Richards Bay,55,ok,39.6
S1C_IW_GRDH_1SDV_20251002T031050_20251002T031117_004377_008ACD_BFF1,VV,Richards Bay,125,ok,39.4
S1C_IW_GRDH_1SDV_20251005T083018_20251005T083043_004424_008C38_8E9B,VH,Santos,150,ok,28.1
S1C_IW_GRDH_1SDV_20251005T083018_20251005T083043_004424_008C38_8E9B,VV,Santos,708,ok,29.4
S1C_IW_GRDH_1SDV_20251011T054028_20251011T054053_004510_008ED9_EBA7,VH,Hamburg,837,ok,49.2
S1C_IW_GRDH_1SDV_20251011T054028_20251011T054053_004510_008ED9_EBA7,VV,Hamburg,828,ok,49.2
S1C_IW_GRDH_1SDV_20251013T021438_20251013T021503_004537_008FA6_7629,VH,Jebel Ali,838,ok,23.2
S1C_IW_GRDH_1SDV_20251013T021438_20251013T021503_004537_008FA6_7629,VV,Jebel Ali,983,ok,25.4
S1C_IW_GRDH_1SDV_20251017T083018_20251017T083043_004599_009184_9E4E,VH,Santos,172,ok,25.1
S1C_IW_GRDH_1SDV_20251017T083018_20251017T083043_004599_009184_9E4E,VV,Santos,216,ok,24.5
S1C_IW_GRDH_1SDV_20251023T054028_20251023T054053_004685_009421_38F8,VH,Hamburg,860,ok,23.0
S1C_IW_GRDH_1SDV_20251023T054028_20251023T054053_004685_009421_38F8,VV,Hamburg,692,ok,23.0
S1C_IW_GRDH_1SDV_20251024T213054_20251024T213124_004709_0094E0_DB1C,VH,Port Hedland,88,ok,27.1
S1C_IW_GRDH_1SDV_20251024T213054_20251024T213124_004709_0094E0_DB1C,VV,Port Hedland,102,ok,32.0
S1C_IW_GRDH_1SDV_20251025T021438_20251025T021503_004712_0094F6_EC36,VH,Jebel Ali,782,ok,27.1
S1C_IW_GRDH_1SDV_20251025T021438_20251025T021503_004712_0094F6_EC36,VV,Jebel Ali,953,ok,27.7
S1C_IW_GRDH_1SDV_20251025T215643_20251025T215708_004724_00954D_12A7,VH,Qingdao,2036,ok,51.6
S1C_IW_GRDH_1SDV_20251025T215643_20251025T215708_004724_00954D_12A7,VV,Qingdao,1578,ok,44.2
S1C_IW_GRDH_1SDV_20251026T030348_20251026T030413_004727_009566_6FE4,VH,Mombasa,40,ok,30.4
S1C_IW_GRDH_1SDV_20251026T030348_20251026T030413_004727_009566_6FE4,VV,Mombasa,89,ok,31.0
S1C_IW_GRDH_1SDV_20251104T054028_20251104T054053_004860_0099AE_A2F9,VH,Hamburg,850,ok,21.1
S1C_IW_GRDH_1SDV_20251104T054028_20251104T054053_004860_0099AE_A2F9,VV,Hamburg,821,ok,21.3
S1C_IW_GRDH_1SDV_20251105T213054_20251105T213124_004884_009A7D_8FDC,VH,Port Hedland,104,ok,30.2
S1C_IW_GRDH_1SDV_20251105T213054_20251105T213124_004884_009A7D_8FDC,VV,Port Hedland,116,ok,31.1
S1C_IW_GRDH_1SDV_20251106T021437_20251106T021502_004887_009A94_6EF3,VH,Jebel Ali,790,ok,35.0
S1C_IW_GRDH_1SDV_20251106T021437_20251106T021502_004887_009A94_6EF3,VV,Jebel Ali,898,ok,38.8
S1C_IW_GRDH_1SDV_20251107T030348_20251107T030413_004902_009B16_327F,VH,Mombasa,29,ok,77.0
S1C_IW_GRDH_1SDV_20251107T030348_20251107T030413_004902_009B16_327F,VV,Mombasa,50,ok,76.9
S1C_IW_GRDH_1SDV_20251110T083017_20251110T083042_004949_009CA9_3A13,VH,Santos,145,ok,54.9
S1C_IW_GRDH_1SDV_20251110T083017_20251110T083042_004949_009CA9_3A13,VV,Santos,144,ok,53.0
S1C_IW_GRDH_1SDV_20251116T054027_20251116T054052_005035_009F87_5F14,VH,Hamburg,914,ok,21.3
S1C_IW_GRDH_1SDV_20251116T054027_20251116T054052_005035_009F87_5F14,VV,Hamburg,969,ok,21.8
S1C_IW_GRDH_1SDV_20251117T173211_20251117T173236_005057_00A047_CB70,VH,Antwerp-Bruges,729,ok,21.5
S1C_IW_GRDH_1SDV_20251117T173211_20251117T173236_005057_00A047_CB70,VV,Antwerp-Bruges,724,ok,22.1
S1C_IW_GRDH_1SDV_20251117T213054_20251117T213123_005059_00A05C_1C3A,VH,Port Hedland,61,ok,39.5
S1C_IW_GRDH_1SDV_20251117T213054_20251117T213123_005059_00A05C_1C3A,VV,Port Hedland,61,ok,39.5
S1C_IW_GRDH_1SDV_20251119T031050_20251119T031117_005077_00A0F4_F122,VH,Richards Bay,146,ok,24.8
S1C_IW_GRDH_1SDV_20251119T031050_20251119T031117_005077_00A0F4_F122,VV,Richards Bay,199,ok,26.9
S1C_IW_GRDH_1SDV_20251128T054027_20251128T054052_005210_00A568_4CE6,VH,Hamburg,696,ok,22.7
S1C_IW_GRDH_1SDV_20251128T054027_20251128T054052_005210_00A568_4CE6,VV,Hamburg,697,ok,24.7
S1C_IW_GRDH_1SDV_20251129T213053_20251129T213123_005234_00A63B_63CD,VH,Port Hedland,53,ok,42.6
S1C_IW_GRDH_1SDV_20251129T213053_20251129T213123_005234_00A63B_63CD,VV,Port Hedland,64,ok,44.5
S1C_IW_GRDH_1SDV_20251130T021436_20251130T021501_005237_00A653_4A11,VH,Jebel Ali,784,ok,26.3
S1C_IW_GRDH_1SDV_20251130T021436_20251130T021501_005237_00A653_4A11,VV,Jebel Ali,911,ok,24.2
S1C_IW_GRDH_1SDV_20251201T030347_20251201T030412_005252_00A6CF_3A0E,VH,Mombasa,38,ok,29.3
S1C_IW_GRDH_1SDV_20251201T030347_20251201T030412_005252_00A6CF_3A0E,VV,Mombasa,79,ok,28.4
S1C_IW_GRDH_1SDV_20251204T083017_20251204T083042_005299_00A86E_347C,VH,Santos,85,ok,39.9
S1C_IW_GRDH_1SDV_20251204T083017_20251204T083042_005299_00A86E_347C,VV,Santos,88,ok,37.7
S1C_IW_GRDH_1SDV_20251210T054026_20251210T054051_005385_00AB6C_2021,VH,Hamburg,867,ok,22.8
S1C_IW_GRDH_1SDV_20251210T054026_20251210T054051_005385_00AB6C_2021,VV,Hamburg,803,ok,23.6
S1C_IW_GRDH_1SDV_20251211T213053_20251211T213122_005409_00AC3F_40F8,VH,Port Hedland,61,ok,41.0
S1C_IW_GRDH_1SDV_20251211T213053_20251211T213122_005409_00AC3F_40F8,VV,Port Hedland,75,ok,41.0
S1C_IW_GRDH_1SDV_20251213T233313_20251213T233338_005439_00AD3E_36D0,VH,Callao,167,ok,27.1
S1C_IW_GRDH_1SDV_20251213T233313_20251213T233338_005439_00AD3E_36D0,VV,Callao,161,ok,25.7
S1C_IW_GRDH_1SDV_20251216T083016_20251216T083041_005474_00AE73_758D,VH,Santos,93,ok,22.8
S1C_IW_GRDH_1SDV_20251216T083016_20251216T083041_005474_00AE73_758D,VV,Santos,112,ok,22.3
S1C_IW_GRDH_1SDV_20251222T054026_20251222T054051_005560_00B165_BF35,VH,Hamburg,754,ok,21.3
S1C_IW_GRDH_1SDV_20251222T054026_20251222T054051_005560_00B165_BF35,VV,Hamburg,684,ok,21.5
S1C_IW_GRDH_1SDV_20251223T213052_20251223T213121_005584_00B23E_FFF7,VH,Port Hedland,93,ok,25.7
S1C_IW_GRDH_1SDV_20251223T213052_20251223T213121_005584_00B23E_FFF7,VV,Port Hedland,116,ok,25.2
S1C_IW_GRDH_1SDV_20251228T083015_20251228T083040_005649_00B479_86EE,VH,Santos,84,ok,22.9
S1C_IW_GRDH_1SDV_20251228T083015_20251228T083040_005649_00B479_86EE,VV,Santos,86,ok,22.3
