product_id,coast_layer_observed,anchorage_layer_observed,fairway_layer_observed
S1A_IW_GRDH_1SDV_20250115T173330_20250115T173355_057458_07130D_51CB,1,1,0
S1A_IW_GRDH_1SDV_20250220T173328_20250220T173353_057983_07280A_D019,1,1,0
S1A_IW_GRDH_1SDV_20250409T173329_20250409T173354_058683_07444B_FA8B,1,1,0
S1A_IW_GRDH_1SDV_20250714T173326_20250714T173351_060083_077709_FD9C,1,1,0
S1C_IW_GRDH_1SDV_20250611T055738_20250611T055803_002731_005A0C_2C37,1,1,0
S1C_IW_GRDH_1SDV_20250623T055738_20250623T055803_002906_005F16_6E06,1,1,0
S1C_IW_GRDH_1SDV_20250705T055739_20250705T055804_003081_00641D_2DF0,1,1,0
S1C_IW_GRDH_1SDV_20250720T173209_20250720T173234_003307_006AB5_D3FE,1,1,0
S1A_IW_GRDH_1SDV_20250912T173326_20250912T173351_060958_0797F4_2E8D,1,1,0
S1A_IW_GRDH_1SDV_20251217T173322_20251217T173347_062358_07CF5C_3556,1,1,0
S1C_IW_GRDH_1SDV_20250810T055741_20250810T055806_003606_007385_F130,1,1,0
S1C_IW_GRDH_1SDV_20250822T055742_20250822T055806_003781_0078C6_2C32,1,1,0
S1C_IW_GRDH_1SDV_20250903T055742_20250903T055807_003956_007E04_B34B,1,1,0
S1C_IW_GRDH_1SDV_20250906T173211_20250906T173236_004007_007F7E_D39D,1,1,0
S1C_IW_GRDH_1SDV_20250915T055742_20250915T055807_004131_008359_AA20,1,1,0
S1C_IW_GRDH_1SDV_20250927T055742_20250927T055807_004306_0088A6_843A,1,1,0
S1C_IW_GRDH_1SDV_20251117T173211_20251117T173236_005057_00A047_CB70,1,1,0
S1A_IW_GRDH_1SDV_20250812T092320_20250812T092349_060501_0785D8_D733,1,0,0
S1A_IW_GRDH_1SDV_20250104T103939_20250104T104004_057293_070C8F_4A75,1,0,0
S1A_IW_GRDH_1SDV_20250128T103938_20250128T104003_057643_071A72_02D2,1,0,0
S1A_IW_GRDH_1SDV_20250226T104756_20250226T104817_058066_072B73_87CC,1,0,0
S1A_IW_GRDH_1SDV_20250317T103937_20250317T104002_058343_073699_CE68,1,0,0
S1A_IW_GRDH_1SDV_20250528T103937_20250528T104002_059393_075F48_4EAF,1,0,0
S1A_IW_GRDH_1SDV_20250716T233423_20250716T233448_060115_077824_E5F7,1,0,0
S1A_IW_GRDH_1SDV_20250728T233423_20250728T233448_060290_077E28_8D35,1,0,0
S1A_IW_GRDH_1SDV_20250809T233423_20250809T233448_060465_07847A_0D09,1,0,0
S1A_IW_GRDH_1SDV_20250902T233423_20250902T233448_060815_079246_B71C,1,0,0
S1A_IW_GRDH_1SDV_20251101T233423_20251101T233448_061690_07B569_16F6,1,0,0
S1C_IW_GRDH_1SDV_20250802T103843_20250802T103908_003492_00701B_89A1,1,0,0
S1C_IW_GRDH_1SDV_20250803T233313_20250803T233338_003514_0070C0_6937,1,0,0
S1C_IW_GRDH_1SDV_20250827T233314_20250827T233339_003864_007B3B_3B7B,1,0,0
S1C_IW_GRDH_1SDV_20251213T233313_20251213T233338_005439_00AD3E_36D0,1,0,0
S1A_IW_GRDH_1SDV_20250108T141656_20250108T141721_057354_070EF9_747A,1,0,0
S1A_IW_GRDH_1SDV_20250120T141655_20250120T141720_057529_0715E8_27AA,1,0,0
S1A_IW_GRDH_1SDV_20250201T141654_20250201T141719_057704_071CD3_8E9C,1,0,0
S1A_IW_GRDH_1SDV_20250225T141654_20250225T141719_058054_072AFB_9955,1,0,0
S1A_IW_GRDH_1SDV_20250321T141654_20250321T141719_058404_07390A_3A64,1,0,0
S1A_IW_GRDH_1SDV_20250508T141655_20250508T141720_059104_07553F_D9D1,1,0,0
S1A_IW_GRDH_1SDV_20250731T141651_20250731T141716_060329_077F80_00CD,1,0,0
S1A_IW_GRDH_1SDV_20250917T141651_20250917T141716_061029_079AD4_BEB1,1,0,0
S1A_IW_GRDH_1SDV_20251011T141652_20251011T141717_061379_07A8EC_6D05,1,0,0
S1A_IW_GRDH_1SDV_20251023T141652_20251023T141717_061554_07AFF4_3310,1,0,0
S1A_IW_GRDH_1SDV_20251026T020728_20251026T020753_061590_07B161_3CC3,1,0,0
S1A_IW_GRDH_1SDV_20251222T141647_20251222T141712_062429_07D225_B5FC,1,0,0
S1A_IW_GRDH_1SDV_20251017T054129_20251017T054154_061461_07AC2A_79B6,1,0,0
S1A_IW_GRDH_1SDV_20251029T054128_20251029T054153_061636_07B333_88A6,1,0,0
S1C_IW_GRDH_1SDV_20250824T054027_20250824T054052_003810_0079A1_4DF0,1,0,0
S1C_IW_GRDH_1SDV_20250905T054027_20250905T054052_003985_007ED9_EA5D,1,0,0
S1C_IW_GRDH_1SDV_20250917T054028_20250917T054053_004160_00842D_7E1A,1,0,0
S1C_IW_GRDH_1SDV_20250929T054028_20250929T054053_004335_008987_A32B,1,0,0
S1C_IW_GRDH_1SDV_20251011T054028_20251011T054053_004510_008ED9_EBA7,1,0,0
S1C_IW_GRDH_1SDV_20251023T054028_20251023T054053_004685_009421_38F8,1,0,0
S1A_IW_GRDH_1SDV_20251122T054127_20251122T054152_061986_07C0D6_F7BE,1,0,0
S1A_IW_GRDH_1SDV_20251204T054126_20251204T054151_062161_07C7AC_F97F,1,0,0
S1A_IW_GRDH_1SDV_20251216T054125_20251216T054150_062336_07CE83_4CC7,1,0,0
S1A_IW_GRDH_1SDV_20251228T054123_20251228T054148_062511_07D550_B09A,1,0,0
S1C_IW_GRDH_1SDV_20251104T054028_20251104T054053_004860_0099AE_A2F9,1,0,0
S1C_IW_GRDH_1SDV_20251116T054027_20251116T054052_005035_009F87_5F14,1,0,0
S1C_IW_GRDH_1SDV_20251128T054027_20251128T054052_005210_00A568_4CE6,1,0,0
S1C_IW_GRDH_1SDV_20251210T054026_20251210T054051_005385_00AB6C_2021,1,0,0
S1C_IW_GRDH_1SDV_20251222T054026_20251222T054051_005560_00B165_BF35,1,0,0
S1A_IW_GRDH_1SDV_20250102T122317_20250102T122347_057265_070B6D_EB07,1,0,1
S1A_IW_GRDH_1SDV_20250126T122315_20250126T122344_057615_071953_D83D,1,0,1
S1A_IW_GRDH_1SDV_20250315T122314_20250315T122344_058315_07357B_31CC,1,0,1
S1A_IW_GRDH_1SDV_20250401T002647_20250401T002712_058556_073F16_5FFE,1,0,1
S1A_IW_GRDH_1SDV_20250607T122314_20250607T122344_059540_076452_AEAB,1,0,1
S1A_IW_GRDH_1SDV_20250612T002645_20250612T002710_059606_07667E_E24C,1,0,1
S1A_IW_GRDH_1SDV_20250718T002643_20250718T002708_060131_0778A6_1D3D,1,0,1
S1A_IW_GRDH_1SDV_20250101T142509_20250101T142534_057252_070AF6_8BC8,1,1,0
S1A_IW_GRDH_1SDV_20250104T021547_20250104T021611_057288_070C5C_2B74,1,1,0
S1A_IW_GRDH_1SDV_20250113T142508_20250113T142533_057427_0711E2_2089,1,1,0
S1A_IW_GRDH_1SDV_20250125T142507_20250125T142532_057602_0718D6_9C14,1,1,0
S1A_IW_GRDH_1SDV_20250206T142506_20250206T142531_057777_071FC4_4425,1,1,0
S1A_IW_GRDH_1SDV_20250218T142506_20250218T142531_057952_0726CE_AB2C,1,1,0
S1A_IW_GRDH_1SDV_20250302T142506_20250302T142531_058127_072DF2_C32F,1,1,0
S1A_IW_GRDH_1SDV_20250314T142506_20250314T142531_058302_073505_F8D8,1,1,0
S1A_IW_GRDH_1SDV_20250317T021545_20250317T021609_058338_073664_181C,1,1,0
S1A_IW_GRDH_1SDV_20250326T142506_20250326T142531_058477_073BE1_A5C1,1,1,0
S1A_IW_GRDH_1SDV_20250407T142506_20250407T142531_058652_07430E_28DD,1,1,0
S1A_IW_GRDH_1SDV_20250410T021545_20250410T021609_058688_074483_D3BC,1,1,0
S1A_IW_GRDH_1SDV_20250419T142506_20250419T142531_058827_074A34_03DC,1,1,0
S1A_IW_GRDH_1SDV_20250501T142507_20250501T142532_059002_075153_F22D,1,1,0
S1A_IW_GRDH_1SDV_20250513T142506_20250513T142531_059177_0757CB_F25B,1,1,0
S1A_IW_GRDH_1SDV_20250525T142506_20250525T142531_059352_075DD8_6C78,1,1,0
S1A_IW_GRDH_1SDV_20250606T142505_20250606T142530_059527_0763E5_967B,1,1,0
S1A_IW_GRDH_1SDV_20250609T021544_20250609T021608_059563_076513_C2E0,1,1,0
S1A_IW_GRDH_1SDV_20250618T142504_20250618T142529_059702_0769DE_8658,1,1,0
S1A_IW_GRDH_1SDV_20250621T021544_20250621T021607_059738_076B1D_2523,1,1,0
S1A_IW_GRDH_1SDV_20250630T142504_20250630T142529_059877_076FF7_ED71,1,1,0
S1A_IW_GRDH_1SDV_20250715T021542_20250715T021606_060088_077739_3740,1,1,0
S1A_IW_GRDH_1SDV_20250724T142503_20250724T142528_060227_077C09_9CBA,1,1,0
S1A_IW_GRDH_1SDV_20250805T142503_20250805T142528_060402_078207_9714,1,1,0
S1A_IW_GRDH_1SDV_20250817T142503_20250817T142528_060577_0788DF_80F4,1,1,0
S1A_IW_GRDH_1SDV_20250829T142503_20250829T142528_060752_078FC4_CDEA,1,1,0
S1A_IW_GRDH_1SDV_20250901T021542_20250901T021605_060788_07912C_0086,1,1,0
S1A_IW_GRDH_1SDV_20250910T142503_20250910T142528_060927_0796BD_18EC,1,1,0
S1A_IW_GRDH_1SDV_20250922T142504_20250922T142529_061102_079DC2_7207,1,1,0
S1A_IW_GRDH_1SDV_20250925T021543_20250925T021606_061138_079F34_4E55,1,1,0
S1A_IW_GRDH_1SDV_20251004T142503_20251004T142528_061277_07A4D4_B04D,1,1,0
S1A_IW_GRDH_1SDV_20251016T142504_20251016T142529_061452_07ABDD_BF78,1,1,0
S1A_IW_GRDH_1SDV_20251028T142503_20251028T142528_061627_07B2E5_AF8B,1,1,0
S1A_IW_GRDH_1SDV_20251109T142503_20251109T142528_061802_07B9BD_1AE4,1,1,0
S1A_IW_GRDH_1SDV_20251121T142503_20251121T142528_061977_07C08B_B3BC,1,1,0
S1A_IW_GRDH_1SDV_20251203T142501_20251203T142526_062152_07C75E_D213,1,1,0
S1A_IW_GRDH_1SDV_20251206T021540_20251206T021603_062188_07C8BF_E0FB,1,1,0
S1A_IW_GRDH_1SDV_20251215T142500_20251215T142525_062327_07CE36_F264,1,1,0
S1A_IW_GRDH_1SDV_20251227T142459_20251227T142524_062502_07D505_24C1,1,1,0
S1C_IW_GRDH_1SDV_20250814T021436_20250814T021501_003662_00752F_F0F2,1,1,0
S1C_IW_GRDH_1SDV_20251013T021438_20251013T021503_004537_008FA6_7629,1,1,0
S1C_IW_GRDH_1SDV_20251025T021438_20251025T021503_004712_0094F6_EC36,1,1,0
S1C_IW_GRDH_1SDV_20251106T021437_20251106T021502_004887_009A94_6EF3,1,1,0
S1C_IW_GRDH_1SDV_20251130T021436_20251130T021501_005237_00A653_4A11,1,1,0
S1A_IW_GRDH_1SDV_20250202T135247_20250202T135312_057718_071D69_2EC7,1,0,0
S1C_IW_GRDH_1SDV_20250414T015728_20250414T015809_001883_0039AF_C154,1,0,0
S1A_IW_GRDH_1SDV_20250217T193335_20250217T193400_057940_072653_7401,1,0,0
S1A_IW_GRDH_1SDV_20250406T193335_20250406T193400_058640_074290_9E86,1,0,0
S1A_IW_GRDH_1SDV_20250418T193335_20250418T193400_058815_0749B9_7FEC,1,0,0
S1A_IW_GRDH_1SDV_20250629T193333_20250629T193358_059865_076F8D_C18A,1,0,0
S1A_IW_GRDH_1SDV_20250115T153906_20250115T153935_057456_071303_0ED7,1,0,0
S1A_IW_GRDH_1SDV_20250127T153906_20250127T153935_057631_0719FF_8570,1,0,0
S1A_IW_GRDH_1SDV_20250220T153905_20250220T153934_057981_0727FE_BF71,1,0,0
S1A_IW_GRDH_1SDV_20250316T153905_20250316T153934_058331_073622_85D9,1,0,0
S1A_IW_GRDH_1SDV_20250328T153905_20250328T153934_058506_073D15_583F,1,0,0
S1A_IW_GRDH_1SDV_20250421T153906_20250421T153935_058856_074B68_80A1,1,0,0
S1A_IW_GRDH_1SDV_20250515T153905_20250515T153934_059206_0758C3_2241,1,0,0
S1A_IW_GRDH_1SDV_20250527T153905_20250527T153934_059381_075EDC_EE48,1,0,0
S1A_IW_GRDH_1SDV_20250620T153903_20250620T153932_059731_076AE1_A027,1,0,0
S1A_IW_GRDH_1SDV_20250702T153903_20250702T153932_059906_0770FC_6D94,1,0,0
S1A_IW_GRDH_1SDV_20250714T153902_20250714T153931_060081_0776FF_25DB,1,0,0
S1A_IW_GRDH_1SDV_20250726T153902_20250726T153931_060256_077D04_0826,1,0,0
S1A_IW_GRDH_1SDV_20250819T153902_20250819T153931_060606_078A07_42F0,1,0,0
S1A_IW_GRDH_1SDV_20250831T153902_20250831T153931_060781_0790EA_0B81,1,0,0
S1A_IW_GRDH_1SDV_20250912T153902_20250912T153931_060956_0797E9_52CC,1,0,0
S1A_IW_GRDH_1SDV_20250924T153902_20250924T153931_061131_079EEF_95D2,1,0,0
S1A_IW_GRDH_1SDV_20251006T153903_20251006T153932_061306_07A5FE_9B54,1,0,0
S1A_IW_GRDH_1SDV_20251018T153903_20251018T153932_061481_07AD03_B243,1,0,0
S1A_IW_GRDH_1SDV_20251030T153902_20251030T153931_061656_07B411_FB08,1,0,0
S1C_IW_GRDH_1SDV_20250920T030348_20250920T030413_004202_008573_E1A5,1,0,0
S1C_IW_GRDH_1SDV_20251026T030348_20251026T030413_004727_009566_6FE4,1,0,0
S1C_IW_GRDH_1SDV_20251107T030348_20251107T030413_004902_009B16_327F,1,0,0
S1C_IW_GRDH_1SDV_20251201T030347_20251201T030412_005252_00A6CF_3A0E,1,0,0
S1A_IW_GRDH_1SDV_20250211T225059_20250211T225124_057855_0722DE_45FE,1,0,0
S1A_IW_GRDH_1SDV_20251126T225109_20251126T225134_062055_07C38B_B529,1,0,0
S1A_IW_GRDH_1SDV_20250121T190730_20250121T190755_057546_07169B_6835,1,0,0
S1A_IW_GRDH_1SDV_20250126T191540_20250126T191605_057619_07197E_F97F,1,0,0
S1A_IW_GRDH_1SDV_20250219T191539_20250219T191604_057969_072771_AEEC,1,0,0
S1A_IW_GRDH_1SDV_20250315T191539_20250315T191604_058319_0735A5_19A8,1,0,0
S1A_IW_GRDH_1SDV_20250514T191539_20250514T191604_059194_07585D_32C0,1,0,0
S1A_IW_GRDH_1SDV_20250619T191537_20250619T191602_059719_076A71_A28F,1,0,0
S1A_IW_GRDH_1SDV_20250806T191536_20250806T191601_060419_0782A5_AF18,1,0,0
S1A_IW_GRDH_1SDV_20251017T191537_20251017T191602_061469_07AC87_CC33,1,0,0
S1A_IW_GRDH_1SDV_20251029T191536_20251029T191601_061644_07B393_8142,1,0,0
S1A_IW_GRDH_1SDV_20251110T191536_20251110T191601_061819_07BA62_4077,1,0,0
S1A_IW_GRDH_1SDV_20251204T191534_20251204T191559_062169_07C80B_6F85,1,0,0
S1C_IW_GRDH_1SDV_20250813T062133_20250813T062158_003650_0074D4_BCC0,1,0,0
S1A_IW_GRDH_1SDV_20250703T095436_20250703T095501_059918_07715F_4982,1,0,0
S1A_IW_GRDH_1SDV_20251230T095431_20251230T095456_062543_07D685_F009,1,0,0
S1C_IW_GRDH_1SDV_20250614T213050_20250614T213119_002784_005B97_D06D,1,0,0
S1C_IW_GRDH_1SDV_20250813T213053_20250813T213122_003659_00751A_DBC8,1,0,0
S1C_IW_GRDH_1SDV_20251024T213054_20251024T213124_004709_0094E0_DB1C,1,0,0
S1C_IW_GRDH_1SDV_20251105T213054_20251105T213124_004884_009A7D_8FDC,1,0,0
S1C_IW_GRDH_1SDV_20251117T213054_20251117T213123_005059_00A05C_1C3A,1,0,0
S1C_IW_GRDH_1SDV_20251129T213053_20251129T213123_005234_00A63B_63CD,1,0,0
S1C_IW_GRDH_1SDV_20251211T213053_20251211T213122_005409_00AC3F_40F8,1,0,0
S1C_IW_GRDH_1SDV_20251223T213052_20251223T213121_005584_00B23E_FFF7,1,0,0
S1A_IW_GRDH_1SDV_20250310T113410_20250310T113435_058242_07329D_6109,1,0,0
S1A_IW_GRDH_1SDV_20250626T113408_20250626T113433_059817_076DDC_1C20,1,0,0
S1A_IW_GRDH_1SDV_20250708T113408_20250708T113433_059992_0773EA_C045,1,0,0
S1A_IW_GRDH_1SDV_20250720T113407_20250720T113432_060167_0779EF_8B2D,1,0,0
S1A_IW_GRDH_1SDV_20250813T113407_20250813T113432_060517_078680_45FA,1,0,0
S1A_IW_GRDH_1SDV_20250930T113407_20250930T113432_061217_07A26A_3C89,1,0,0
S1A_IW_GRDH_1SDV_20251012T113408_20251012T113433_061392_07A972_E193,1,0,0
S1A_IW_GRDH_1SDV_20251129T113406_20251129T113431_062092_07C503_6B6D,1,0,0
S1A_IW_GRDH_1SDV_20251211T113405_20251211T113430_062267_07CBD7_A7ED,1,0,0
S1A_IW_GRDH_1SDV_20251223T113403_20251223T113428_062442_07D2AB_3284,1,0,0
S1A_IW_GRDH_1SDV_20260104T113402_20260104T113427_062617_07D969_8415,1,0,0
S1A_IW_GRDH_1SDV_20250317T035236_20250317T035301_058339_07366E_1A19,1,0,1
S1A_IW_GRDH_1SDV_20250422T035237_20250422T035302_058864_074BB7_3AD7,1,0,1
S1A_IW_GRDH_1SDV_20250504T035237_20250504T035302_059039_0752BC_810D,1,0,1
S1A_IW_GRDH_1SDV_20250516T035237_20250516T035302_059214_07590C_1B74,1,0,1
S1A_IW_GRDH_1SDV_20250528T035236_20250528T035301_059389_075F25_EDE8,1,0,1
S1A_IW_GRDH_1SDV_20250609T035235_20250609T035300_059564_07651D_4100,1,0,1
S1A_IW_GRDH_1SDV_20250621T035235_20250621T035300_059739_076B27_C979,1,0,1
S1A_IW_GRDH_1SDV_20250703T035234_20250703T035259_059914_077140_7BD6,1,0,1
S1A_IW_GRDH_1SDV_20250715T035234_20250715T035259_060089_077743_FB08,1,0,1
S1A_IW_GRDH_1SDV_20250727T035233_20250727T035258_060264_077D47_F0A8,1,0,1
S1A_IW_GRDH_1SDV_20250808T035233_20250808T035258_060439_078370_CD54,1,0,1
S1A_IW_GRDH_1SDV_20250820T035233_20250820T035258_060614_078A53_5450,1,0,1
S1A_IW_GRDH_1SDV_20250901T035233_20250901T035258_060789_079136_B324,1,0,1
S1A_IW_GRDH_1SDV_20250913T035234_20250913T035259_060964_079836_C838,1,0,1
S1A_IW_GRDH_1SDV_20250925T035234_20250925T035259_061139_079F3E_697B,1,0,1
S1A_IW_GRDH_1SDV_20251007T035234_20251007T035259_061314_07A64B_B254,1,0,1
S1A_IW_GRDH_1SDV_20251019T035234_20251019T035259_061489_07AD50_1AB6,1,0,1
S1A_IW_GRDH_1SDV_20251112T035233_20251112T035258_061839_07BB21_91CA,1,0,1
S1A_IW_GRDH_1SDV_20251124T035232_20251124T035257_062014_07C1F4_0DB0,1,0,1
S1A_IW_GRDH_1SDV_20251206T035231_20251206T035256_062189_07C8C7_B4B3,1,0,1
S1A_IW_GRDH_1SDV_20251218T035230_20251218T035255_062364_07CF9A_DF33,1,0,1
S1A_IW_GRDH_1SDV_20251230T035229_20251230T035254_062539_07D665_2BBB,1,0,1
S1A_IW_GRDH_1SDV_20250128T095619_20250128T095644_057643_071A6C_C629,1,0,1
S1A_IW_GRDH_1SDV_20250209T095619_20250209T095644_057818_072156_A282,1,0,1
S1A_IW_GRDH_1SDV_20250317T095619_20250317T095644_058343_073693_570A,1,0,1
S1A_IW_GRDH_1SDV_20250329T095619_20250329T095644_058518_073D8B_5302,1,0,1
S1A_IW_GRDH_1SDV_20250410T095619_20250410T095644_058693_0744B4_726C,1,0,1
S1A_IW_GRDH_1SDV_20250422T095619_20250422T095644_058868_074BDE_EE82,1,0,1
S1A_IW_GRDH_1SDV_20250504T095619_20250504T095644_059043_0752E1_23FF,1,0,1
S1A_IW_GRDH_1SDV_20250516T095619_20250516T095644_059218_07592B_E377,1,0,1
S1A_IW_GRDH_1SDV_20250528T095618_20250528T095643_059393_075F43_4703,1,0,1
S1A_IW_GRDH_1SDV_20250609T095618_20250609T095643_059568_07653B_64EC,1,0,1
S1A_IW_GRDH_1SDV_20250621T095617_20250621T095642_059743_076B46_1176,1,0,1
S1A_IW_GRDH_1SDV_20250715T095616_20250715T095641_060093_077760_1FAF,1,0,1
S1A_IW_GRDH_1SDV_20250808T095615_20250808T095640_060443_078391_9942,1,0,1
S1A_IW_GRDH_1SDV_20250820T095615_20250820T095640_060618_078A74_3D5A,1,0,1
S1A_IW_GRDH_1SDV_20250901T095616_20250901T095641_060793_079158_54A8,1,0,1
S1A_IW_GRDH_1SDV_20250925T095616_20250925T095641_061143_079F62_D4E3,1,0,1
S1A_IW_GRDH_1SDV_20251007T095617_20251007T095642_061318_07A66F_2CB9,1,0,1
S1A_IW_GRDH_1SDV_20251019T095616_20251019T095641_061493_07AD75_3A90,1,0,1
S1A_IW_GRDH_1SDV_20251031T095616_20251031T095641_061668_07B482_0BCC,1,0,1
S1A_IW_GRDH_1SDV_20251112T095615_20251112T095640_061843_07BB43_DBA5,1,0,1
S1A_IW_GRDH_1SDV_20251124T095615_20251124T095640_062018_07C214_78ED,1,0,1
S1A_IW_GRDH_1SDV_20251206T095613_20251206T095638_062193_07C8EB_13B5,1,0,1
S1A_IW_GRDH_1SDV_20251218T095612_20251218T095637_062368_07CFBE_D9B3,1,0,1
S1A_IW_GRDH_1SDV_20251230T095611_20251230T095636_062543_07D685_8E60,1,0,1
S1C_IW_GRDH_1SDV_20251025T215643_20251025T215708_004724_00954D_12A7,1,0,1
S1A_IW_GRDH_1SDV_20250327T163005_20250327T163030_058492_073C79_EAA7,1,0,0
S1A_IW_GRDH_1SDV_20250502T163006_20250502T163031_059017_0751E2_680E,1,0,0
S1A_IW_GRDH_1SDV_20250526T163005_20250526T163030_059367_075E5F_4FCB,1,0,0
S1A_IW_GRDH_1SDV_20250607T163005_20250607T163030_059542_076467_C24A,1,0,0
S1A_IW_GRDH_1SDV_20250619T163004_20250619T163029_059717_076A60_94E5,1,0,0
S1A_IW_GRDH_1SDV_20250713T163003_20250713T163028_060067_07767F_5920,1,0,0
S1A_IW_GRDH_1SDV_20250725T163002_20250725T163027_060242_077C8C_6445,1,0,0
S1A_IW_GRDH_1SDV_20250911T163003_20250911T163028_060942_079755_9E0D,1,0,0
S1A_IW_GRDH_1SDV_20251216T162959_20251216T163024_062342_07CECD_EF29,1,0,0
S1C_IW_GRDH_1SDV_20250920T031050_20250920T031118_004202_008574_3319,1,0,0
S1C_IW_GRDH_1SDV_20251002T031050_20251002T031117_004377_008ACD_BFF1,1,0,0
S1C_IW_GRDH_1SDV_20251119T031050_20251119T031117_005077_00A0F4_F122,1,0,0
S1A_IW_GRDH_1SDV_20250112T055841_20250112T055906_057407_07110D_854D,1,0,0
S1A_IW_GRDH_1SDV_20250217T055839_20250217T055904_057932_0725F5_9F4A,1,0,0
S1A_IW_GRDH_1SDV_20250418T055840_20250418T055905_058807_074958_2BFC,1,0,0
S1A_IW_GRDH_1SDV_20250711T055837_20250711T055902_060032_077547_699B,1,0,0
S1A_IW_GRDH_1SDV_20250909T055837_20250909T055902_060907_0795EC_8CC1,1,0,0
S1A_IW_GRDH_1SDV_20251027T055837_20251027T055902_061607_07B211_E251,1,0,0
S1A_IW_GRDH_1SDV_20251120T055836_20251120T055901_061957_07BFB6_DC2D,1,0,0
S1A_IW_GRDH_1SDV_20251202T055835_20251202T055900_062132_07C68A_27C0,1,0,0
S1A_IW_GRDH_1SDV_20251214T055834_20251214T055859_062307_07CD62_B45A,1,0,0
S1A_IW_GRDH_1SDV_20251226T055832_20251226T055857_062482_07D430_A244,1,0,0
S1A_IW_GRDH_1SDV_20260224T055828_20260224T055853_063357_07F51A_CAA5,1,0,0
S1A_IW_GRDH_1SDV_20250213T083110_20250213T083139_057875_0723AA_0832,1,1,0
S1A_IW_GRDH_1SDV_20250309T083110_20250309T083139_058225_0731F2_0C8F,1,1,0
S1C_IW_GRDH_1SDV_20250526T083012_20250526T083037_002499_00535A_A7A9,1,1,0
S1C_IW_GRDH_1SDV_20250607T083013_20250607T083038_002674_005863_339E,1,1,0
S1C_IW_GRDH_1SDV_20250619T083013_20250619T083038_002849_005D71_762B,1,1,0
S1C_IW_GRDH_1SDV_20250713T083015_20250713T083040_003199_006788_CF0A,1,1,0
S1C_IW_GRDH_1SDV_20250725T083016_20250725T083041_003374_006C9F_DCD2,1,1,0
S1C_IW_GRDH_1SDV_20250806T083016_20250806T083041_003549_0071C1_63F3,1,1,0
S1C_IW_GRDH_1SDV_20250923T083018_20250923T083043_004249_0086DF_07F5,1,1,0
S1C_IW_GRDH_1SDV_20251005T083018_20251005T083043_004424_008C38_8E9B,1,1,0
S1C_IW_GRDH_1SDV_20251017T083018_20251017T083043_004599_009184_9E4E,1,1,0
S1C_IW_GRDH_1SDV_20251110T083017_20251110T083042_004949_009CA9_3A13,1,1,0
S1C_IW_GRDH_1SDV_20251204T083017_20251204T083042_005299_00A86E_347C,1,1,0
S1C_IW_GRDH_1SDV_20251216T083016_20251216T083041_005474_00AE73_758D,1,1,0
S1C_IW_GRDH_1SDV_20251228T083015_20251228T083040_005649_00B479_86EE,1,1,0
S1A_IW_GRDH_1SDV_20250422T095504_20250422T095529_058868_074BDE_2A15,1,0,0
S1A_IW_GRDH_1SDV_20250504T095504_20250504T095529_059043_0752E1_E126,1,0,0
S1A_IW_GRDH_1SDV_20250516T095504_20250516T095529_059218_07592B_0FC8,1,0,0
S1A_IW_GRDH_1SDV_20250528T095503_20250528T095528_059393_075F43_DC80,1,0,0
S1A_IW_GRDH_1SDV_20250609T095503_20250609T095528_059568_07653B_1E66,1,0,0
S1A_IW_GRDH_1SDV_20250621T095502_20250621T095527_059743_076B46_2434,1,0,0
S1A_IW_GRDH_1SDV_20250715T095501_20250715T095526_060093_077760_4889,1,0,0
S1A_IW_GRDH_1SDV_20250727T095501_20250727T095526_060268_077D68_FED2,1,0,0
S1A_IW_GRDH_1SDV_20250808T095500_20250808T095525_060443_078391_5813,1,0,0
S1A_IW_GRDH_1SDV_20250820T095500_20250820T095525_060618_078A74_9040,1,0,0
S1A_IW_GRDH_1SDV_20250913T095501_20250913T095526_060968_07985B_0B8B,1,0,0
S1A_IW_GRDH_1SDV_20250925T095501_20250925T095526_061143_079F62_43F4,1,0,0
S1A_IW_GRDH_1SDV_20251007T095502_20251007T095527_061318_07A66F_9734,1,0,0
S1A_IW_GRDH_1SDV_20251019T095501_20251019T095526_061493_07AD75_C893,1,0,0
S1A_IW_GRDH_1SDV_20251031T095501_20251031T095526_061668_07B482_E582,1,0,0
S1A_IW_GRDH_1SDV_20251112T095500_20251112T095525_061843_07BB43_791B,1,0,0
S1A_IW_GRDH_1SDV_20251124T095500_20251124T095525_062018_07C214_828E,1,0,0
S1A_IW_GRDH_1SDV_20251206T095458_20251206T095523_062193_07C8EB_18F6,1,0,0
S1A_IW_GRDH_1SDV_20251218T095457_20251218T095522_062368_07CFBE_85B2,1,0,0
S1A_IW_GRDH_1SDV_20251230T095456_20251230T095521_062543_07D685_E32F,1,0,0
S1A_IW_GRDH_1SDV_20250105T224813_20250105T224838_057315_070D6B_4F1E,1,0,1
S1A_IW_GRDH_1SDV_20250117T224812_20250117T224837_057490_071459_C3D3,1,0,1
S1A_IW_GRDH_1SDV_20250210T224811_20250210T224836_057840_072244_0469,1,0,1
S1A_IW_GRDH_1SDV_20250222T224810_20250222T224835_058015_072961_178E,1,0,1
S1A_IW_GRDH_1SDV_20250306T224811_20250306T224836_058190_07308D_CDA9,1,0,1
S1A_IW_GRDH_1SDV_20250318T224811_20250318T224836_058365_073771_B1C2,1,0,1
S1A_IW_GRDH_1SDV_20250330T224811_20250330T224836_058540_073E75_9F1A,1,0,1
S1A_IW_GRDH_1SDV_20250411T224811_20250411T224836_058715_07459E_9525,1,0,1
S1A_IW_GRDH_1SDV_20250423T224811_20250423T224836_058890_074CC9_8953,1,0,1
S1A_IW_GRDH_1SDV_20250505T224811_20250505T224836_059065_0753C1_B8EA,1,0,1
S1A_IW_GRDH_1SDV_20250609T112534_20250609T112559_059568_076545_1D7F,1,0,1
S1A_IW_GRDH_1SDV_20250715T112532_20250715T112557_060093_07776A_62D2,1,0,1
S1A_IW_GRDH_1SDV_20250821T224808_20250821T224833_060640_078B59_E798,1,0,1
S1A_IW_GRDH_1SDV_20250902T224808_20250902T224833_060815_079241_9713,1,0,1
S1A_IW_GRDH_1SDV_20250914T224808_20250914T224833_060990_079946_63DA,1,0,1
S1A_IW_GRDH_1SDV_20250926T224808_20250926T224833_061165_07A04B_FD27,1,0,1
S1A_IW_GRDH_1SDV_20251008T224809_20251008T224834_061340_07A75B_C1A5,1,0,1
S1A_IW_GRDH_1SDV_20251020T224808_20251020T224833_061515_07AE62_BC0B,1,0,1
S1A_IW_GRDH_1SDV_20251101T224808_20251101T224833_061690_07B564_1AD8,1,0,1
S1A_IW_GRDH_1SDV_20251113T224807_20251113T224832_061865_07BC26_8BE5,1,0,1
S1A_IW_GRDH_1SDV_20251125T224806_20251125T224831_062040_07C2F5_5BFA,1,0,1
S1A_IW_GRDH_1SDV_20251207T224805_20251207T224830_062215_07C9D3_13F1,1,0,1
S1A_IW_GRDH_1SDV_20251219T224804_20251219T224829_062390_07D0A3_DC5F,1,0,1
S1A_IW_GRDH_1SDV_20251231T224803_20251231T224828_062565_07D762_CEEB,1,0,1
S1A_IW_GRDH_1SDV_20250109T190756_20250109T190821_057371_070FA6_03D6,1,1,0
S1A_IW_GRDH_1SDV_20250214T190754_20250214T190819_057896_07248A_4BF0,1,1,0
S1A_IW_GRDH_1SDV_20250310T190754_20250310T190819_058246_0732C7_AA66,1,1,0
S1A_IW_GRDH_1SDV_20250509T190755_20250509T190820_059121_0755D9_0C55,1,1,0
S1A_IW_GRDH_1SDV_20250521T190754_20250521T190819_059296_075BE6_A716,1,1,0
S1A_IW_GRDH_1SDV_20250602T190754_20250602T190819_059471_0761F8_4A83,1,1,0
S1A_IW_GRDH_1SDV_20250614T190753_20250614T190818_059646_0767EE_B1E0,1,1,0
S1A_IW_GRDH_1SDV_20250626T190753_20250626T190818_059821_076E01_58B5,1,1,0
S1A_IW_GRDH_1SDV_20250708T190752_20250708T190817_059996_07740F_E63A,1,1,0
S1A_IW_GRDH_1SDV_20250720T190751_20250720T190816_060171_077A13_1559,1,1,0
S1A_IW_GRDH_1SDV_20250801T190751_20250801T190816_060346_078019_953E,1,1,0
S1A_IW_GRDH_1SDV_20250813T190751_20250813T190816_060521_0786AA_88CA,1,1,0
S1A_IW_GRDH_1SDV_20250825T190751_20250825T190816_060696_078D8D_4592,1,1,0
S1A_IW_GRDH_1SDV_20250906T190751_20250906T190816_060871_07947B_EDC3,1,1,0
S1A_IW_GRDH_1SDV_20250918T190752_20250918T190817_061046_079B83_BFBC,1,1,0
S1A_IW_GRDH_1SDV_20250930T190752_20250930T190817_061221_07A294_DB4F,1,1,0
S1A_IW_GRDH_1SDV_20251012T190752_20251012T190817_061396_07A99C_7947,1,1,0
S1A_IW_GRDH_1SDV_20251024T190752_20251024T190817_061571_07B0A2_E5D2,1,1,0
S1A_IW_GRDH_1SDV_20251105T190752_20251105T190817_061746_07B792_3E36,1,1,0
S1A_IW_GRDH_1SDV_20251117T190751_20251117T190816_061921_07BE5B_1974,1,1,0
S1A_IW_GRDH_1SDV_20251129T190750_20251129T190815_062096_07C52D_C156,1,1,0
S1A_IW_GRDH_1SDV_20251211T190749_20251211T190814_062271_07CC01_6A6B,1,1,0
S1A_IW_GRDH_1SDV_20251223T190747_20251223T190812_062446_07D2D3_0484,1,1,0
S1A_IW_GRDH_1SDV_20251223T181816_20251223T181841_062446_07D2CE_C333,1,0,1
