product_id,needed,have,missing
S1A_IW_GRDH_1SDV_20250101T142509_20250101T142534_057252_070AF6_8BC8,2,2,
S1A_IW_GRDH_1SDV_20250102T001853_20250102T001918_057258_070B29_785E,4,4,
S1A_IW_GRDH_1SDV_20250102T015821_20250102T015850_057259_070B31_AC37,4,3,ESA_WorldCover_10m_2021_v200_N30W123_Map.tif
S1A_IW_GRDH_1SDV_20250102T054133_20250102T054158_057261_070B43_0A51,4,4,
S1A_IW_GRDH_1SDV_20250102T122317_20250102T122347_057265_070B6D_EB07,4,4,
S1A_IW_GRDH_1SDV_20250102T163008_20250102T163033_057267_070B86_350D,2,1,ESA_WorldCover_10m_2021_v200_S30E033_Map.tif
S1A_IW_GRDH_1SDV_20250102T191541_20250102T191606_057269_070B97_128E,4,4,
S1A_IW_GRDH_1SDV_20250102T191606_20250102T191631_057269_070B97_08C8,2,2,
S1A_IW_GRDH_1SDV_20250103T153907_20250103T153936_057281_070C1A_B1ED,1,1,
S1A_IW_GRDH_1SDV_20250103T213202_20250103T213231_057285_070C43_5DB2,4,4,
S1A_IW_GRDH_1SDV_20250104T021547_20250104T021611_057288_070C5C_2B74,2,2,
S1A_IW_GRDH_1SDV_20250104T035238_20250104T035303_057289_070C66_D580,2,2,
S1A_IW_GRDH_1SDV_20250104T095441_20250104T095506_057293_070C89_A4EF,4,3,ESA_WorldCover_10m_2021_v200_N27E123_Map.tif
S1A_IW_GRDH_1SDV_20250104T095506_20250104T095531_057293_070C89_4BA6,4,3,ESA_WorldCover_10m_2021_v200_N27E123_Map.tif
S1A_IW_GRDH_1SDV_20250104T103939_20250104T104004_057293_070C8F_4A75,4,4,
S1A_IW_GRDH_1SDV_20250104T112537_20250104T112602_057293_070C93_D06A,2,2,
S1A_IW_GRDH_1SDV_20250105T083938_20250105T084003_057306_070D1A_15A7,4,4,
S1A_IW_GRDH_1SDV_20250105T224813_20250105T224838_057315_070D6B_4F1E,2,2,
S1A_IW_GRDH_1SDV_20250105T233428_20250105T233453_057315_070D70_D6F9,4,3,ESA_WorldCover_10m_2021_v200_S15W081_Map.tif
S1A_IW_GRDH_1SDV_20250106T225102_20250106T225127_057330_070E04_1904,6,5,ESA_WorldCover_10m_2021_v200_N36W072_Map.tif
S1A_IW_GRDH_1SDV_20250106T225127_20250106T225152_057330_070E04_00BA,4,4,
S1A_IW_GRDH_1SDV_20250108T083115_20250108T083144_057350_070ECD_95D9,4,3,ESA_WorldCover_10m_2021_v200_S27W045_Map.tif
S1A_IW_GRDH_1SDV_20250108T092325_20250108T092354_057351_070ED6_D190,4,4,
S1A_IW_GRDH_1SDV_20250108T141656_20250108T141721_057354_070EF9_747A,2,2,
S1A_IW_GRDH_1SDV_20250109T113412_20250109T113437_057367_070F7A_7BF1,4,4,
S1A_IW_GRDH_1SDV_20250109T135249_20250109T135314_057368_070F87_CBE3,4,4,
S1A_IW_GRDH_1SDV_20250109T181825_20250109T181850_057371_070FA1_4EBA,4,4,
S1A_IW_GRDH_1SDV_20250109T190756_20250109T190821_057371_070FA6_03D6,2,1,ESA_WorldCover_10m_2021_v200_S36E153_Map.tif
S1A_IW_GRDH_1SDV_20250110T225610_20250110T225635_057388_07104B_6663,4,4,
S1A_IW_GRDH_1SDV_20250111T020733_20250111T020758_057390_07105F_79C6,2,2,
S1A_IW_GRDH_1SDV_20250112T055841_20250112T055906_057407_07110D_854D,4,4,
S1A_IW_GRDH_1SDV_20250112T193337_20250112T193402_057415_071168_C6F7,4,4,
S1A_IW_GRDH_1SDV_20250113T142508_20250113T142533_057427_0711E2_2089,2,2,
S1A_IW_GRDH_1SDV_20250114T001852_20250114T001917_057433_071219_8343,4,4,
S1A_IW_GRDH_1SDV_20250114T054132_20250114T054157_057436_071233_1FC3,4,4,
S1A_IW_GRDH_1SDV_20250114T163007_20250114T163032_057442_071276_6294,2,1,ESA_WorldCover_10m_2021_v200_S30E033_Map.tif
S1A_IW_GRDH_1SDV_20250115T153906_20250115T153935_057456_071303_0ED7,1,1,
S1A_IW_GRDH_1SDV_20250115T173330_20250115T173355_057458_07130D_51CB,4,4,
S1A_IW_GRDH_1SDV_20250115T213201_20250115T213230_057460_07132B_20B1,4,4,
S1A_IW_GRDH_1SDV_20250116T035238_20250116T035303_057464_07134F_1217,2,2,
S1A_IW_GRDH_1SDV_20250116T095440_20250116T095505_057468_071372_AF77,4,3,ESA_WorldCover_10m_2021_v200_N27E123_Map.tif
S1A_IW_GRDH_1SDV_20250116T095505_20250116T095530_057468_071372_4E24,4,3,ESA_WorldCover_10m_2021_v200_N27E123_Map.tif
S1A_IW_GRDH_1SDV_20250117T224812_20250117T224837_057490_071459_C3D3,2,2,
S1A_IW_GRDH_1SDV_20250118T225101_20250118T225126_057505_0714F2_11E5,6,5,ESA_WorldCover_10m_2021_v200_N36W072_Map.tif
S1A_IW_GRDH_1SDV_20250118T225126_20250118T225151_057505_0714F2_D385,4,4,
S1A_IW_GRDH_1SDV_20250119T002647_20250119T002712_057506_0714FA_749A,2,2,
S1A_IW_GRDH_1SDV_20250120T083111_20250120T083140_057525_0715BC_0DCC,4,3,ESA_WorldCover_10m_2021_v200_S27W045_Map.tif
S1A_IW_GRDH_1SDV_20250120T092324_20250120T092353_057526_0715C5_2B53,4,4,
S1A_IW_GRDH_1SDV_20250120T141655_20250120T141720_057529_0715E8_27AA,2,2,
S1A_IW_GRDH_1SDV_20250121T015031_20250121T015056_057536_071629_5651,2,2,
S1A_IW_GRDH_1SDV_20250121T113411_20250121T113436_057542_071671_74FC,4,4,
S1A_IW_GRDH_1SDV_20250121T181824_20250121T181849_057546_071696_A7B0,4,4,
S1A_IW_GRDH_1SDV_20250121T190730_20250121T190755_057546_07169B_6835,4,3,ESA_WorldCover_10m_2021_v200_S36E153_Map.tif
S1A_IW_GRDH_1SDV_20250123T020732_20250123T020757_057565_071752_13CF,2,2,
S1A_IW_GRDH_1SDV_20250124T105814_20250124T105834_057585_071822_5A7F,2,2,
S1A_IW_GRDH_1SDV_20250125T142507_20250125T142532_057602_0718D6_9C14,2,2,
S1A_IW_GRDH_1SDV_20250126T015819_20250126T015848_057609_071912_0A2E,4,3,ESA_WorldCover_10m_2021_v200_N30W123_Map.tif
S1A_IW_GRDH_1SDV_20250126T054132_20250126T054157_057611_071924_C45B,4,4,
S1A_IW_GRDH_1SDV_20250126T122315_20250126T122344_057615_071953_D83D,4,4,
S1A_IW_GRDH_1SDV_20250126T163006_20250126T163031_057617_07196D_D3E1,2,1,ESA_WorldCover_10m_2021_v200_S30E033_Map.tif
S1A_IW_GRDH_1SDV_20250126T191540_20250126T191605_057619_07197E_F97F,4,4,
S1A_IW_GRDH_1SDV_20250127T062757_20250127T062822_057626_0719BE_BA8D,4,4,
S1A_IW_GRDH_1SDV_20250127T153906_20250127T153935_057631_0719FF_8570,1,1,
S1A_IW_GRDH_1SDV_20250127T213201_20250127T213230_057635_071A27_9C67,4,4,
S1A_IW_GRDH_1SDV_20250128T035237_20250128T035302_057639_071A49_FAE9,2,2,
S1A_IW_GRDH_1SDV_20250128T095439_20250128T095504_057643_071A6C_DBE3,4,3,ESA_WorldCover_10m_2021_v200_N27E123_Map.tif
S1A_IW_GRDH_1SDV_20250128T095504_20250128T095529_057643_071A6C_34AC,4,3,ESA_WorldCover_10m_2021_v200_N27E123_Map.tif
S1A_IW_GRDH_1SDV_20250128T095619_20250128T095644_057643_071A6C_C629,4,4,
S1A_IW_GRDH_1SDV_20250128T103938_20250128T104003_057643_071A72_02D2,4,4,
S1A_IW_GRDH_1SDV_20250129T083936_20250129T084001_057656_071AFA_59EF,4,4,
S1A_IW_GRDH_1SDV_20250129T110621_20250129T110654_057658_071B0A_F775,4,4,
S1A_IW_GRDH_1SDV_20250129T224811_20250129T224836_057665_071B4B_D8BB,2,2,
S1A_IW_GRDH_1SDV_20250129T233426_20250129T233451_057665_071B50_8CBB,4,3,ESA_WorldCover_10m_2021_v200_S15W081_Map.tif
S1A_IW_GRDH_1SDV_20250130T225125_20250130T225150_057680_071BE3_C852,4,4,
S1A_IW_GRDH_1SDV_20250201T083110_20250201T083139_057700_071CAB_B664,4,3,ESA_WorldCover_10m_2021_v200_S27W045_Map.tif
S1A_IW_GRDH_1SDV_20250201T092323_20250201T092352_057701_071CB4_BA9E,4,4,
S1A_IW_GRDH_1SDV_20250201T141654_20250201T141719_057704_071CD3_8E9C,2,2,
S1A_IW_GRDH_1SDV_20250202T015031_20250202T015056_057711_071D19_3CD7,2,2,
S1A_IW_GRDH_1SDV_20250202T113410_20250202T113435_057717_071D5E_E321,4,4,
S1A_IW_GRDH_1SDV_20250202T135247_20250202T135312_057718_071D69_2EC7,4,4,
S1A_IW_GRDH_1SDV_20250202T181824_20250202T181849_057721_071D83_5D9E,4,4,
S1A_IW_GRDH_1SDV_20250204T020731_20250204T020756_057740_071E3C_28EA,2,2,
S1A_IW_GRDH_1SDV_20250205T105757_20250205T105822_057760_071F0A_1798,2,2,
S1A_IW_GRDH_1SDV_20250205T170921_20250205T170946_057764_071F35_349C,4,4,
S1A_IW_GRDH_1SDV_20250206T142506_20250206T142531_057777_071FC4_4425,2,2,
S1A_IW_GRDH_1SDV_20250207T015819_20250207T015848_057784_072001_AE81,4,3,ESA_WorldCover_10m_2021_v200_N30W123_Map.tif
S1A_IW_GRDH_1SDV_20250207T054131_20250207T054156_057786_072012_0A84,4,4,
S1A_IW_GRDH_1SDV_20250207T163006_20250207T163031_057792_072059_C1D9,2,1,ESA_WorldCover_10m_2021_v200_S30E033_Map.tif
S1A_IW_GRDH_1SDV_20250207T191539_20250207T191604_057794_07206C_D215,4,4,
S1A_IW_GRDH_1SDV_20250208T153905_20250208T153934_057806_0720E1_8042,1,1,
S1A_IW_GRDH_1SDV_20250208T213200_20250208T213229_057810_07210A_0C2C,4,4,
S1A_IW_GRDH_1SDV_20250209T035237_20250209T035302_057814_072130_64A2,2,2,
S1A_IW_GRDH_1SDV_20250209T095439_20250209T095504_057818_072156_8334,4,3,ESA_WorldCover_10m_2021_v200_N27E123_Map.tif
S1A_IW_GRDH_1SDV_20250209T095504_20250209T095529_057818_072156_B9C4,4,3,ESA_WorldCover_10m_2021_v200_N27E123_Map.tif
S1A_IW_GRDH_1SDV_20250209T095619_20250209T095644_057818_072156_A282,4,4,
S1A_IW_GRDH_1SDV_20250209T112536_20250209T112601_057818_072161_EAB2,2,2,
S1A_IW_GRDH_1SDV_20250210T083936_20250210T084001_057831_0721ED_9A30,4,4,
S1A_IW_GRDH_1SDV_20250210T110620_20250210T110638_057833_0721FE_F63B,2,2,
S1A_IW_GRDH_1SDV_20250210T224811_20250210T224836_057840_072244_0469,2,2,
S1A_IW_GRDH_1SDV_20250210T233426_20250210T233451_057840_072249_154C,4,3,ESA_WorldCover_10m_2021_v200_S15W081_Map.tif
S1A_IW_GRDH_1SDV_20250211T225059_20250211T225124_057855_0722DE_45FE,6,5,ESA_WorldCover_10m_2021_v200_N36W072_Map.tif
S1A_IW_GRDH_1SDV_20250211T225124_20250211T225149_057855_0722DE_D48F,4,4,
S1A_IW_GRDH_1SDV_20250212T002646_20250212T002711_057856_0722E6_46C3,2,2,
S1A_IW_GRDH_1SDV_20250213T083110_20250213T083139_057875_0723AA_0832,4,3,ESA_WorldCover_10m_2021_v200_S27W045_Map.tif
S1A_IW_GRDH_1SDV_20250213T092323_20250213T092352_057876_0723B2_676F,4,4,
S1A_IW_GRDH_1SDV_20250214T113410_20250214T113435_057892_07245F_4349,4,4,
S1A_IW_GRDH_1SDV_20250214T181823_20250214T181848_057896_072485_312B,4,4,
S1A_IW_GRDH_1SDV_20250214T190729_20250214T190754_057896_07248A_7E78,4,3,ESA_WorldCover_10m_2021_v200_S36E153_Map.tif
S1A_IW_GRDH_1SDV_20250214T190754_20250214T190819_057896_07248A_4BF0,2,1,ESA_WorldCover_10m_2021_v200_S36E153_Map.tif
S1A_IW_GRDH_1SDV_20250216T020731_20250216T020756_057915_072546_6998,2,2,
S1A_IW_GRDH_1SDV_20250217T055839_20250217T055904_057932_0725F5_9F4A,4,4,
S1A_IW_GRDH_1SDV_20250217T105813_20250217T105849_057935_072615_24F8,6,5,ESA_WorldCover_10m_2021_v200_N36W072_Map.tif
S1A_IW_GRDH_1SDV_20250217T193335_20250217T193400_057940_072653_7401,4,4,
S1A_IW_GRDH_1SDV_20250218T142506_20250218T142531_057952_0726CE_AB2C,2,2,
S1A_IW_GRDH_1SDV_20250219T054130_20250219T054155_057961_07271A_E786,4,4,
S1A_IW_GRDH_1SDV_20250219T163005_20250219T163030_057967_072761_83D0,2,1,ESA_WorldCover_10m_2021_v200_S30E033_Map.tif
S1A_IW_GRDH_1SDV_20250219T182624_20250219T182649_057969_07276B_575F,4,4,
S1A_IW_GRDH_1SDV_20250219T191539_20250219T191604_057969_072771_AEEC,4,4,
S1A_IW_GRDH_1SDV_20250220T153905_20250220T153934_057981_0727FE_BF71,1,1,
S1A_IW_GRDH_1SDV_20250220T154857_20250220T154922_057982_0727FF_3573,2,2,
S1A_IW_GRDH_1SDV_20250220T173328_20250220T173353_057983_07280A_D019,4,4,
S1A_IW_GRDH_1SDV_20250220T213200_20250220T213229_057985_072826_A07F,4,4,
S1A_IW_GRDH_1SDV_20250221T035236_20250221T035301_057989_07284C_FEC9,2,2,
S1A_IW_GRDH_1SDV_20250221T095438_20250221T095503_057993_072873_AE0F,4,3,ESA_WorldCover_10m_2021_v200_N27E123_Map.tif
S1A_IW_GRDH_1SDV_20250221T095503_20250221T095528_057993_072873_214C,4,3,ESA_WorldCover_10m_2021_v200_N27E123_Map.tif
S1A_IW_GRDH_1SDV_20250221T112535_20250221T112600_057993_07287C_987F,2,2,
S1A_IW_GRDH_1SDV_20250222T083933_20250222T083958_058006_072907_4A35,4,4,
S1A_IW_GRDH_1SDV_20250222T224810_20250222T224835_058015_072961_178E,2,2,
S1A_IW_GRDH_1SDV_20250222T233426_20250222T233451_058015_072966_258C,4,3,ESA_WorldCover_10m_2021_v200_S15W081_Map.tif
S1A_IW_GRDH_1SDV_20250223T225059_20250223T225124_058030_0729FF_D88B,6,5,ESA_WorldCover_10m_2021_v200_N36W072_Map.tif
S1A_IW_GRDH_1SDV_20250223T225124_20250223T225149_058030_0729FF_0142,4,4,
S1A_IW_GRDH_1SDV_20250225T083109_20250225T083138_058050_072ACF_F870,4,3,ESA_WorldCover_10m_2021_v200_S27W045_Map.tif
S1A_IW_GRDH_1SDV_20250225T092323_20250225T092352_058051_072AD7_32C8,4,4,
S1A_IW_GRDH_1SDV_20250225T141654_20250225T141719_058054_072AFB_9955,2,2,
S1A_IW_GRDH_1SDV_20250226T104756_20250226T104817_058066_072B73_87CC,4,3,ESA_WorldCover_10m_2021_v200_S15W081_Map.tif
S1A_IW_GRDH_1SDV_20250226T113410_20250226T113435_058067_072B78_D03A,4,4,
S1A_IW_GRDH_1SDV_20250226T181823_20250226T181848_058071_072B9C_18AC,4,4,
S1A_IW_GRDH_1SDV_20250227T225608_20250227T225633_058088_072C54_63A1,4,4,
S1A_IW_GRDH_1SDV_20250228T020730_20250228T020755_058090_072C68_CF5E,2,2,
S1A_IW_GRDH_1SDV_20250301T105812_20250301T105846_058110_072D32_F0B5,4,3,ESA_WorldCover_10m_2021_v200_N36W072_Map.tif
S1A_IW_GRDH_1SDV_20250301T193335_20250301T193400_058115_072D72_2009,4,4,
S1A_IW_GRDH_1SDV_20250302T142506_20250302T142531_058127_072DF2_C32F,2,2,
S1A_IW_GRDH_1SDV_20250303T054130_20250303T054155_058136_072E47_AB21,4,4,
S1A_IW_GRDH_1SDV_20250303T163005_20250303T163030_058142_072E91_AE2F,2,1,ESA_WorldCover_10m_2021_v200_S30E033_Map.tif
S1A_IW_GRDH_1SDV_20250303T191539_20250303T191604_058144_072EA3_ADB5,4,4,
S1A_IW_GRDH_1SDV_20250303T191604_20250303T191629_058144_072EA3_2821,2,2,
S1A_IW_GRDH_1SDV_20250304T153905_20250304T153934_058156_072F2C_718F,1,1,
S1A_IW_GRDH_1SDV_20250304T173328_20250304T173353_058158_072F3A_33A2,4,4,
S1A_IW_GRDH_1SDV_20250304T213200_20250304T213229_058160_072F54_672D,4,4,
S1A_IW_GRDH_1SDV_20250305T035236_20250305T035301_058164_072F78_0122,2,2,
S1A_IW_GRDH_1SDV_20250305T095438_20250305T095503_058168_072F9F_26D6,4,3,ESA_WorldCover_10m_2021_v200_N27E123_Map.tif
S1A_IW_GRDH_1SDV_20250305T095503_20250305T095528_058168_072F9F_357A,4,3,ESA_WorldCover_10m_2021_v200_N27E123_Map.tif
S1A_IW_GRDH_1SDV_20250306T110620_20250306T110637_058183_073047_BFF9,2,2,
S1A_IW_GRDH_1SDV_20250306T224811_20250306T224836_058190_07308D_CDA9,2,2,
S1A_IW_GRDH_1SDV_20250306T233426_20250306T233451_058190_073092_1CD5,4,3,ESA_WorldCover_10m_2021_v200_S15W081_Map.tif
S1A_IW_GRDH_1SDV_20250307T225059_20250307T225124_058205_073125_0F4B,6,5,ESA_WorldCover_10m_2021_v200_N36W072_Map.tif
S1A_IW_GRDH_1SDV_20250307T225124_20250307T225149_058205_073125_307F,4,4,
S1A_IW_GRDH_1SDV_20250309T083110_20250309T083139_058225_0731F2_0C8F,4,3,ESA_WorldCover_10m_2021_v200_S27W045_Map.tif
S1A_IW_GRDH_1SDV_20250309T092323_20250309T092352_058226_0731FA_4097,4,4,
S1A_IW_GRDH_1SDV_20250309T155659_20250309T155724_058230_073226_5071,4,4,
S1A_IW_GRDH_1SDV_20250310T015010_20250310T015039_058236_07325B_1D4B,4,4,
S1A_IW_GRDH_1SDV_20250310T113410_20250310T113435_058242_07329D_6109,4,4,
S1A_IW_GRDH_1SDV_20250310T135247_20250310T135312_058243_0732A8_4A9D,4,4,
S1A_IW_GRDH_1SDV_20250310T181823_20250310T181848_058246_0732C2_FF62,4,4,
S1A_IW_GRDH_1SDV_20250310T190754_20250310T190819_058246_0732C7_AA66,2,1,ESA_WorldCover_10m_2021_v200_S36E153_Map.tif
S1A_IW_GRDH_1SDV_20250312T020730_20250312T020755_058265_07337F_A31A,2,2,
S1A_IW_GRDH_1SDV_20250313T170920_20250313T170945_058289_073479_0114,4,4,
S1A_IW_GRDH_1SDV_20250313T193335_20250313T193400_058290_073489_FC86,4,4,
S1A_IW_GRDH_1SDV_20250314T142506_20250314T142531_058302_073505_F8D8,2,2,
S1A_IW_GRDH_1SDV_20250315T054131_20250315T054156_058311_073551_D931,4,4,
S1A_IW_GRDH_1SDV_20250315T122314_20250315T122344_058315_07357B_31CC,4,4,
S1A_IW_GRDH_1SDV_20250315T163005_20250315T163030_058317_073594_4C82,2,1,ESA_WorldCover_10m_2021_v200_S30E033_Map.tif
S1A_IW_GRDH_1SDV_20250315T182624_20250315T182649_058319_07359F_C0C6,4,4,
S1A_IW_GRDH_1SDV_20250315T191539_20250315T191604_058319_0735A5_19A8,4,4,
S1A_IW_GRDH_1SDV_20250316T062756_20250316T062821_058326_0735E5_8376,4,4,
S1A_IW_GRDH_1SDV_20250316T153905_20250316T153934_058331_073622_85D9,1,1,
S1A_IW_GRDH_1SDV_20250316T213200_20250316T213229_058335_07364B_3EA6,4,4,
S1A_IW_GRDH_1SDV_20250317T021545_20250317T021609_058338_073664_181C,2,2,
S1A_IW_GRDH_1SDV_20250317T035236_20250317T035301_058339_07366E_1A19,2,2,
S1A_IW_GRDH_1SDV_20250317T095439_20250317T095504_058343_073693_582B,4,3,ESA_WorldCover_10m_2021_v200_N27E123_Map.tif
S1A_IW_GRDH_1SDV_20250317T095504_20250317T095529_058343_073693_3B7B,4,3,ESA_WorldCover_10m_2021_v200_N27E123_Map.tif
S1A_IW_GRDH_1SDV_20250317T095619_20250317T095644_058343_073693_570A,4,4,
S1A_IW_GRDH_1SDV_20250317T103937_20250317T104002_058343_073699_CE68,4,4,
S1A_IW_GRDH_1SDV_20250317T112535_20250317T112600_058343_07369C_6DC4,2,2,
S1A_IW_GRDH_1SDV_20250318T224811_20250318T224836_058365_073771_B1C2,2,2,
S1A_IW_GRDH_1SDV_20250318T233426_20250318T233451_058365_073776_DDEB,4,3,ESA_WorldCover_10m_2021_v200_S15W081_Map.tif
S1A_IW_GRDH_1SDV_20250319T225100_20250319T225125_058380_07380A_8C0D,6,5,ESA_WorldCover_10m_2021_v200_N36W072_Map.tif
S1A_IW_GRDH_1SDV_20250320T002647_20250320T002712_058381_073815_5A57,2,2,
S1A_IW_GRDH_1SDV_20250321T083110_20250321T083139_058400_0738DE_969C,4,3,ESA_WorldCover_10m_2021_v200_S27W045_Map.tif
S1A_IW_GRDH_1SDV_20250321T092323_20250321T092353_058401_0738E7_6FBD,4,4,
S1A_IW_GRDH_1SDV_20250321T141654_20250321T141719_058404_07390A_3A64,2,2,
S1A_IW_GRDH_1SDV_20250322T113410_20250322T113435_058417_073988_01D3,4,4,
S1A_IW_GRDH_1SDV_20250324T020731_20250324T020756_058440_073A69_7DD8,2,2,
S1A_IW_GRDH_1SDV_20250325T105812_20250325T105846_058460_073B2F_61F0,4,3,ESA_WorldCover_10m_2021_v200_N36W072_Map.tif
S1A_IW_GRDH_1SDV_20250325T170920_20250325T170945_058464_073B5B_1515,4,4,
S1A_IW_GRDH_1SDV_20250325T193334_20250325T193359_058465_073B6C_8C9E,4,4,
S1A_IW_GRDH_1SDV_20250326T142506_20250326T142531_058477_073BE1_A5C1,2,2,
S1A_IW_GRDH_1SDV_20250327T015818_20250327T015847_058484_073C21_AD9F,4,3,ESA_WorldCover_10m_2021_v200_N30W123_Map.tif
S1A_IW_GRDH_1SDV_20250327T163005_20250327T163030_058492_073C79_EAA7,2,1,ESA_WorldCover_10m_2021_v200_S30E033_Map.tif
S1A_IW_GRDH_1SDV_20250327T191539_20250327T191604_058494_073C8A_36AD,4,4,
S1A_IW_GRDH_1SDV_20250328T153905_20250328T153934_058506_073D15_583F,1,1,
S1A_IW_GRDH_1SDV_20250328T213200_20250328T213229_058510_073D3F_6A48,4,4,
S1A_IW_GRDH_1SDV_20250329T035237_20250329T035302_058514_073D64_CAB2,2,2,
S1A_IW_GRDH_1SDV_20250329T095439_20250329T095504_058518_073D8B_8B71,4,3,ESA_WorldCover_10m_2021_v200_N27E123_Map.tif
S1A_IW_GRDH_1SDV_20250329T095504_20250329T095529_058518_073D8B_ABE6,4,3,ESA_WorldCover_10m_2021_v200_N27E123_Map.tif
S1A_IW_GRDH_1SDV_20250329T095619_20250329T095644_058518_073D8B_5302,4,4,
S1A_IW_GRDH_1SDV_20250330T224811_20250330T224836_058540_073E75_9F1A,2,2,
S1A_IW_GRDH_1SDV_20250330T233426_20250330T233451_058540_073E7A_22ED,4,3,ESA_WorldCover_10m_2021_v200_S15W081_Map.tif
S1A_IW_GRDH_1SDV_20250401T002647_20250401T002712_058556_073F16_5FFE,2,2,
S1A_IW_GRDH_1SDV_20250402T083110_20250402T083139_058575_073FE2_F955,4,3,ESA_WorldCover_10m_2021_v200_S27W045_Map.tif
S1A_IW_GRDH_1SDV_20250402T092324_20250402T092353_058576_073FEB_7D50,4,4,
S1A_IW_GRDH_1SDV_20250403T113411_20250403T113436_058592_074094_A226,4,4,
S1A_IW_GRDH_1SDV_20250403T181824_20250403T181849_058596_0740B9_6C11,4,4,
S1A_IW_GRDH_1SDV_20250403T190755_20250403T190820_058596_0740BE_F406,2,1,ESA_WorldCover_10m_2021_v200_S36E153_Map.tif
S1A_IW_GRDH_1SDV_20250405T020731_20250405T020756_058615_074181_D494,2,2,
S1A_IW_GRDH_1SDV_20250406T193335_20250406T193400_058640_074290_9E86,4,4,
S1A_IW_GRDH_1SDV_20250407T142506_20250407T142531_058652_07430E_28DD,2,2,
S1A_IW_GRDH_1SDV_20250408T001851_20250408T001916_058658_074342_D9EF,4,4,
S1A_IW_GRDH_1SDV_20250408T054131_20250408T054156_058661_07435E_D6DA,4,4,
S1A_IW_GRDH_1SDV_20250408T163006_20250408T163031_058667_0743A6_83AA,2,1,ESA_WorldCover_10m_2021_v200_S30E033_Map.tif
S1A_IW_GRDH_1SDV_20250409T153905_20250409T153934_058681_07443C_311D,1,1,
S1A_IW_GRDH_1SDV_20250409T154858_20250409T154923_058682_07443D_5848,2,2,
S1A_IW_GRDH_1SDV_20250409T173329_20250409T173354_058683_07444B_FA8B,4,4,
S1A_IW_GRDH_1SDV_20250409T213200_20250409T213229_058685_074467_4EAE,4,4,
S1A_IW_GRDH_1SDV_20250410T021545_20250410T021609_058688_074483_D3BC,2,2,
S1A_IW_GRDH_1SDV_20250410T035237_20250410T035302_058689_07448D_74DC,2,2,
S1A_IW_GRDH_1SDV_20250410T095439_20250410T095504_058693_0744B4_AF10,4,3,ESA_WorldCover_10m_2021_v200_N27E123_Map.tif
S1A_IW_GRDH_1SDV_20250410T095504_20250410T095529_058693_0744B4_6BB7,4,3,ESA_WorldCover_10m_2021_v200_N27E123_Map.tif
S1A_IW_GRDH_1SDV_20250410T095619_20250410T095644_058693_0744B4_726C,4,4,
S1A_IW_GRDH_1SDV_20250411T110623_20250411T110651_058708_07455A_7BDF,2,2,
S1A_IW_GRDH_1SDV_20250411T224811_20250411T224836_058715_07459E_9525,2,2,
S1A_IW_GRDH_1SDV_20250411T233426_20250411T233451_058715_0745A3_27EC,4,3,ESA_WorldCover_10m_2021_v200_S15W081_Map.tif
S1A_IW_GRDH_1SDV_20250412T225100_20250412T225125_058730_07463B_EB61,6,5,ESA_WorldCover_10m_2021_v200_N36W072_Map.tif
S1A_IW_GRDH_1SDV_20250412T225125_20250412T225150_058730_07463B_CA15,4,4,
S1A_IW_GRDH_1SDV_20250414T083110_20250414T083139_058750_074712_68ED,4,3,ESA_WorldCover_10m_2021_v200_S27W045_Map.tif
S1A_IW_GRDH_1SDV_20250414T092323_20250414T092352_058751_07471B_DBA9,4,4,
S1A_IW_GRDH_1SDV_20250415T113410_20250415T113435_058767_0747BF_1003,4,4,
S1A_IW_GRDH_1SDV_20250415T190729_20250415T190754_058771_0747E9_CE61,4,3,ESA_WorldCover_10m_2021_v200_S36E153_Map.tif
S1A_IW_GRDH_1SDV_20250417T020731_20250417T020756_058790_0748A7_6818,2,2,
S1A_IW_GRDH_1SDV_20250418T055840_20250418T055905_058807_074958_2BFC,4,4,
S1A_IW_GRDH_1SDV_20250418T105757_20250418T105822_058810_07497C_BD3F,2,2,
S1A_IW_GRDH_1SDV_20250418T193335_20250418T193400_058815_0749B9_7FEC,4,4,
S1A_IW_GRDH_1SDV_20250419T142506_20250419T142531_058827_074A34_03DC,2,2,
S1A_IW_GRDH_1SDV_20250420T015819_20250420T015848_058834_074A74_AE36,4,3,ESA_WorldCover_10m_2021_v200_N30W123_Map.tif
S1A_IW_GRDH_1SDV_20250420T054131_20250420T054156_058836_074A88_B1D7,4,4,
S1A_IW_GRDH_1SDV_20250420T163006_20250420T163031_058842_074ACD_73DF,2,1,ESA_WorldCover_10m_2021_v200_S30E033_Map.tif
S1A_IW_GRDH_1SDV_20250421T153906_20250421T153935_058856_074B68_80A1,1,1,
S1A_IW_GRDH_1SDV_20250421T213201_20250421T213230_058860_074B91_9CF7,4,4,
S1A_IW_GRDH_1SDV_20250422T035237_20250422T035302_058864_074BB7_3AD7,2,2,
S1A_IW_GRDH_1SDV_20250422T095439_20250422T095504_058868_074BDE_FA37,4,3,ESA_WorldCover_10m_2021_v200_N27E123_Map.tif
S1A_IW_GRDH_1SDV_20250422T095504_20250422T095529_058868_074BDE_2A15,4,3,ESA_WorldCover_10m_2021_v200_N27E123_Map.tif
S1A_IW_GRDH_1SDV_20250422T095619_20250422T095644_058868_074BDE_EE82,4,4,
S1A_IW_GRDH_1SDV_20250423T110623_20250423T110652_058883_074C83_7063,2,2,
S1A_IW_GRDH_1SDV_20250423T224811_20250423T224836_058890_074CC9_8953,2,2,
S1A_IW_GRDH_1SDV_20250423T233426_20250423T233451_058890_074CCE_0730,4,3,ESA_WorldCover_10m_2021_v200_S15W081_Map.tif
S1A_IW_GRDH_1SDV_20250424T225100_20250424T225125_058905_074D60_3459,6,5,ESA_WorldCover_10m_2021_v200_N36W072_Map.tif
S1A_IW_GRDH_1SDV_20250424T225125_20250424T225150_058905_074D60_F2B6,4,4,
S1A_IW_GRDH_1SDV_20250426T083111_20250426T083140_058925_074E33_CD35,4,3,ESA_WorldCover_10m_2021_v200_S27W045_Map.tif
S1A_IW_GRDH_1SDV_20250426T092324_20250426T092353_058926_074E3C_C866,4,4,
S1A_IW_GRDH_1SDV_20250427T113411_20250427T113436_058942_074EE8_90F7,4,4,
S1A_IW_GRDH_1SDV_20250429T020732_20250429T020757_058965_074FD5_4255,2,2,
S1A_IW_GRDH_1SDV_20250430T105814_20250430T105839_058985_07509E_80BB,4,3,ESA_WorldCover_10m_2021_v200_N36W072_Map.tif
S1A_IW_GRDH_1SDV_20250430T170921_20250430T170946_058989_0750CA_4464,4,4,
S1A_IW_GRDH_1SDV_20250430T193336_20250430T193401_058990_0750DB_A785,4,4,
S1A_IW_GRDH_1SDV_20250501T142507_20250501T142532_059002_075153_F22D,2,2,
S1A_IW_GRDH_1SDV_20250502T015819_20250502T015848_059009_07518D_4FD7,4,3,ESA_WorldCover_10m_2021_v200_N30W123_Map.tif
S1A_IW_GRDH_1SDV_20250502T054131_20250502T054156_059011_07519F_6410,4,4,
S1A_IW_GRDH_1SDV_20250502T163006_20250502T163031_059017_0751E2_680E,2,1,ESA_WorldCover_10m_2021_v200_S30E033_Map.tif
S1A_IW_GRDH_1SDV_20250502T191539_20250502T191604_059019_0751F3_3649,4,4,
S1A_IW_GRDH_1SDV_20250503T153906_20250503T153935_059031_075270_56B6,1,1,
S1A_IW_GRDH_1SDV_20250503T154858_20250503T154923_059032_075271_A73B,2,2,
S1A_IW_GRDH_1SDV_20250503T213201_20250503T213230_059035_075299_4E85,4,4,
S1A_IW_GRDH_1SDV_20250504T021546_20250504T021609_059038_0752B2_34DE,2,2,
S1A_IW_GRDH_1SDV_20250504T035237_20250504T035302_059039_0752BC_810D,2,2,
S1A_IW_GRDH_1SDV_20250504T095439_20250504T095504_059043_0752E1_0C10,4,3,ESA_WorldCover_10m_2021_v200_N27E123_Map.tif
S1A_IW_GRDH_1SDV_20250504T095504_20250504T095529_059043_0752E1_E126,4,3,ESA_WorldCover_10m_2021_v200_N27E123_Map.tif
S1A_IW_GRDH_1SDV_20250504T095619_20250504T095644_059043_0752E1_23FF,4,4,
S1A_IW_GRDH_1SDV_20250505T224811_20250505T224836_059065_0753C1_B8EA,2,2,
S1A_IW_GRDH_1SDV_20250505T233426_20250505T233451_059065_0753C6_AFB5,4,3,ESA_WorldCover_10m_2021_v200_S15W081_Map.tif
S1A_IW_GRDH_1SDV_20250506T225100_20250506T225125_059080_075458_650A,6,5,ESA_WorldCover_10m_2021_v200_N36W072_Map.tif
S1A_IW_GRDH_1SDV_20250506T225125_20250506T225150_059080_075458_17DB,4,4,
S1A_IW_GRDH_1SDV_20250507T002647_20250507T002712_059081_075463_20EE,2,2,
S1A_IW_GRDH_1SDV_20250508T083113_20250508T083142_059100_07551D_E789,4,3,ESA_WorldCover_10m_2021_v200_S27W045_Map.tif
S1A_IW_GRDH_1SDV_20250508T092324_20250508T092353_059101_075525_2036,4,4,
S1A_IW_GRDH_1SDV_20250508T141655_20250508T141720_059104_07553F_D9D1,2,2,
S1A_IW_GRDH_1SDV_20250509T113410_20250509T113435_059117_0755B4_ACD0,4,4,
S1A_IW_GRDH_1SDV_20250509T190755_20250509T190820_059121_0755D9_0C55,2,1,ESA_WorldCover_10m_2021_v200_S36E153_Map.tif
S1A_IW_GRDH_1SDV_20250511T020731_20250511T020756_059140_075678_D093,2,2,
S1A_IW_GRDH_1SDV_20250512T193335_20250512T193400_059165_07575B_EEDE,4,4,
S1A_IW_GRDH_1SDV_20250513T142506_20250513T142531_059177_0757CB_F25B,2,2,
S1A_IW_GRDH_1SDV_20250514T054131_20250514T054156_059186_075813_CF4B,4,4,
S1A_IW_GRDH_1SDV_20250514T191539_20250514T191604_059194_07585D_32C0,4,4,
S1A_IW_GRDH_1SDV_20250515T153905_20250515T153934_059206_0758C3_2241,1,1,
S1A_IW_GRDH_1SDV_20250515T173329_20250515T173354_059208_0758CD_0F9D,4,4,
S1A_IW_GRDH_1SDV_20250515T213200_20250515T213229_059210_0758EA_41E7,4,4,
S1A_IW_GRDH_1SDV_20250516T035237_20250516T035302_059214_07590C_1B74,2,2,
S1A_IW_GRDH_1SDV_20250516T095439_20250516T095504_059218_07592B_512A,4,3,ESA_WorldCover_10m_2021_v200_N27E123_Map.tif
S1A_IW_GRDH_1SDV_20250516T095504_20250516T095529_059218_07592B_0FC8,4,3,ESA_WorldCover_10m_2021_v200_N27E123_Map.tif
S1A_IW_GRDH_1SDV_20250516T095619_20250516T095644_059218_07592B_E377,4,4,
S1A_IW_GRDH_1SDV_20250517T233426_20250517T233451_059240_0759F0_F29E,4,3,ESA_WorldCover_10m_2021_v200_S15W081_Map.tif
S1A_IW_GRDH_1SDV_20250518T225100_20250518T225125_059255_075A6B_D5A7,6,5,ESA_WorldCover_10m_2021_v200_N36W072_Map.tif
S1A_IW_GRDH_1SDV_20250518T225125_20250518T225150_059255_075A6B_08F5,4,4,
S1A_IW_GRDH_1SDV_20250519T002646_20250519T002711_059256_075A73_0915,2,2,
S1A_IW_GRDH_1SDV_20250520T083113_20250520T083142_059275_075B22_DA14,4,3,ESA_WorldCover_10m_2021_v200_S27W045_Map.tif
S1A_IW_GRDH_1SDV_20250520T092323_20250520T092352_059276_075B2A_972F,4,4,
S1A_IW_GRDH_1SDV_20250521T190754_20250521T190819_059296_075BE6_A716,2,1,ESA_WorldCover_10m_2021_v200_S36E153_Map.tif
S1A_IW_GRDH_1SDV_20250523T020731_20250523T020756_059315_075C89_4BAE,2,2,
S1A_IW_GRDH_1SDV_20250524T193335_20250524T193400_059340_075D6C_8654,4,4,
S1A_IW_GRDH_1SDV_20250525T142506_20250525T142531_059352_075DD8_6C78,2,2,
S1A_IW_GRDH_1SDV_20250526T001850_20250526T001915_059358_075E0B_72B9,4,4,
S1A_IW_GRDH_1SDV_20250526T015818_20250526T015847_059359_075E12_413A,4,3,ESA_WorldCover_10m_2021_v200_N30W123_Map.tif
S1A_IW_GRDH_1SDV_20250526T054131_20250526T054156_059361_075E24_20C8,4,4,
S1A_IW_GRDH_1SDV_20250526T163005_20250526T163030_059367_075E5F_4FCB,2,1,ESA_WorldCover_10m_2021_v200_S30E033_Map.tif
S1A_IW_GRDH_1SDV_20250526T191539_20250526T191604_059369_075E70_18FA,4,4,
S1A_IW_GRDH_1SDV_20250527T153905_20250527T153934_059381_075EDC_EE48,1,1,
S1A_IW_GRDH_1SDV_20250527T213200_20250527T213229_059385_075F03_02E6,4,4,
S1A_IW_GRDH_1SDV_20250528T035236_20250528T035301_059389_075F25_EDE8,2,2,
S1A_IW_GRDH_1SDV_20250528T095438_20250528T095503_059393_075F43_015F,4,3,ESA_WorldCover_10m_2021_v200_N27E123_Map.tif
S1A_IW_GRDH_1SDV_20250528T095503_20250528T095528_059393_075F43_DC80,4,3,ESA_WorldCover_10m_2021_v200_N27E123_Map.tif
S1A_IW_GRDH_1SDV_20250528T095618_20250528T095643_059393_075F43_4703,4,4,
S1A_IW_GRDH_1SDV_20250528T103937_20250528T104002_059393_075F48_4EAF,4,4,
S1A_IW_GRDH_1SDV_20250529T083935_20250529T084000_059406_075FBC_0511,4,4,
S1A_IW_GRDH_1SDV_20250529T233426_20250529T233451_059415_076008_FB54,4,3,ESA_WorldCover_10m_2021_v200_S15W081_Map.tif
S1A_IW_GRDH_1SDV_20250530T225059_20250530T225124_059430_076081_C0AA,6,5,ESA_WorldCover_10m_2021_v200_N36W072_Map.tif
S1A_IW_GRDH_1SDV_20250530T225124_20250530T225149_059430_076081_3029,4,4,
S1A_IW_GRDH_1SDV_20250601T083112_20250601T083141_059450_07613A_3D85,4,3,ESA_WorldCover_10m_2021_v200_S27W045_Map.tif
S1A_IW_GRDH_1SDV_20250602T113410_20250602T113435_059467_0761D3_504D,4,4,
S1A_IW_GRDH_1SDV_20250602T190754_20250602T190819_059471_0761F8_4A83,2,1,ESA_WorldCover_10m_2021_v200_S36E153_Map.tif
S1A_IW_GRDH_1SDV_20250604T020730_20250604T020755_059490_076299_7EEE,2,2,
S1A_IW_GRDH_1SDV_20250605T170920_20250605T170945_059514_07636E_D323,4,4,
S1A_IW_GRDH_1SDV_20250605T193334_20250605T193359_059515_07637B_FF2D,4,4,
S1A_IW_GRDH_1SDV_20250606T142505_20250606T142530_059527_0763E5_967B,2,2,
S1A_IW_GRDH_1SDV_20250607T001850_20250607T001915_059533_076413_6794,4,4,
S1A_IW_GRDH_1SDV_20250607T015818_20250607T015847_059534_076419_1274,4,3,ESA_WorldCover_10m_2021_v200_N30W123_Map.tif
S1A_IW_GRDH_1SDV_20250607T054130_20250607T054155_059536_07642B_7113,4,4,
S1A_IW_GRDH_1SDV_20250607T122314_20250607T122344_059540_076452_AEAB,4,4,
S1A_IW_GRDH_1SDV_20250607T163005_20250607T163030_059542_076467_C24A,2,1,ESA_WorldCover_10m_2021_v200_S30E033_Map.tif
S1A_IW_GRDH_1SDV_20250607T191538_20250607T191603_059544_076476_0DFF,4,4,
S1A_IW_GRDH_1SDV_20250608T153904_20250608T153933_059556_0764DA_8453,1,1,
S1A_IW_GRDH_1SDV_20250608T173328_20250608T173353_059558_0764E4_FD1A,4,4,
S1A_IW_GRDH_1SDV_20250609T021544_20250609T021608_059563_076513_C2E0,2,2,
S1A_IW_GRDH_1SDV_20250609T035235_20250609T035300_059564_07651D_4100,2,2,
S1A_IW_GRDH_1SDV_20250609T095438_20250609T095503_059568_07653B_733A,4,3,ESA_WorldCover_10m_2021_v200_N27E123_Map.tif
S1A_IW_GRDH_1SDV_20250609T095503_20250609T095528_059568_07653B_1E66,4,3,ESA_WorldCover_10m_2021_v200_N27E123_Map.tif
S1A_IW_GRDH_1SDV_20250609T095618_20250609T095643_059568_07653B_64EC,4,4,
S1A_IW_GRDH_1SDV_20250609T112534_20250609T112559_059568_076545_1D7F,2,2,
S1A_IW_GRDH_1SDV_20250610T233425_20250610T233450_059590_0765FC_108F,4,3,ESA_WorldCover_10m_2021_v200_S15W081_Map.tif
S1A_IW_GRDH_1SDV_20250611T225058_20250611T225123_059605_076676_B0D1,6,5,ESA_WorldCover_10m_2021_v200_N36W072_Map.tif
S1A_IW_GRDH_1SDV_20250611T225123_20250611T225148_059605_076676_D350,4,4,
S1A_IW_GRDH_1SDV_20250612T002645_20250612T002710_059606_07667E_E24C,2,2,
S1A_IW_GRDH_1SDV_20250614T015008_20250614T015037_059636_07678F_8C4C,4,4,
S1A_IW_GRDH_1SDV_20250614T113409_20250614T113434_059642_0767C9_238C,4,4,
S1A_IW_GRDH_1SDV_20250614T190753_20250614T190818_059646_0767EE_B1E0,2,1,ESA_WorldCover_10m_2021_v200_S36E153_Map.tif
S1A_IW_GRDH_1SDV_20250616T020729_20250616T020754_059665_076891_EBCE,2,2,
S1A_IW_GRDH_1SDV_20250617T193333_20250617T193358_059690_076975_ED9C,4,4,
S1A_IW_GRDH_1SDV_20250618T142504_20250618T142529_059702_0769DE_8658,2,2,
S1A_IW_GRDH_1SDV_20250619T015817_20250619T015846_059709_076A14_717E,4,3,ESA_WorldCover_10m_2021_v200_N30W123_Map.tif
S1A_IW_GRDH_1SDV_20250619T054129_20250619T054154_059711_076A25_A161,4,4,
S1A_IW_GRDH_1SDV_20250619T163004_20250619T163029_059717_076A60_94E5,2,1,ESA_WorldCover_10m_2021_v200_S30E033_Map.tif
S1A_IW_GRDH_1SDV_20250619T191537_20250619T191602_059719_076A71_A28F,4,4,
S1A_IW_GRDH_1SDV_20250619T191602_20250619T191627_059719_076A71_3A83,2,2,
S1A_IW_GRDH_1SDV_20250620T153903_20250620T153932_059731_076AE1_A027,1,1,
S1A_IW_GRDH_1SDV_20250620T154856_20250620T154921_059732_076AE2_065B,2,2,
S1A_IW_GRDH_1SDV_20250621T021544_20250621T021607_059738_076B1D_2523,2,2,
S1A_IW_GRDH_1SDV_20250621T035235_20250621T035300_059739_076B27_C979,2,2,
S1A_IW_GRDH_1SDV_20250621T095437_20250621T095502_059743_076B46_7B75,4,3,ESA_WorldCover_10m_2021_v200_N27E123_Map.tif
S1A_IW_GRDH_1SDV_20250621T095502_20250621T095527_059743_076B46_2434,4,3,ESA_WorldCover_10m_2021_v200_N27E123_Map.tif
S1A_IW_GRDH_1SDV_20250621T095617_20250621T095642_059743_076B46_1176,4,4,
S1A_IW_GRDH_1SDV_20250622T233424_20250622T233449_059765_076C06_59E2,4,3,ESA_WorldCover_10m_2021_v200_S15W081_Map.tif
S1A_IW_GRDH_1SDV_20250623T225058_20250623T225123_059780_076C81_89AB,6,5,ESA_WorldCover_10m_2021_v200_N36W072_Map.tif
S1A_IW_GRDH_1SDV_20250623T225123_20250623T225148_059780_076C81_4E63,4,4,
S1A_IW_GRDH_1SDV_20250624T002645_20250624T002710_059781_076C8C_A11E,2,2,
S1A_IW_GRDH_1SDV_20250625T083111_20250625T083140_059800_076D42_8433,4,3,ESA_WorldCover_10m_2021_v200_S27W045_Map.tif
S1A_IW_GRDH_1SDV_20250625T092322_20250625T092351_059801_076D4A_7F52,4,4,
S1A_IW_GRDH_1SDV_20250625T141652_20250625T141717_059804_076D68_E38E,2,2,
S1A_IW_GRDH_1SDV_20250626T113408_20250626T113433_059817_076DDC_1C20,4,4,
S1A_IW_GRDH_1SDV_20250626T190753_20250626T190818_059821_076E01_58B5,2,1,ESA_WorldCover_10m_2021_v200_S36E153_Map.tif
S1A_IW_GRDH_1SDV_20250628T020729_20250628T020754_059840_076EA3_9E13,2,2,
S1A_IW_GRDH_1SDV_20250629T170918_20250629T170943_059864_076F80_8FA7,4,4,
S1A_IW_GRDH_1SDV_20250629T193333_20250629T193358_059865_076F8D_C18A,4,4,
S1A_IW_GRDH_1SDV_20250630T142504_20250630T142529_059877_076FF7_ED71,2,2,
S1A_IW_GRDH_1SDV_20250702T153903_20250702T153932_059906_0770FC_6D94,1,1,
S1A_IW_GRDH_1SDV_20250702T154855_20250702T154920_059907_0770FD_A56D,2,2,
S1A_IW_GRDH_1SDV_20250703T035234_20250703T035259_059914_077140_7BD6,2,2,
S1A_IW_GRDH_1SDV_20250703T095436_20250703T095501_059918_07715F_4982,4,3,ESA_WorldCover_10m_2021_v200_N27E123_Map.tif
S1A_IW_GRDH_1SDV_20250705T225057_20250705T225122_059955_077298_2CCA,6,5,ESA_WorldCover_10m_2021_v200_N36W072_Map.tif
S1A_IW_GRDH_1SDV_20250705T225122_20250705T225147_059955_077298_7076,4,4,
S1A_IW_GRDH_1SDV_20250707T083110_20250707T083139_059975_077351_1004,4,3,ESA_WorldCover_10m_2021_v200_S27W045_Map.tif
S1A_IW_GRDH_1SDV_20250707T092321_20250707T092350_059976_077359_EDCA,4,4,
S1A_IW_GRDH_1SDV_20250708T113408_20250708T113433_059992_0773EA_C045,4,4,
S1A_IW_GRDH_1SDV_20250708T190752_20250708T190817_059996_07740F_E63A,2,1,ESA_WorldCover_10m_2021_v200_S36E153_Map.tif
S1A_IW_GRDH_1SDV_20250711T055837_20250711T055902_060032_077547_699B,4,4,
S1A_IW_GRDH_1SDV_20250711T193332_20250711T193357_060040_077592_B766,4,4,
S1A_IW_GRDH_1SDV_20250713T001848_20250713T001913_060058_07762A_5C57,4,4,
S1A_IW_GRDH_1SDV_20250713T054128_20250713T054153_060061_077642_E147,4,4,
S1A_IW_GRDH_1SDV_20250713T163003_20250713T163028_060067_07767F_5920,2,1,ESA_WorldCover_10m_2021_v200_S30E033_Map.tif
S1A_IW_GRDH_1SDV_20250714T153902_20250714T153931_060081_0776FF_25DB,1,1,
S1A_IW_GRDH_1SDV_20250714T173326_20250714T173351_060083_077709_FD9C,4,4,
S1A_IW_GRDH_1SDV_20250715T021542_20250715T021606_060088_077739_3740,2,2,
S1A_IW_GRDH_1SDV_20250715T035234_20250715T035259_060089_077743_FB08,2,2,
S1A_IW_GRDH_1SDV_20250715T095436_20250715T095501_060093_077760_8795,4,3,ESA_WorldCover_10m_2021_v200_N27E123_Map.tif
S1A_IW_GRDH_1SDV_20250715T095501_20250715T095526_060093_077760_4889,4,3,ESA_WorldCover_10m_2021_v200_N27E123_Map.tif
S1A_IW_GRDH_1SDV_20250715T095616_20250715T095641_060093_077760_1FAF,4,4,
S1A_IW_GRDH_1SDV_20250715T112532_20250715T112557_060093_07776A_62D2,2,2,
S1A_IW_GRDH_1SDV_20250716T233423_20250716T233448_060115_077824_E5F7,4,3,ESA_WorldCover_10m_2021_v200_S15W081_Map.tif
S1A_IW_GRDH_1SDV_20250718T002643_20250718T002708_060131_0778A6_1D3D,2,2,
S1A_IW_GRDH_1SDV_20250719T083110_20250719T083139_060150_077956_58B5,4,3,ESA_WorldCover_10m_2021_v200_S27W045_Map.tif
S1A_IW_GRDH_1SDV_20250720T015019_20250720T015044_060161_0779B4_B24D,4,4,
S1A_IW_GRDH_1SDV_20250720T113407_20250720T113432_060167_0779EF_8B2D,4,4,
S1A_IW_GRDH_1SDV_20250720T190751_20250720T190816_060171_077A13_1559,2,1,ESA_WorldCover_10m_2021_v200_S36E153_Map.tif
S1A_IW_GRDH_1SDV_20250723T193332_20250723T193357_060215_077B9A_6548,4,4,
S1A_IW_GRDH_1SDV_20250724T142503_20250724T142528_060227_077C09_9CBA,2,2,
S1A_IW_GRDH_1SDV_20250725T015815_20250725T015844_060234_077C3D_F355,4,3,ESA_WorldCover_10m_2021_v200_N30W123_Map.tif
S1A_IW_GRDH_1SDV_20250725T054128_20250725T054153_060236_077C52_F1D5,4,4,
S1A_IW_GRDH_1SDV_20250725T163002_20250725T163027_060242_077C8C_6445,2,1,ESA_WorldCover_10m_2021_v200_S30E033_Map.tif
S1A_IW_GRDH_1SDV_20250726T153902_20250726T153931_060256_077D04_0826,1,1,
S1A_IW_GRDH_1SDV_20250727T035233_20250727T035258_060264_077D47_F0A8,2,2,
S1A_IW_GRDH_1SDV_20250727T095436_20250727T095501_060268_077D68_D2EB,4,3,ESA_WorldCover_10m_2021_v200_N27E123_Map.tif
S1A_IW_GRDH_1SDV_20250727T095501_20250727T095526_060268_077D68_FED2,4,3,ESA_WorldCover_10m_2021_v200_N27E123_Map.tif
S1A_IW_GRDH_1SDV_20250727T103934_20250727T103959_060268_077D6C_D33D,4,4,
S1A_IW_GRDH_1SDV_20250727T112532_20250727T112557_060268_077D6F_342B,2,2,
S1A_IW_GRDH_1SDV_20250728T233423_20250728T233448_060290_077E28_8D35,4,3,ESA_WorldCover_10m_2021_v200_S15W081_Map.tif
S1A_IW_GRDH_1SDV_20250729T225056_20250729T225121_060305_077E9E_0FD9,6,5,ESA_WorldCover_10m_2021_v200_N36W072_Map.tif
S1A_IW_GRDH_1SDV_20250729T225121_20250729T225146_060305_077E9E_C3E5,4,4,
S1A_IW_GRDH_1SDV_20250731T083109_20250731T083138_060325_077F57_40E4,4,3,ESA_WorldCover_10m_2021_v200_S27W045_Map.tif
S1A_IW_GRDH_1SDV_20250731T141651_20250731T141716_060329_077F80_00CD,2,2,
S1A_IW_GRDH_1SDV_20250801T113407_20250801T113432_060342_077FF2_60B9,4,4,
S1A_IW_GRDH_1SDV_20250801T190751_20250801T190816_060346_078019_953E,2,1,ESA_WorldCover_10m_2021_v200_S36E153_Map.tif
S1A_IW_GRDH_1SDV_20250804T193332_20250804T193357_060390_0781A0_DE4B,4,4,
S1A_IW_GRDH_1SDV_20250805T142503_20250805T142528_060402_078207_9714,2,2,
S1A_IW_GRDH_1SDV_20250806T015815_20250806T015844_060409_07823E_3A76,4,3,ESA_WorldCover_10m_2021_v200_N30W123_Map.tif
S1A_IW_GRDH_1SDV_20250806T163002_20250806T163027_060417_078294_EB7B,2,1,ESA_WorldCover_10m_2021_v200_S30E033_Map.tif
S1A_IW_GRDH_1SDV_20250806T191536_20250806T191601_060419_0782A5_AF18,4,4,
S1A_IW_GRDH_1SDV_20250807T153902_20250807T153931_060431_078322_AAE4,1,1,
S1A_IW_GRDH_1SDV_20250808T035233_20250808T035258_060439_078370_CD54,2,2,
S1A_IW_GRDH_1SDV_20250808T095435_20250808T095500_060443_078391_8D36,4,3,ESA_WorldCover_10m_2021_v200_N27E123_Map.tif
S1A_IW_GRDH_1SDV_20250808T095500_20250808T095525_060443_078391_5813,4,3,ESA_WorldCover_10m_2021_v200_N27E123_Map.tif
S1A_IW_GRDH_1SDV_20250808T095615_20250808T095640_060443_078391_9942,4,4,
S1A_IW_GRDH_1SDV_20250808T112532_20250808T112557_060443_07839A_7BD5,2,2,
S1A_IW_GRDH_1SDV_20250809T083935_20250809T084000_060456_078421_3DD2,4,4,
S1A_IW_GRDH_1SDV_20250809T224807_20250809T224832_060465_078475_18D1,2,2,
S1A_IW_GRDH_1SDV_20250809T233423_20250809T233448_060465_07847A_0D09,4,3,ESA_WorldCover_10m_2021_v200_S15W081_Map.tif
S1A_IW_GRDH_1SDV_20250812T083109_20250812T083138_060500_0785CF_711B,4,3,ESA_WorldCover_10m_2021_v200_S27W045_Map.tif
S1A_IW_GRDH_1SDV_20250812T092320_20250812T092349_060501_0785D8_D733,4,4,
S1A_IW_GRDH_1SDV_20250813T015019_20250813T015044_060511_07863E_4967,4,4,
S1A_IW_GRDH_1SDV_20250813T113407_20250813T113432_060517_078680_45FA,4,4,
S1A_IW_GRDH_1SDV_20250813T190751_20250813T190816_060521_0786AA_88CA,2,1,ESA_WorldCover_10m_2021_v200_S36E153_Map.tif
S1A_IW_GRDH_1SDV_20250816T193332_20250816T193357_060565_07886A_2A0C,4,4,
S1A_IW_GRDH_1SDV_20250817T142503_20250817T142528_060577_0788DF_80F4,2,2,
S1A_IW_GRDH_1SDV_20250818T001847_20250818T001912_060583_078915_D5E5,4,4,
S1A_IW_GRDH_1SDV_20250818T054127_20250818T054152_060586_07892F_52A5,4,4,
S1A_IW_GRDH_1SDV_20250818T163002_20250818T163027_060592_078976_0606,2,1,ESA_WorldCover_10m_2021_v200_S30E033_Map.tif
S1A_IW_GRDH_1SDV_20250818T191536_20250818T191601_060594_078986_5AFD,4,4,
S1A_IW_GRDH_1SDV_20250819T153902_20250819T153931_060606_078A07_42F0,1,1,
S1A_IW_GRDH_1SDV_20250820T035233_20250820T035258_060614_078A53_5450,2,2,
S1A_IW_GRDH_1SDV_20250820T095435_20250820T095500_060618_078A74_E598,4,3,ESA_WorldCover_10m_2021_v200_N27E123_Map.tif
S1A_IW_GRDH_1SDV_20250820T095500_20250820T095525_060618_078A74_9040,4,3,ESA_WorldCover_10m_2021_v200_N27E123_Map.tif
S1A_IW_GRDH_1SDV_20250820T095615_20250820T095640_060618_078A74_3D5A,4,4,
S1A_IW_GRDH_1SDV_20250821T224808_20250821T224833_060640_078B59_E798,2,2,
S1A_IW_GRDH_1SDV_20250822T225056_20250822T225121_060655_078BEA_C226,6,5,ESA_WorldCover_10m_2021_v200_N36W072_Map.tif
S1A_IW_GRDH_1SDV_20250822T225121_20250822T225146_060655_078BEA_1A41,4,4,
S1A_IW_GRDH_1SDV_20250823T002643_20250823T002708_060656_078BF4_4CD4,2,2,
S1A_IW_GRDH_1SDV_20250825T113407_20250825T113432_060692_078D67_7468,4,4,
S1A_IW_GRDH_1SDV_20250825T190751_20250825T190816_060696_078D8D_4592,2,1,ESA_WorldCover_10m_2021_v200_S36E153_Map.tif
S1A_IW_GRDH_1SDV_20250826T225605_20250826T225630_060713_078E34_49F8,4,4,
S1A_IW_GRDH_1SDV_20250828T193332_20250828T193357_060740_078F4E_F81E,4,4,
S1A_IW_GRDH_1SDV_20250829T142503_20250829T142528_060752_078FC4_CDEA,2,2,
S1A_IW_GRDH_1SDV_20250830T015815_20250830T015844_060759_078FFD_4B0B,4,3,ESA_WorldCover_10m_2021_v200_N30W123_Map.tif
S1A_IW_GRDH_1SDV_20250830T054128_20250830T054153_060761_079011_367B,4,4,
S1A_IW_GRDH_1SDV_20250830T122311_20250830T122341_060765_079040_D132,4,4,
S1A_IW_GRDH_1SDV_20250830T163002_20250830T163027_060767_079059_F9D9,2,1,ESA_WorldCover_10m_2021_v200_S30E033_Map.tif
S1A_IW_GRDH_1SDV_20250830T191536_20250830T191601_060769_07906B_AD9E,4,4,
S1A_IW_GRDH_1SDV_20250830T191601_20250830T191626_060769_07906B_3F0E,2,2,
S1A_IW_GRDH_1SDV_20250831T153902_20250831T153931_060781_0790EA_0B81,1,1,
S1A_IW_GRDH_1SDV_20250831T154854_20250831T154919_060782_0790EB_F7E9,2,2,
S1A_IW_GRDH_1SDV_20250901T021542_20250901T021605_060788_07912C_0086,2,2,
S1A_IW_GRDH_1SDV_20250901T035233_20250901T035258_060789_079136_B324,2,2,
S1A_IW_GRDH_1SDV_20250901T095436_20250901T095501_060793_079158_DE89,4,3,ESA_WorldCover_10m_2021_v200_N27E123_Map.tif
S1A_IW_GRDH_1SDV_20250901T095616_20250901T095641_060793_079158_54A8,4,4,
S1A_IW_GRDH_1SDV_20250901T112532_20250901T112557_060793_079162_B38D,2,2,
S1A_IW_GRDH_1SDV_20250902T224808_20250902T224833_060815_079241_9713,2,2,
S1A_IW_GRDH_1SDV_20250902T233423_20250902T233448_060815_079246_B71C,4,3,ESA_WorldCover_10m_2021_v200_S15W081_Map.tif
S1A_IW_GRDH_1SDV_20250904T002643_20250904T002708_060831_0792DF_B82C,2,2,
S1A_IW_GRDH_1SDV_20250905T083110_20250905T083139_060850_0793A0_0291,4,3,ESA_WorldCover_10m_2021_v200_S27W045_Map.tif
S1A_IW_GRDH_1SDV_20250905T155656_20250905T155721_060855_0793DA_CAC3,4,4,
S1A_IW_GRDH_1SDV_20250906T015019_20250906T015044_060861_079410_B3CE,4,4,
S1A_IW_GRDH_1SDV_20250906T104754_20250906T104814_060866_07944F_3356,4,3,ESA_WorldCover_10m_2021_v200_S15W081_Map.tif
S1A_IW_GRDH_1SDV_20250906T135241_20250906T135306_060868_07945C_D3EF,4,4,
S1A_IW_GRDH_1SDV_20250906T190751_20250906T190816_060871_07947B_EDC3,2,1,ESA_WorldCover_10m_2021_v200_S36E153_Map.tif
S1A_IW_GRDH_1SDV_20250907T225606_20250907T225631_060888_079528_A9E2,4,4,
S1A_IW_GRDH_1SDV_20250909T055837_20250909T055902_060907_0795EC_8CC1,4,4,
S1A_IW_GRDH_1SDV_20250910T142503_20250910T142528_060927_0796BD_18EC,2,2,
S1A_IW_GRDH_1SDV_20250911T054128_20250911T054153_060936_07970E_722D,4,4,
S1A_IW_GRDH_1SDV_20250911T163003_20250911T163028_060942_079755_9E0D,2,1,ESA_WorldCover_10m_2021_v200_S30E033_Map.tif
S1A_IW_GRDH_1SDV_20250912T153902_20250912T153931_060956_0797E9_52CC,1,1,
S1A_IW_GRDH_1SDV_20250912T173326_20250912T173351_060958_0797F4_2E8D,4,4,
S1A_IW_GRDH_1SDV_20250913T021543_20250913T021606_060963_07982C_CF20,2,2,
S1A_IW_GRDH_1SDV_20250913T035234_20250913T035259_060964_079836_C838,2,2,
S1A_IW_GRDH_1SDV_20250913T095436_20250913T095501_060968_07985B_99EE,4,3,ESA_WorldCover_10m_2021_v200_N27E123_Map.tif
S1A_IW_GRDH_1SDV_20250913T095501_20250913T095526_060968_07985B_0B8B,4,3,ESA_WorldCover_10m_2021_v200_N27E123_Map.tif
S1A_IW_GRDH_1SDV_20250913T112533_20250913T112558_060968_079865_EAC9,2,2,
S1A_IW_GRDH_1SDV_20250914T224808_20250914T224833_060990_079946_63DA,2,2,
S1A_IW_GRDH_1SDV_20250915T225110_20250915T225135_061005_0799D9_9317,3,3,
S1A_IW_GRDH_1SDV_20250916T002644_20250916T002709_061006_0799E3_E667,2,2,
S1A_IW_GRDH_1SDV_20250917T083110_20250917T083139_061025_079AA6_B3EC,4,3,ESA_WorldCover_10m_2021_v200_S27W045_Map.tif
S1A_IW_GRDH_1SDV_20250917T141651_20250917T141716_061029_079AD4_BEB1,2,2,
S1A_IW_GRDH_1SDV_20250918T113407_20250918T113432_061042_079B5B_3210,4,4,
S1A_IW_GRDH_1SDV_20250918T135250_20250918T135315_061043_079B66_E8A8,4,4,
S1A_IW_GRDH_1SDV_20250918T190752_20250918T190817_061046_079B83_BFBC,2,1,ESA_WorldCover_10m_2021_v200_S36E153_Map.tif
S1A_IW_GRDH_1SDV_20250919T225606_20250919T225631_061063_079C2A_A9BB,4,4,
S1A_IW_GRDH_1SDV_20250921T170918_20250921T170943_061089_079D36_BA65,4,4,
S1A_IW_GRDH_1SDV_20250921T193332_20250921T193357_061090_079D46_F132,4,4,
S1A_IW_GRDH_1SDV_20250922T142504_20250922T142529_061102_079DC2_7207,2,2,
S1A_IW_GRDH_1SDV_20250923T001848_20250923T001913_061108_079DF3_DEA5,4,4,
S1A_IW_GRDH_1SDV_20250923T054128_20250923T054153_061111_079E0E_E9FD,4,4,
S1A_IW_GRDH_1SDV_20250923T122312_20250923T122342_061115_079E3D_C529,4,4,
S1A_IW_GRDH_1SDV_20250923T163003_20250923T163028_061117_079E56_AC94,2,1,ESA_WorldCover_10m_2021_v200_S30E033_Map.tif
S1A_IW_GRDH_1SDV_20250924T062228_20250924T062253_061126_079EB0_6496,6,5,ESA_WorldCover_10m_2021_v200_N54E000_Map.tif
S1A_IW_GRDH_1SDV_20250924T153902_20250924T153931_061131_079EEF_95D2,1,1,
S1A_IW_GRDH_1SDV_20250924T154855_20250924T154920_061132_079EF0_BF54,2,2,
S1A_IW_GRDH_1SDV_20250925T021543_20250925T021606_061138_079F34_4E55,2,2,
S1A_IW_GRDH_1SDV_20250925T035234_20250925T035259_061139_079F3E_697B,2,2,
S1A_IW_GRDH_1SDV_20250925T095436_20250925T095501_061143_079F62_97AE,4,3,ESA_WorldCover_10m_2021_v200_N27E123_Map.tif
S1A_IW_GRDH_1SDV_20250925T095501_20250925T095526_061143_079F62_43F4,4,3,ESA_WorldCover_10m_2021_v200_N27E123_Map.tif
S1A_IW_GRDH_1SDV_20250925T095616_20250925T095641_061143_079F62_D4E3,4,4,
S1A_IW_GRDH_1SDV_20250926T224808_20250926T224833_061165_07A04B_FD27,2,2,
S1A_IW_GRDH_1SDV_20250927T225110_20250927T225135_061180_07A0DF_73F4,2,2,
S1A_IW_GRDH_1SDV_20250928T002644_20250928T002709_061181_07A0EB_FE07,2,2,
S1A_IW_GRDH_1SDV_20250929T083110_20250929T083139_061200_07A1B3_0FFF,4,3,ESA_WorldCover_10m_2021_v200_S27W045_Map.tif
S1A_IW_GRDH_1SDV_20250930T015031_20250930T015056_061211_07A224_FA7B,2,2,
S1A_IW_GRDH_1SDV_20250930T113407_20250930T113432_061217_07A26A_3C89,4,4,
S1A_IW_GRDH_1SDV_20250930T135250_20250930T135315_061218_07A273_F068,4,4,
S1A_IW_GRDH_1SDV_20250930T190752_20250930T190817_061221_07A294_DB4F,2,1,ESA_WorldCover_10m_2021_v200_S36E153_Map.tif
S1A_IW_GRDH_1SDV_20251001T225606_20251001T225631_061238_07A33E_4EE1,4,4,
S1A_IW_GRDH_1SDV_20251003T193332_20251003T193357_061265_07A45B_3A6C,4,4,
S1A_IW_GRDH_1SDV_20251004T142503_20251004T142528_061277_07A4D4_B04D,2,2,
S1A_IW_GRDH_1SDV_20251005T122312_20251005T122342_061290_07A554_279F,4,4,
S1A_IW_GRDH_1SDV_20251006T153903_20251006T153932_061306_07A5FE_9B54,1,1,
S1A_IW_GRDH_1SDV_20251007T021543_20251007T021606_061313_07A641_6D4F,2,2,
S1A_IW_GRDH_1SDV_20251007T035234_20251007T035259_061314_07A64B_B254,2,2,
S1A_IW_GRDH_1SDV_20251007T095437_20251007T095502_061318_07A66F_1889,4,3,ESA_WorldCover_10m_2021_v200_N27E123_Map.tif
S1A_IW_GRDH_1SDV_20251007T095502_20251007T095527_061318_07A66F_9734,4,3,ESA_WorldCover_10m_2021_v200_N27E123_Map.tif
S1A_IW_GRDH_1SDV_20251007T095617_20251007T095642_061318_07A66F_2CB9,4,4,
S1A_IW_GRDH_1SDV_20251008T224809_20251008T224834_061340_07A75B_C1A5,2,2,
S1A_IW_GRDH_1SDV_20251009T225111_20251009T225136_061355_07A7F1_9F04,3,3,
S1A_IW_GRDH_1SDV_20251010T002701_20251010T002726_061356_07A7FB_F406,4,4,
S1A_IW_GRDH_1SDV_20251011T083111_20251011T083140_061375_07A8C1_C8F3,4,3,ESA_WorldCover_10m_2021_v200_S27W045_Map.tif
S1A_IW_GRDH_1SDV_20251011T141652_20251011T141717_061379_07A8EC_6D05,2,2,
S1A_IW_GRDH_1SDV_20251012T113408_20251012T113433_061392_07A972_E193,4,4,
S1A_IW_GRDH_1SDV_20251012T190752_20251012T190817_061396_07A99C_7947,2,1,ESA_WorldCover_10m_2021_v200_S36E153_Map.tif
S1A_IW_GRDH_1SDV_20251013T225606_20251013T225631_061413_07AA47_29D0,4,4,
S1A_IW_GRDH_1SDV_20251015T193333_20251015T193358_061440_07AB65_430D,4,4,
S1A_IW_GRDH_1SDV_20251016T142504_20251016T142529_061452_07ABDD_BF78,2,2,
S1A_IW_GRDH_1SDV_20251017T001842_20251017T001907_061458_07AC0F_C0D5,4,4,
S1A_IW_GRDH_1SDV_20251017T015816_20251017T015845_061459_07AC16_32C2,4,3,ESA_WorldCover_10m_2021_v200_N30W123_Map.tif
S1A_IW_GRDH_1SDV_20251017T054129_20251017T054154_061461_07AC2A_79B6,4,4,
S1A_IW_GRDH_1SDV_20251017T191537_20251017T191602_061469_07AC87_CC33,4,4,
S1A_IW_GRDH_1SDV_20251018T062229_20251018T062254_061476_07ACC8_1C48,6,5,ESA_WorldCover_10m_2021_v200_N54E000_Map.tif
S1A_IW_GRDH_1SDV_20251018T153903_20251018T153932_061481_07AD03_B243,1,1,
S1A_IW_GRDH_1SDV_20251019T035234_20251019T035259_061489_07AD50_1AB6,2,2,
S1A_IW_GRDH_1SDV_20251019T095436_20251019T095501_061493_07AD75_7C49,4,3,ESA_WorldCover_10m_2021_v200_N27E123_Map.tif
S1A_IW_GRDH_1SDV_20251019T095501_20251019T095526_061493_07AD75_C893,4,3,ESA_WorldCover_10m_2021_v200_N27E123_Map.tif
S1A_IW_GRDH_1SDV_20251019T095616_20251019T095641_061493_07AD75_3A90,4,4,
S1A_IW_GRDH_1SDV_20251020T224808_20251020T224833_061515_07AE62_BC0B,2,2,
S1A_IW_GRDH_1SDV_20251021T225111_20251021T225136_061530_07AEFB_9DC9,2,2,
S1A_IW_GRDH_1SDV_20251023T083110_20251023T083139_061550_07AFCA_7818,4,3,ESA_WorldCover_10m_2021_v200_S27W045_Map.tif
S1A_IW_GRDH_1SDV_20251023T141652_20251023T141717_061554_07AFF4_3310,2,2,
S1A_IW_GRDH_1SDV_20251024T113408_20251024T113433_061567_07B078_122F,4,4,
S1A_IW_GRDH_1SDV_20251024T190752_20251024T190817_061571_07B0A2_E5D2,2,1,ESA_WorldCover_10m_2021_v200_S36E153_Map.tif
S1A_IW_GRDH_1SDV_20251025T225606_20251025T225631_061588_07B14D_B4FF,4,4,
S1A_IW_GRDH_1SDV_20251026T020728_20251026T020753_061590_07B161_3CC3,2,2,
S1A_IW_GRDH_1SDV_20251027T055837_20251027T055902_061607_07B211_E251,4,4,
S1A_IW_GRDH_1SDV_20251027T193332_20251027T193357_061615_07B26B_828E,4,4,
S1A_IW_GRDH_1SDV_20251028T142503_20251028T142528_061627_07B2E5_AF8B,2,2,
S1A_IW_GRDH_1SDV_20251029T001839_20251029T001904_061633_07B317_BE74,4,4,
S1A_IW_GRDH_1SDV_20251029T015816_20251029T015845_061634_07B31E_8136,4,3,ESA_WorldCover_10m_2021_v200_N30W123_Map.tif
S1A_IW_GRDH_1SDV_20251029T054128_20251029T054153_061636_07B333_88A6,4,4,
S1A_IW_GRDH_1SDV_20251029T122312_20251029T122342_061640_07B362_599A,4,4,
S1A_IW_GRDH_1SDV_20251029T191536_20251029T191601_061644_07B393_8142,4,4,
S1A_IW_GRDH_1SDV_20251029T191601_20251029T191626_061644_07B393_169E,2,2,
S1A_IW_GRDH_1SDV_20251030T062228_20251030T062253_061651_07B3D7_60C0,6,5,ESA_WorldCover_10m_2021_v200_N54E000_Map.tif
S1A_IW_GRDH_1SDV_20251030T153902_20251030T153931_061656_07B411_FB08,1,1,
S1A_IW_GRDH_1SDV_20251031T095436_20251031T095501_061668_07B482_8237,4,3,ESA_WorldCover_10m_2021_v200_N27E123_Map.tif
S1A_IW_GRDH_1SDV_20251031T095501_20251031T095526_061668_07B482_E582,4,3,ESA_WorldCover_10m_2021_v200_N27E123_Map.tif
S1A_IW_GRDH_1SDV_20251031T095616_20251031T095641_061668_07B482_0BCC,4,4,
S1A_IW_GRDH_1SDV_20251031T112533_20251031T112558_061668_07B48D_2778,2,2,
S1A_IW_GRDH_1SDV_20251101T224808_20251101T224833_061690_07B564_1AD8,2,2,
S1A_IW_GRDH_1SDV_20251101T233423_20251101T233448_061690_07B569_16F6,4,3,ESA_WorldCover_10m_2021_v200_S15W081_Map.tif
S1A_IW_GRDH_1SDV_20251104T083110_20251104T083139_061725_07B6B8_3DBF,4,3,ESA_WorldCover_10m_2021_v200_S27W045_Map.tif
S1A_IW_GRDH_1SDV_20251105T113407_20251105T113432_061742_07B768_CEA9,4,4,
S1A_IW_GRDH_1SDV_20251105T190752_20251105T190817_061746_07B792_3E36,2,1,ESA_WorldCover_10m_2021_v200_S36E153_Map.tif
S1A_IW_GRDH_1SDV_20251106T225606_20251106T225631_061763_07B831_78A7,4,4,
S1A_IW_GRDH_1SDV_20251108T193332_20251108T193357_061790_07B945_0500,4,4,
S1A_IW_GRDH_1SDV_20251109T142503_20251109T142528_061802_07B9BD_1AE4,2,2,
S1A_IW_GRDH_1SDV_20251110T001839_20251110T001904_061808_07B9F1_2C99,4,4,
S1A_IW_GRDH_1SDV_20251110T163002_20251110T163027_061817_07BA4F_83DF,2,1,ESA_WorldCover_10m_2021_v200_S30E033_Map.tif
S1A_IW_GRDH_1SDV_20251110T191536_20251110T191601_061819_07BA62_4077,4,4,
S1A_IW_GRDH_1SDV_20251111T062228_20251111T062253_061826_07BA9F_13DA,6,5,ESA_WorldCover_10m_2021_v200_N54E000_Map.tif
S1A_IW_GRDH_1SDV_20251112T021542_20251112T021605_061838_07BB17_77DD,2,2,
S1A_IW_GRDH_1SDV_20251112T035233_20251112T035258_061839_07BB21_91CA,2,2,
S1A_IW_GRDH_1SDV_20251112T095435_20251112T095500_061843_07BB43_B5ED,4,3,ESA_WorldCover_10m_2021_v200_N27E123_Map.tif
S1A_IW_GRDH_1SDV_20251112T095500_20251112T095525_061843_07BB43_791B,4,3,ESA_WorldCover_10m_2021_v200_N27E123_Map.tif
S1A_IW_GRDH_1SDV_20251112T095615_20251112T095640_061843_07BB43_DBA5,4,4,
S1A_IW_GRDH_1SDV_20251112T112532_20251112T112557_061843_07BB4D_0492,2,2,
S1A_IW_GRDH_1SDV_20251113T224807_20251113T224832_061865_07BC26_8BE5,2,2,
S1A_IW_GRDH_1SDV_20251114T225109_20251114T225134_061880_07BCB4_AC61,2,2,
S1A_IW_GRDH_1SDV_20251116T083109_20251116T083138_061900_07BD80_54A1,4,3,ESA_WorldCover_10m_2021_v200_S27W045_Map.tif
S1A_IW_GRDH_1SDV_20251117T190726_20251117T190751_061921_07BE5B_D966,4,3,ESA_WorldCover_10m_2021_v200_S36E153_Map.tif
S1A_IW_GRDH_1SDV_20251117T190751_20251117T190816_061921_07BE5B_1974,2,1,ESA_WorldCover_10m_2021_v200_S36E153_Map.tif
S1A_IW_GRDH_1SDV_20251118T225605_20251118T225630_061938_07BF00_ABE8,4,4,
S1A_IW_GRDH_1SDV_20251120T055836_20251120T055901_061957_07BFB6_DC2D,4,4,
S1A_IW_GRDH_1SDV_20251120T170917_20251120T170942_061964_07C000_2F5E,4,4,
S1A_IW_GRDH_1SDV_20251120T193332_20251120T193357_061965_07C011_37A2,4,4,
S1A_IW_GRDH_1SDV_20251121T142503_20251121T142528_061977_07C08B_B3BC,2,2,
S1A_IW_GRDH_1SDV_20251122T001838_20251122T001903_061983_07C0BD_77E2,4,4,
S1A_IW_GRDH_1SDV_20251122T015815_20251122T015844_061984_07C0C4_CD6D,4,3,ESA_WorldCover_10m_2021_v200_N30W123_Map.tif
S1A_IW_GRDH_1SDV_20251122T054127_20251122T054152_061986_07C0D6_F7BE,4,4,
S1A_IW_GRDH_1SDV_20251124T035232_20251124T035257_062014_07C1F4_0DB0,2,2,
S1A_IW_GRDH_1SDV_20251124T095435_20251124T095500_062018_07C214_19F3,4,3,ESA_WorldCover_10m_2021_v200_N27E123_Map.tif
S1A_IW_GRDH_1SDV_20251124T095500_20251124T095525_062018_07C214_828E,4,3,ESA_WorldCover_10m_2021_v200_N27E123_Map.tif
S1A_IW_GRDH_1SDV_20251124T095615_20251124T095640_062018_07C214_78ED,4,4,
S1A_IW_GRDH_1SDV_20251124T112531_20251124T112556_062018_07C21D_C279,2,2,
S1A_IW_GRDH_1SDV_20251125T083934_20251125T083959_062031_07C2A2_0DD7,4,4,
S1A_IW_GRDH_1SDV_20251125T224806_20251125T224831_062040_07C2F5_5BFA,2,2,
S1A_IW_GRDH_1SDV_20251126T225109_20251126T225134_062055_07C38B_B529,3,3,
S1A_IW_GRDH_1SDV_20251128T083108_20251128T083137_062075_07C458_F0B8,4,3,ESA_WorldCover_10m_2021_v200_S27W045_Map.tif
S1A_IW_GRDH_1SDV_20251128T092319_20251128T092348_062076_07C461_5BA6,4,4,
S1A_IW_GRDH_1SDV_20251129T015018_20251129T015043_062086_07C4C3_9B97,4,4,
S1A_IW_GRDH_1SDV_20251129T113406_20251129T113431_062092_07C503_6B6D,4,4,
S1A_IW_GRDH_1SDV_20251129T190750_20251129T190815_062096_07C52D_C156,2,1,ESA_WorldCover_10m_2021_v200_S36E153_Map.tif
S1A_IW_GRDH_1SDV_20251130T225604_20251130T225629_062113_07C5CF_6CEA,4,4,
S1A_IW_GRDH_1SDV_20251202T055835_20251202T055900_062132_07C68A_27C0,4,4,
S1A_IW_GRDH_1SDV_20251202T193330_20251202T193355_062140_07C6E5_DAB7,4,4,
S1A_IW_GRDH_1SDV_20251203T142501_20251203T142526_062152_07C75E_D213,2,2,
S1A_IW_GRDH_1SDV_20251204T001837_20251204T001902_062158_07C791_7D39,4,4,
S1A_IW_GRDH_1SDV_20251204T015814_20251204T015843_062159_07C798_21AB,4,3,ESA_WorldCover_10m_2021_v200_N30W123_Map.tif
S1A_IW_GRDH_1SDV_20251204T054126_20251204T054151_062161_07C7AC_F97F,4,4,
S1A_IW_GRDH_1SDV_20251204T163000_20251204T163025_062167_07C7F8_48A4,2,1,ESA_WorldCover_10m_2021_v200_S30E033_Map.tif
S1A_IW_GRDH_1SDV_20251204T191534_20251204T191559_062169_07C80B_6F85,4,4,
S1A_IW_GRDH_1SDV_20251205T062226_20251205T062251_062176_07C843_93CB,6,5,ESA_WorldCover_10m_2021_v200_N54E000_Map.tif
S1A_IW_GRDH_1SDV_20251205T154852_20251205T154917_062182_07C87C_FF9B,2,2,
S1A_IW_GRDH_1SDV_20251206T021540_20251206T021603_062188_07C8BF_E0FB,2,2,
S1A_IW_GRDH_1SDV_20251206T035231_20251206T035256_062189_07C8C7_B4B3,2,2,
S1A_IW_GRDH_1SDV_20251206T095433_20251206T095458_062193_07C8EB_7533,4,3,ESA_WorldCover_10m_2021_v200_N27E123_Map.tif
S1A_IW_GRDH_1SDV_20251206T095458_20251206T095523_062193_07C8EB_18F6,4,3,ESA_WorldCover_10m_2021_v200_N27E123_Map.tif
S1A_IW_GRDH_1SDV_20251206T095613_20251206T095638_062193_07C8EB_13B5,4,4,
S1A_IW_GRDH_1SDV_20251207T224805_20251207T224830_062215_07C9D3_13F1,2,2,
S1A_IW_GRDH_1SDV_20251208T225108_20251208T225133_062230_07CA66_5121,2,2,
S1A_IW_GRDH_1SDV_20251209T002700_20251209T002725_062231_07CA72_A6FF,4,4,
S1A_IW_GRDH_1SDV_20251210T154728_20251210T154753_062254_07CB6A_4FCE,4,4,
S1A_IW_GRDH_1SDV_20251211T015017_20251211T015042_062261_07CB97_42DF,4,4,
S1A_IW_GRDH_1SDV_20251211T113405_20251211T113430_062267_07CBD7_A7ED,4,4,
S1A_IW_GRDH_1SDV_20251211T190749_20251211T190814_062271_07CC01_6A6B,2,1,ESA_WorldCover_10m_2021_v200_S36E153_Map.tif
S1A_IW_GRDH_1SDV_20251212T225603_20251212T225628_062288_07CCA5_540C,4,4,
S1A_IW_GRDH_1SDV_20251214T055834_20251214T055859_062307_07CD62_B45A,4,4,
S1A_IW_GRDH_1SDV_20251214T170914_20251214T170939_062314_07CDAC_4A6D,4,4,
S1A_IW_GRDH_1SDV_20251215T142500_20251215T142525_062327_07CE36_F264,2,2,
S1A_IW_GRDH_1SDV_20251216T001836_20251216T001901_062333_07CE6A_9775,4,4,
S1A_IW_GRDH_1SDV_20251216T015813_20251216T015842_062334_07CE71_2A42,4,3,ESA_WorldCover_10m_2021_v200_N30W123_Map.tif
S1A_IW_GRDH_1SDV_20251216T054125_20251216T054150_062336_07CE83_4CC7,4,4,
S1A_IW_GRDH_1SDV_20251216T162959_20251216T163024_062342_07CECD_EF29,2,1,ESA_WorldCover_10m_2021_v200_S30E033_Map.tif
S1A_IW_GRDH_1SDV_20251216T182618_20251216T182643_062344_07CEDA_6409,4,4,
S1A_IW_GRDH_1SDV_20251216T191533_20251216T191558_062344_07CEE0_56EE,4,4,
S1A_IW_GRDH_1SDV_20251217T062750_20251217T062815_062351_07CF1B_711C,4,4,
S1A_IW_GRDH_1SDV_20251217T153859_20251217T153928_062356_07CF51_9B63,1,1,
S1A_IW_GRDH_1SDV_20251217T173322_20251217T173347_062358_07CF5C_3556,4,4,
S1A_IW_GRDH_1SDV_20251218T035230_20251218T035255_062364_07CF9A_DF33,2,2,
S1A_IW_GRDH_1SDV_20251218T095432_20251218T095457_062368_07CFBE_D699,4,3,ESA_WorldCover_10m_2021_v200_N27E123_Map.tif
S1A_IW_GRDH_1SDV_20251218T095457_20251218T095522_062368_07CFBE_85B2,4,3,ESA_WorldCover_10m_2021_v200_N27E123_Map.tif
S1A_IW_GRDH_1SDV_20251218T095612_20251218T095637_062368_07CFBE_D9B3,4,4,
S1A_IW_GRDH_1SDV_20251218T112529_20251218T112554_062368_07CFC8_E7C6,2,2,
S1A_IW_GRDH_1SDV_20251219T083932_20251219T083957_062381_07D052_924F,4,4,
S1A_IW_GRDH_1SDV_20251219T224804_20251219T224829_062390_07D0A3_DC5F,2,2,
S1A_IW_GRDH_1SDV_20251220T225106_20251220T225131_062405_07D12D_7B19,3,3,
S1A_IW_GRDH_1SDV_20251221T002659_20251221T002724_062406_07D137_C1EB,4,4,
S1A_IW_GRDH_1SDV_20251222T083106_20251222T083135_062425_07D1FB_2E73,4,3,ESA_WorldCover_10m_2021_v200_S27W045_Map.tif
S1A_IW_GRDH_1SDV_20251222T141647_20251222T141712_062429_07D225_B5FC,2,2,
S1A_IW_GRDH_1SDV_20251223T015015_20251223T015040_062436_07D267_9748,4,4,
S1A_IW_GRDH_1SDV_20251223T113403_20251223T113428_062442_07D2AB_3284,4,4,
S1A_IW_GRDH_1SDV_20251223T181816_20251223T181841_062446_07D2CE_C333,4,4,
S1A_IW_GRDH_1SDV_20251223T190747_20251223T190812_062446_07D2D3_0484,2,1,ESA_WorldCover_10m_2021_v200_S36E153_Map.tif
S1A_IW_GRDH_1SDV_20251224T225601_20251224T225626_062463_07D36D_6B4E,4,4,
S1A_IW_GRDH_1SDV_20251226T055832_20251226T055857_062482_07D430_A244,4,4,
S1A_IW_GRDH_1SDV_20251227T142459_20251227T142524_062502_07D505_24C1,2,2,
S1A_IW_GRDH_1SDV_20251228T001834_20251228T001859_062508_07D539_9CD9,4,4,
S1A_IW_GRDH_1SDV_20251228T015811_20251228T015840_062509_07D540_555E,4,3,ESA_WorldCover_10m_2021_v200_N30W123_Map.tif
S1A_IW_GRDH_1SDV_20251228T054123_20251228T054148_062511_07D550_B09A,4,4,
S1A_IW_GRDH_1SDV_20251228T122307_20251228T122337_062515_07D578_08B8,4,4,
S1A_IW_GRDH_1SDV_20251228T162958_20251228T163023_062517_07D595_58B2,2,1,ESA_WorldCover_10m_2021_v200_S30E033_Map.tif
S1A_IW_GRDH_1SDV_20251228T191531_20251228T191556_062519_07D5A7_5887,4,4,
S1A_IW_GRDH_1SDV_20251229T062223_20251229T062248_062526_07D5E4_5AA1,6,5,ESA_WorldCover_10m_2021_v200_N54E000_Map.tif
S1A_IW_GRDH_1SDV_20251230T035229_20251230T035254_062539_07D665_2BBB,2,2,
S1A_IW_GRDH_1SDV_20251230T095431_20251230T095456_062543_07D685_F009,4,3,ESA_WorldCover_10m_2021_v200_N27E123_Map.tif
S1A_IW_GRDH_1SDV_20251230T095456_20251230T095521_062543_07D685_E32F,4,3,ESA_WorldCover_10m_2021_v200_N27E123_Map.tif
S1A_IW_GRDH_1SDV_20251230T095611_20251230T095636_062543_07D685_8E60,4,4,
S1A_IW_GRDH_1SDV_20251231T224803_20251231T224828_062565_07D762_CEEB,2,2,
S1A_IW_GRDH_1SDV_20260104T113402_20260104T113427_062617_07D969_8415,4,4,
S1A_IW_GRDH_1SDV_20260224T055828_20260224T055853_063357_07F51A_CAA5,4,4,
S1C_IW_GRDH_1SDV_20250414T015728_20250414T015809_001883_0039AF_C154,4,4,
S1C_IW_GRDH_1SDV_20250417T110506_20250417T110539_001932_003CAF_68DD,4,4,
S1C_IW_GRDH_1SDV_20250418T225012_20250418T225046_001954_003DFC_EE72,4,4,
S1C_IW_GRDH_1SDV_20250424T105659_20250424T105732_002034_0042A7_73B8,4,3,ESA_WorldCover_10m_2021_v200_N36W072_Map.tif
S1C_IW_GRDH_1SDV_20250426T122203_20250426T122238_002064_004470_2E6E,4,4,
S1C_IW_GRDH_1SDV_20250427T213046_20250427T213115_002084_0045AE_919E,4,4,
S1C_IW_GRDH_1SDV_20250429T110506_20250429T110531_002107_00471D_6096,2,2,
S1C_IW_GRDH_1SDV_20250502T213904_20250502T213934_002157_004949_F70B,4,4,
S1C_IW_GRDH_1SDV_20250508T015716_20250508T015745_002233_004BE0_DA3F,4,3,ESA_WorldCover_10m_2021_v200_N30W123_Map.tif
S1C_IW_GRDH_1SDV_20250508T054020_20250508T054045_002235_004BF1_0CB7,4,4,
S1C_IW_GRDH_1SDV_20250509T213046_20250509T213116_002259_004CBB_A647,4,4,
S1C_IW_GRDH_1SDV_20250523T233308_20250523T233333_002464_005265_2288,4,3,ESA_WorldCover_10m_2021_v200_S15W081_Map.tif
S1C_IW_GRDH_1SDV_20250526T083012_20250526T083037_002499_00535A_A7A9,4,3,ESA_WorldCover_10m_2021_v200_S27W045_Map.tif
S1C_IW_GRDH_1SDV_20250602T213049_20250602T213118_002609_005689_1434,4,4,
S1C_IW_GRDH_1SDV_20250604T030343_20250604T030408_002627_00570A_0813,2,2,
S1C_IW_GRDH_1SDV_20250607T083013_20250607T083038_002674_005863_339E,4,3,ESA_WorldCover_10m_2021_v200_S27W045_Map.tif
S1C_IW_GRDH_1SDV_20250611T055738_20250611T055803_002731_005A0C_2C37,4,4,
S1C_IW_GRDH_1SDV_20250613T015719_20250613T015748_002758_005AD6_26B5,4,3,ESA_WorldCover_10m_2021_v200_N30W123_Map.tif
S1C_IW_GRDH_1SDV_20250614T213050_20250614T213119_002784_005B97_D06D,4,4,
S1C_IW_GRDH_1SDV_20250616T233310_20250616T233335_002814_005C72_163D,4,3,ESA_WorldCover_10m_2021_v200_S15W081_Map.tif
S1C_IW_GRDH_1SDV_20250619T083013_20250619T083038_002849_005D71_762B,4,3,ESA_WorldCover_10m_2021_v200_S27W045_Map.tif
S1C_IW_GRDH_1SDV_20250620T135131_20250620T135156_002867_005DFA_32FD,2,2,
S1C_IW_GRDH_1SDV_20250623T055738_20250623T055803_002906_005F16_6E06,4,4,
S1C_IW_GRDH_1SDV_20250625T015720_20250625T015749_002933_005FDE_EE03,4,3,ESA_WorldCover_10m_2021_v200_N30W123_Map.tif
S1C_IW_GRDH_1SDV_20250626T062630_20250626T062655_002950_006065_E252,4,4,
S1C_IW_GRDH_1SDV_20250626T213050_20250626T213120_002959_0060A7_AC5E,4,4,
S1C_IW_GRDH_1SDV_20250627T103841_20250627T103906_002967_0060DB_2D77,4,4,
S1C_IW_GRDH_1SDV_20250628T233310_20250628T233335_002989_00617B_4894,4,3,ESA_WorldCover_10m_2021_v200_S15W081_Map.tif
S1C_IW_GRDH_1SDV_20250705T055739_20250705T055804_003081_00641D_2DF0,4,4,
S1C_IW_GRDH_1SDV_20250708T154757_20250708T154822_003131_006597_9D79,2,2,
S1C_IW_GRDH_1SDV_20250713T083015_20250713T083040_003199_006788_CF0A,4,3,ESA_WorldCover_10m_2021_v200_S27W045_Map.tif
S1C_IW_GRDH_1SDV_20250713T213910_20250713T213939_003207_0067C8_8C5C,4,4,
S1C_IW_GRDH_1SDV_20250719T015721_20250719T015750_003283_0069FB_AFE2,4,3,ESA_WorldCover_10m_2021_v200_N30W123_Map.tif
S1C_IW_GRDH_1SDV_20250720T173209_20250720T173234_003307_006AB5_D3FE,4,4,
S1C_IW_GRDH_1SDV_20250722T233312_20250722T233337_003339_006BA0_39DC,4,3,ESA_WorldCover_10m_2021_v200_S15W081_Map.tif
S1C_IW_GRDH_1SDV_20250725T083016_20250725T083041_003374_006C9F_DCD2,4,3,ESA_WorldCover_10m_2021_v200_S27W045_Map.tif
S1C_IW_GRDH_1SDV_20250725T213910_20250725T213940_003382_006CE0_B415,4,4,
S1C_IW_GRDH_1SDV_20250731T015722_20250731T015751_003458_006F1C_8462,4,3,ESA_WorldCover_10m_2021_v200_N30W123_Map.tif
S1C_IW_GRDH_1SDV_20250802T103843_20250802T103908_003492_00701B_89A1,4,4,
S1C_IW_GRDH_1SDV_20250803T233313_20250803T233338_003514_0070C0_6937,4,3,ESA_WorldCover_10m_2021_v200_S15W081_Map.tif
S1C_IW_GRDH_1SDV_20250806T083016_20250806T083041_003549_0071C1_63F3,4,3,ESA_WorldCover_10m_2021_v200_S27W045_Map.tif
S1C_IW_GRDH_1SDV_20250806T141547_20250806T141611_003553_0071DA_A70C,2,2,
S1C_IW_GRDH_1SDV_20250810T055741_20250810T055806_003606_007385_F130,4,4,
S1C_IW_GRDH_1SDV_20250812T015723_20250812T015752_003633_007456_BBF2,4,3,ESA_WorldCover_10m_2021_v200_N30W123_Map.tif
S1C_IW_GRDH_1SDV_20250813T062133_20250813T062158_003650_0074D4_BCC0,6,5,ESA_WorldCover_10m_2021_v200_N54E000_Map.tif
S1C_IW_GRDH_1SDV_20250813T213053_20250813T213122_003659_00751A_DBC8,4,4,
S1C_IW_GRDH_1SDV_20250814T021436_20250814T021501_003662_00752F_F0F2,2,2,
S1C_IW_GRDH_1SDV_20250819T181725_20250819T181750_003745_0077B1_E4B5,4,4,
S1C_IW_GRDH_1SDV_20250822T055742_20250822T055806_003781_0078C6_2C32,4,4,
S1C_IW_GRDH_1SDV_20250824T015723_20250824T015752_003808_007990_033C,4,3,ESA_WorldCover_10m_2021_v200_N30W123_Map.tif
S1C_IW_GRDH_1SDV_20250824T054027_20250824T054052_003810_0079A1_4DF0,4,4,
S1C_IW_GRDH_1SDV_20250825T062633_20250825T062658_003825_007A14_877A,4,4,
S1C_IW_GRDH_1SDV_20250827T031049_20250827T031117_003852_007AE0_DED2,4,2,ESA_WorldCover_10m_2021_v200_S30E033_Map.tif;ESA_WorldCover_10m_2021_v200_S33E033_Map.tif
S1C_IW_GRDH_1SDV_20250827T233314_20250827T233339_003864_007B3B_3B7B,4,3,ESA_WorldCover_10m_2021_v200_S15W081_Map.tif
S1C_IW_GRDH_1SDV_20250830T141547_20250830T141612_003903_007C5C_B1B6,2,2,
S1C_IW_GRDH_1SDV_20250831T104629_20250831T104705_003915_007CC7_4993,4,3,ESA_WorldCover_10m_2021_v200_S15W081_Map.tif
S1C_IW_GRDH_1SDV_20250903T055742_20250903T055807_003956_007E04_B34B,4,4,
S1C_IW_GRDH_1SDV_20250905T054027_20250905T054052_003985_007ED9_EA5D,4,4,
S1C_IW_GRDH_1SDV_20250906T154800_20250906T154825_004006_007F76_6E9F,2,2,
S1C_IW_GRDH_1SDV_20250906T173211_20250906T173236_004007_007F7E_D39D,4,4,
S1C_IW_GRDH_1SDV_20250907T021437_20250907T021502_004012_007FA7_3BB1,2,2,
S1C_IW_GRDH_1SDV_20250908T031050_20250908T031117_004027_008023_0143,4,2,ESA_WorldCover_10m_2021_v200_S30E033_Map.tif;ESA_WorldCover_10m_2021_v200_S33E033_Map.tif
S1C_IW_GRDH_1SDV_20250911T083018_20250911T083043_004074_008191_792A,4,3,ESA_WorldCover_10m_2021_v200_S27W045_Map.tif
S1C_IW_GRDH_1SDV_20250911T213912_20250911T213942_004082_0081D5_5311,4,4,
S1C_IW_GRDH_1SDV_20250912T014931_20250912T014956_004085_0081E7_E98D,2,2,
S1C_IW_GRDH_1SDV_20250915T055742_20250915T055807_004131_008359_AA20,4,4,
S1C_IW_GRDH_1SDV_20250917T054028_20250917T054053_004160_00842D_7E1A,4,4,
S1C_IW_GRDH_1SDV_20250918T062634_20250918T062659_004175_0084A2_8584,4,4,
S1C_IW_GRDH_1SDV_20250919T021438_20250919T021503_004187_008500_894D,2,2,
S1C_IW_GRDH_1SDV_20250920T030348_20250920T030413_004202_008573_E1A5,2,2,
S1C_IW_GRDH_1SDV_20250920T031050_20250920T031118_004202_008574_3319,4,2,ESA_WorldCover_10m_2021_v200_S30E033_Map.tif;ESA_WorldCover_10m_2021_v200_S33E033_Map.tif
S1C_IW_GRDH_1SDV_20250923T083018_20250923T083043_004249_0086DF_07F5,4,3,ESA_WorldCover_10m_2021_v200_S27W045_Map.tif
S1C_IW_GRDH_1SDV_20250923T155610_20250923T155635_004254_008700_4043,2,2,
S1C_IW_GRDH_1SDV_20250923T213913_20250923T213942_004257_008723_A4F1,4,4,
S1C_IW_GRDH_1SDV_20250927T055742_20250927T055807_004306_0088A6_843A,4,4,
S1C_IW_GRDH_1SDV_20250929T054028_20250929T054053_004335_008987_A32B,4,4,
S1C_IW_GRDH_1SDV_20251002T031050_20251002T031117_004377_008ACD_BFF1,4,2,ESA_WorldCover_10m_2021_v200_S30E033_Map.tif;ESA_WorldCover_10m_2021_v200_S33E033_Map.tif
S1C_IW_GRDH_1SDV_20251005T083018_20251005T083043_004424_008C38_8E9B,4,3,ESA_WorldCover_10m_2021_v200_S27W045_Map.tif
S1C_IW_GRDH_1SDV_20251008T020629_20251008T020703_004464_008D71_3B04,4,4,
S1C_IW_GRDH_1SDV_20251011T054028_20251011T054053_004510_008ED9_EBA7,4,4,
S1C_IW_GRDH_1SDV_20251013T021438_20251013T021503_004537_008FA6_7629,2,2,
S1C_IW_GRDH_1SDV_20251014T031050_20251014T031118_004552_00901B_986B,4,2,ESA_WorldCover_10m_2021_v200_S30E033_Map.tif;ESA_WorldCover_10m_2021_v200_S33E033_Map.tif
S1C_IW_GRDH_1SDV_20251017T083018_20251017T083043_004599_009184_9E4E,4,3,ESA_WorldCover_10m_2021_v200_S27W045_Map.tif
S1C_IW_GRDH_1SDV_20251021T055743_20251021T055808_004656_009348_95FD,4,4,
S1C_IW_GRDH_1SDV_20251023T015724_20251023T015753_004683_009410_52E7,4,3,ESA_WorldCover_10m_2021_v200_N30W123_Map.tif
S1C_IW_GRDH_1SDV_20251023T054028_20251023T054053_004685_009421_38F8,4,4,
S1C_IW_GRDH_1SDV_20251023T182541_20251023T182606_004693_009462_1B98,4,4,
S1C_IW_GRDH_1SDV_20251024T213054_20251024T213124_004709_0094E0_DB1C,4,4,
S1C_IW_GRDH_1SDV_20251025T021438_20251025T021503_004712_0094F6_EC36,2,2,
S1C_IW_GRDH_1SDV_20251025T215643_20251025T215708_004724_00954D_12A7,4,4,
S1C_IW_GRDH_1SDV_20251026T030348_20251026T030413_004727_009566_6FE4,2,2,
S1C_IW_GRDH_1SDV_20251026T031050_20251026T031118_004727_009567_65D5,4,2,ESA_WorldCover_10m_2021_v200_S30E033_Map.tif;ESA_WorldCover_10m_2021_v200_S33E033_Map.tif
S1C_IW_GRDH_1SDV_20251029T083018_20251029T083043_004774_0096D1_005A,4,3,ESA_WorldCover_10m_2021_v200_S27W045_Map.tif
S1C_IW_GRDH_1SDV_20251029T141548_20251029T141613_004778_0096EB_5065,2,2,
S1C_IW_GRDH_1SDV_20251029T155610_20251029T155635_004779_0096F2_6F70,2,2,
S1C_IW_GRDH_1SDV_20251101T020629_20251101T020702_004814_00982C_8A43,4,4,
S1C_IW_GRDH_1SDV_20251104T054028_20251104T054053_004860_0099AE_A2F9,4,4,
S1C_IW_GRDH_1SDV_20251105T213054_20251105T213124_004884_009A7D_8FDC,4,4,
S1C_IW_GRDH_1SDV_20251106T021437_20251106T021502_004887_009A94_6EF3,2,2,
S1C_IW_GRDH_1SDV_20251107T030348_20251107T030413_004902_009B16_327F,2,2,
S1C_IW_GRDH_1SDV_20251107T031050_20251107T031117_004902_009B17_8899,4,2,ESA_WorldCover_10m_2021_v200_S30E033_Map.tif;ESA_WorldCover_10m_2021_v200_S33E033_Map.tif
S1C_IW_GRDH_1SDV_20251110T083017_20251110T083042_004949_009CA9_3A13,4,3,ESA_WorldCover_10m_2021_v200_S27W045_Map.tif
S1C_IW_GRDH_1SDV_20251111T135135_20251111T135200_004967_009D3F_A24B,2,2,
S1C_IW_GRDH_1SDV_20251113T020628_20251113T020702_004989_009DF1_33D5,4,4,
S1C_IW_GRDH_1SDV_20251114T055742_20251114T055807_005006_009E8D_5632,4,4,
S1C_IW_GRDH_1SDV_20251115T142349_20251115T142418_005026_009F37_985E,4,4,
S1C_IW_GRDH_1SDV_20251116T015723_20251116T015753_005033_009F74_CD41,4,3,ESA_WorldCover_10m_2021_v200_N30W123_Map.tif
S1C_IW_GRDH_1SDV_20251116T054027_20251116T054052_005035_009F87_5F14,4,4,
S1C_IW_GRDH_1SDV_20251117T173211_20251117T173236_005057_00A047_CB70,4,4,
S1C_IW_GRDH_1SDV_20251117T213054_20251117T213123_005059_00A05C_1C3A,4,4,
S1C_IW_GRDH_1SDV_20251119T030348_20251119T030413_005077_00A0F3_2E43,2,2,
S1C_IW_GRDH_1SDV_20251119T031050_20251119T031117_005077_00A0F4_F122,4,2,ESA_WorldCover_10m_2021_v200_S30E033_Map.tif;ESA_WorldCover_10m_2021_v200_S33E033_Map.tif
S1C_IW_GRDH_1SDV_20251122T083017_20251122T083042_005124_00A28C_F01F,4,3,ESA_WorldCover_10m_2021_v200_S27W045_Map.tif
S1C_IW_GRDH_1SDV_20251122T141547_20251122T141612_005128_00A2A6_BC13,2,2,
S1C_IW_GRDH_1SDV_20251128T015723_20251128T015752_005208_00A555_BD65,4,3,ESA_WorldCover_10m_2021_v200_N30W123_Map.tif
S1C_IW_GRDH_1SDV_20251128T054027_20251128T054052_005210_00A568_4CE6,4,4,
S1C_IW_GRDH_1SDV_20251129T213053_20251129T213123_005234_00A63B_63CD,4,4,
S1C_IW_GRDH_1SDV_20251130T021436_20251130T021501_005237_00A653_4A11,2,2,
S1C_IW_GRDH_1SDV_20251201T030347_20251201T030412_005252_00A6CF_3A0E,2,2,
S1C_IW_GRDH_1SDV_20251201T031049_20251201T031116_005252_00A6D0_1472,4,2,ESA_WorldCover_10m_2021_v200_S30E033_Map.tif;ESA_WorldCover_10m_2021_v200_S33E033_Map.tif
S1C_IW_GRDH_1SDV_20251204T083017_20251204T083042_005299_00A86E_347C,4,3,ESA_WorldCover_10m_2021_v200_S27W045_Map.tif
S1C_IW_GRDH_1SDV_20251205T113311_20251205T113336_005316_00A908_FFD9,4,4,
S1C_IW_GRDH_1SDV_20251205T135134_20251205T135159_005317_00A912_754A,2,2,
S1C_IW_GRDH_1SDV_20251208T055741_20251208T055806_005356_00AA67_8EAA,4,4,
S1C_IW_GRDH_1SDV_20251210T054026_20251210T054051_005385_00AB6C_2021,4,4,
S1C_IW_GRDH_1SDV_20251211T062632_20251211T062657_005400_00ABED_626C,4,4,
S1C_IW_GRDH_1SDV_20251211T213053_20251211T213122_005409_00AC3F_40F8,4,4,
S1C_IW_GRDH_1SDV_20251213T031048_20251213T031116_005427_00ACD5_6932,4,2,ESA_WorldCover_10m_2021_v200_S30E033_Map.tif;ESA_WorldCover_10m_2021_v200_S33E033_Map.tif
S1C_IW_GRDH_1SDV_20251213T233313_20251213T233338_005439_00AD3E_36D0,4,3,ESA_WorldCover_10m_2021_v200_S15W081_Map.tif
S1C_IW_GRDH_1SDV_20251216T083016_20251216T083041_005474_00AE73_758D,4,3,ESA_WorldCover_10m_2021_v200_S27W045_Map.tif
S1C_IW_GRDH_1SDV_20251216T213911_20251216T213940_005482_00AEBE_7CC7,4,4,
S1C_IW_GRDH_1SDV_20251217T113300_20251217T113325_005491_00AF03_EF9A,4,4,
S1C_IW_GRDH_1SDV_20251221T142348_20251221T142417_005551_00B113_F32B,4,4,
S1C_IW_GRDH_1SDV_20251222T054026_20251222T054051_005560_00B165_BF35,4,4,
S1C_IW_GRDH_1SDV_20251222T182538_20251222T182603_005568_00B1B3_D81F,4,4,
S1C_IW_GRDH_1SDV_20251223T062632_20251223T062657_005575_00B1E9_A701,4,4,
S1C_IW_GRDH_1SDV_20251223T154758_20251223T154823_005581_00B21E_A39E,2,2,
S1C_IW_GRDH_1SDV_20251223T213052_20251223T213121_005584_00B23E_FFF7,4,4,
S1C_IW_GRDH_1SDV_20251225T031048_20251225T031115_005602_00B2DC_9B50,4,2,ESA_WorldCover_10m_2021_v200_S30E033_Map.tif;ESA_WorldCover_10m_2021_v200_S33E033_Map.tif
S1C_IW_GRDH_1SDV_20251228T083015_20251228T083040_005649_00B479_86EE,4,3,ESA_WorldCover_10m_2021_v200_S27W045_Map.tif
S1C_IW_GRDH_1SDV_20251228T141546_20251228T141611_005653_00B496_D7BC,2,2,
S1C_IW_GRDH_1SDV_20251228T213910_20251228T213939_005657_00B4C4_7F75,4,4,
S1C_IW_GRDH_1SDV_20251229T135132_20251229T135157_005667_00B519_5EC6,2,2,
