fold,pseudo_target,intervention,seed,changed,delta_BA
Rotterdam,Qingdao,permute_D0,20260920,15918,-0.016042624862343757
Rotterdam,Qingdao,permute_D0,20260921,15811,-0.00955049638260208
Rotterdam,Qingdao,permute_D0,20260922,15783,-0.014649867202176536
Rotterdam,Qingdao,permute_D0,20260923,15828,-0.010555807475545798
Rotterdam,Qingdao,permute_D0,20260924,15726,-0.006183196216881515
Rotterdam,Qingdao,permute_D0,20260925,15924,-0.017877891601880413
Rotterdam,Qingdao,permute_D0,20260926,15762,-0.013226728811182697
Rotterdam,Qingdao,permute_D0,20260927,15871,-0.015903349096326957
Rotterdam,Qingdao,permute_D0,20260928,15840,-0.018713546197980657
Rotterdam,Qingdao,permute_D0,20260929,15899,-0.00941122061658528
Rotterdam,Qingdao,permute_D0,20260930,15812,-0.010973634773595864
Rotterdam,Qingdao,permute_D0,20260931,15864,-0.018713546197980657
Rotterdam,Qingdao,permute_D0,20260932,15743,-0.012530349981099143
Rotterdam,Qingdao,permute_D0,20260933,15790,-0.011252186305629297
Rotterdam,Qingdao,permute_D0,20260934,15771,-0.010277255943512364
Rotterdam,Qingdao,permute_D0,20260935,15827,-0.013226728811182697
Rotterdam,Qingdao,permute_D0,20260936,15822,-0.01350528034321613
Rotterdam,Qingdao,permute_D0,20260937,15856,-0.010416531709529053
Rotterdam,Qingdao,permute_D0,20260938,15859,-0.013226728811182697
Rotterdam,Qingdao,permute_D0,20260939,15833,-0.013923107641266308
Rotterdam,Qingdao,permute_D1,20260920,0,0.0
Rotterdam,Qingdao,permute_D1,20260921,0,0.0
Rotterdam,Qingdao,permute_D1,20260922,0,0.0
Rotterdam,Qingdao,permute_D1,20260923,0,0.0
Rotterdam,Qingdao,permute_D1,20260924,0,0.0
Rotterdam,Qingdao,permute_D1,20260925,0,0.0
Rotterdam,Qingdao,permute_D1,20260926,0,0.0
Rotterdam,Qingdao,permute_D1,20260927,0,0.0
Rotterdam,Qingdao,permute_D1,20260928,0,0.0
Rotterdam,Qingdao,permute_D1,20260929,0,0.0
Rotterdam,Qingdao,permute_D1,20260930,0,0.0
Rotterdam,Qingdao,permute_D1,20260931,0,0.0
Rotterdam,Qingdao,permute_D1,20260932,0,0.0
Rotterdam,Qingdao,permute_D1,20260933,0,0.0
Rotterdam,Qingdao,permute_D1,20260934,0,0.0
Rotterdam,Qingdao,permute_D1,20260935,0,0.0
Rotterdam,Qingdao,permute_D1,20260936,0,0.0
Rotterdam,Qingdao,permute_D1,20260937,0,0.0
Rotterdam,Qingdao,permute_D1,20260938,0,0.0
Rotterdam,Qingdao,permute_D1,20260939,0,0.0
Rotterdam,Qingdao,permute_D2,20260920,319,-0.0001392757660167443
Rotterdam,Qingdao,permute_D2,20260921,320,0.0
Rotterdam,Qingdao,permute_D2,20260922,319,0.0
Rotterdam,Qingdao,permute_D2,20260923,317,0.0
Rotterdam,Qingdao,permute_D2,20260924,319,-0.0001392757660167443
Rotterdam,Qingdao,permute_D2,20260925,319,-0.00027855153203337757
Rotterdam,Qingdao,permute_D2,20260926,318,0.0
Rotterdam,Qingdao,permute_D2,20260927,319,-0.00027855153203337757
Rotterdam,Qingdao,permute_D2,20260928,318,-0.0049297143227310936
Rotterdam,Qingdao,permute_D2,20260929,319,0.01333333333333342
Rotterdam,Qingdao,permute_D2,20260930,317,-0.0001392757660167443
Rotterdam,Qingdao,permute_D2,20260931,320,-0.0001392757660167443
Rotterdam,Qingdao,permute_D2,20260932,316,0.0
Rotterdam,Qingdao,permute_D2,20260933,318,0.0
Rotterdam,Qingdao,permute_D2,20260934,320,-0.005063291139240533
Rotterdam,Qingdao,permute_D2,20260935,319,0.0
Rotterdam,Qingdao,permute_D2,20260936,318,-0.0001392757660167443
Rotterdam,Qingdao,permute_D2,20260937,318,0.0
Rotterdam,Qingdao,permute_D2,20260938,318,-0.0001392757660167443
Rotterdam,Qingdao,permute_D2,20260939,320,0.0
Rotterdam,Qingdao,permute_D3,20260920,19029,0.0025316455696202667
Rotterdam,Qingdao,permute_D3,20260921,19133,0.0037581551694118587
Rotterdam,Qingdao,permute_D3,20260922,18969,0.008682170542635703
Rotterdam,Qingdao,permute_D3,20260923,19026,-0.016143530434987063
Rotterdam,Qingdao,permute_D3,20260924,19077,-0.004511887024680916
Rotterdam,Qingdao,permute_D3,20260925,18980,-0.005341842671273911
Rotterdam,Qingdao,permute_D3,20260926,19093,-0.002392369803603467
Rotterdam,Qingdao,permute_D3,20260927,19008,-0.005068990088747838
Rotterdam,Qingdao,permute_D3,20260928,19019,-0.004372611258664227
Rotterdam,Qingdao,permute_D3,20260929,19149,0.010244584699646175
Rotterdam,Qingdao,permute_D3,20260930,19000,0.010801687763713153
Rotterdam,Qingdao,permute_D3,20260931,19025,0.005871973440981948
Rotterdam,Qingdao,permute_D3,20260932,19017,-0.0049297143227310936
Rotterdam,Qingdao,permute_D3,20260933,19085,0.006289800739032125
Rotterdam,Qingdao,permute_D3,20260934,19078,-0.015313574788394013
Rotterdam,Qingdao,permute_D3,20260935,19085,-0.00746135989235136
Rotterdam,Qingdao,permute_D3,20260936,19047,-0.0025316455696202667
Rotterdam,Qingdao,permute_D3,20260937,19091,-0.009714453929938194
Rotterdam,Qingdao,permute_D3,20260938,19063,-0.00027855153203337757
Rotterdam,Qingdao,permute_D3,20260939,19112,-0.0025316455696202667
Rotterdam,Qingdao,permute_joint,20260920,22483,-0.009026064562401348
Rotterdam,Qingdao,permute_joint,20260921,22569,-0.009998704411478931
Rotterdam,Qingdao,permute_joint,20260922,22503,0.00024588028816729945
Rotterdam,Qingdao,permute_joint,20260923,22502,-0.013650255058740124
Rotterdam,Qingdao,permute_joint,20260924,22470,-0.01280890151313252
Rotterdam,Qingdao,permute_joint,20260925,22543,-0.02040953717150068
Rotterdam,Qingdao,permute_joint,20260926,22642,-0.008581264969992342
Rotterdam,Qingdao,permute_joint,20260927,22516,-0.031350500701230466
Rotterdam,Qingdao,permute_joint,20260928,22533,-0.016763685473746737
Rotterdam,Qingdao,permute_joint,20260929,22630,-0.019822053376607085
Rotterdam,Qingdao,permute_joint,20260930,22528,-0.020270261405483936
Rotterdam,Qingdao,permute_joint,20260931,22580,-0.00017194700988287792
Rotterdam,Qingdao,permute_joint,20260932,22585,-0.016321176394377135
Rotterdam,Qingdao,permute_joint,20260933,22588,-0.018574270431963913
Rotterdam,Qingdao,permute_joint,20260934,22535,-0.005519488630664038
Rotterdam,Qingdao,permute_joint,20260935,22543,-0.013366004577199386
Rotterdam,Qingdao,permute_joint,20260936,22605,-0.007633306902234127
Rotterdam,Qingdao,permute_joint,20260937,22505,-0.014062383407282997
Rotterdam,Qingdao,permute_joint,20260938,22608,0.008433999741428999
Rotterdam,Qingdao,permute_joint,20260939,22624,-0.01281460046263988
Shanghai,Qingdao,permute_D0,20260920,15834,0.0027855153203342198
Shanghai,Qingdao,permute_D0,20260921,15809,0.0031337047353758862
Shanghai,Qingdao,permute_D0,20260922,15862,0.0024373259052923313
Shanghai,Qingdao,permute_D0,20260923,15819,0.002089136490250665
Shanghai,Qingdao,permute_D0,20260924,15881,0.0034818941504177747
Shanghai,Qingdao,permute_D0,20260925,15788,0.0017409470752087763
Shanghai,Qingdao,permute_D0,20260926,15858,0.0024373259052923313
Shanghai,Qingdao,permute_D0,20260927,15798,0.00417827298050133
Shanghai,Qingdao,permute_D0,20260928,15828,0.0010445682451252214
Shanghai,Qingdao,permute_D0,20260929,15839,0.004526462395543107
Shanghai,Qingdao,permute_D0,20260930,15911,0.00417827298050133
Shanghai,Qingdao,permute_D0,20260931,15838,0.002089136490250665
Shanghai,Qingdao,permute_D0,20260932,15795,0.004874651810584885
Shanghai,Qingdao,permute_D0,20260933,15790,0.004874651810584885
Shanghai,Qingdao,permute_D0,20260934,15826,0.0013927576601671099
Shanghai,Qingdao,permute_D0,20260935,15866,0.0017409470752087763
Shanghai,Qingdao,permute_D0,20260936,15786,0.003830083565459552
Shanghai,Qingdao,permute_D0,20260937,15781,0.0013927576601671099
Shanghai,Qingdao,permute_D0,20260938,15847,0.0031337047353758862
Shanghai,Qingdao,permute_D0,20260939,15858,0.0
Shanghai,Qingdao,permute_D1,20260920,0,0.0
Shanghai,Qingdao,permute_D1,20260921,0,0.0
Shanghai,Qingdao,permute_D1,20260922,0,0.0
Shanghai,Qingdao,permute_D1,20260923,0,0.0
Shanghai,Qingdao,permute_D1,20260924,0,0.0
Shanghai,Qingdao,permute_D1,20260925,0,0.0
Shanghai,Qingdao,permute_D1,20260926,0,0.0
Shanghai,Qingdao,permute_D1,20260927,0,0.0
Shanghai,Qingdao,permute_D1,20260928,0,0.0
Shanghai,Qingdao,permute_D1,20260929,0,0.0
Shanghai,Qingdao,permute_D1,20260930,0,0.0
Shanghai,Qingdao,permute_D1,20260931,0,0.0
Shanghai,Qingdao,permute_D1,20260932,0,0.0
Shanghai,Qingdao,permute_D1,20260933,0,0.0
Shanghai,Qingdao,permute_D1,20260934,0,0.0
Shanghai,Qingdao,permute_D1,20260935,0,0.0
Shanghai,Qingdao,permute_D1,20260936,0,0.0
Shanghai,Qingdao,permute_D1,20260937,0,0.0
Shanghai,Qingdao,permute_D1,20260938,0,0.0
Shanghai,Qingdao,permute_D1,20260939,0,0.0
Shanghai,Qingdao,permute_D3,20260920,19069,-0.000696378830083666
Shanghai,Qingdao,permute_D3,20260921,19115,0.0
Shanghai,Qingdao,permute_D3,20260922,19041,-0.000696378830083666
Shanghai,Qingdao,permute_D3,20260923,19016,0.03263695450324966
Shanghai,Qingdao,permute_D3,20260924,19097,-0.0003481894150418885
Shanghai,Qingdao,permute_D3,20260925,19002,-0.004526462395543218
Shanghai,Qingdao,permute_D3,20260926,18981,0.0336815227483751
Shanghai,Qingdao,permute_D3,20260927,19007,-0.002785515320334331
Shanghai,Qingdao,permute_D3,20260928,19031,0.0017409470752087763
Shanghai,Qingdao,permute_D3,20260929,18943,-0.001392757660167221
Shanghai,Qingdao,permute_D3,20260930,19088,0.030547818012998995
Shanghai,Qingdao,permute_D3,20260931,19061,0.00034818941504166645
Shanghai,Qingdao,permute_D3,20260932,18975,0.03228876508820788
Shanghai,Qingdao,permute_D3,20260933,19049,0.0
Shanghai,Qingdao,permute_D3,20260934,19060,0.029503249767873663
Shanghai,Qingdao,permute_D3,20260935,19073,0.029155060352831885
Shanghai,Qingdao,permute_D3,20260936,19036,-0.0003481894150418885
Shanghai,Qingdao,permute_D3,20260937,19073,-0.000696378830083666
Shanghai,Qingdao,permute_D3,20260938,19097,0.00034818941504166645
Shanghai,Qingdao,permute_D3,20260939,19059,-0.002089136490250776
Shanghai,Qingdao,permute_joint,20260920,22530,0.007311977715877438
Shanghai,Qingdao,permute_joint,20260921,22548,0.0034818941504177747
Shanghai,Qingdao,permute_joint,20260922,22514,0.0006963788300835549
Shanghai,Qingdao,permute_joint,20260923,22547,0.004526462395543107
Shanghai,Qingdao,permute_joint,20260924,22536,0.03228876508820788
Shanghai,Qingdao,permute_joint,20260925,22560,0.03646703806870932
Shanghai,Qingdao,permute_joint,20260926,22565,0.0
Shanghai,Qingdao,permute_joint,20260927,22517,-0.0024373259052925533
Shanghai,Qingdao,permute_joint,20260928,22636,0.03228876508820788
Shanghai,Qingdao,permute_joint,20260929,22590,0.0368152274837511
Shanghai,Qingdao,permute_joint,20260930,22552,0.0027855153203342198
Shanghai,Qingdao,permute_joint,20260931,22563,-0.0017409470752089984
Shanghai,Qingdao,permute_joint,20260932,22550,0.03263695450324966
Shanghai,Qingdao,permute_joint,20260933,22566,-0.0017409470752089984
Shanghai,Qingdao,permute_joint,20260934,22533,0.002089136490250665
Shanghai,Qingdao,permute_joint,20260935,22489,-0.004178272980501552
Shanghai,Qingdao,permute_joint,20260936,22550,-0.0031337047353761083
Shanghai,Qingdao,permute_joint,20260937,22591,0.033333333333333215
Shanghai,Qingdao,permute_joint,20260938,22584,0.0024373259052923313
Shanghai,Qingdao,permute_joint,20260939,22559,-0.000696378830083666
Fujairah,Shanghai,permute_D0,20260920,10224,-0.0006499116228964597
Fujairah,Shanghai,permute_D0,20260921,10196,-0.006344581972420327
Fujairah,Shanghai,permute_D0,20260922,10249,-0.007615852615533714
Fujairah,Shanghai,permute_D0,20260923,10272,-0.010108808931704794
Fujairah,Shanghai,permute_D0,20260924,10204,-0.015462103108532577
Fujairah,Shanghai,permute_D0,20260925,10197,-0.006300874189398509
Fujairah,Shanghai,permute_D0,20260926,10236,-0.00904813186761283
Fujairah,Shanghai,permute_D0,20260927,10187,-0.012096765759008976
Fujairah,Shanghai,permute_D0,20260928,10253,-0.011006119089623012
Fujairah,Shanghai,permute_D0,20260929,10252,-0.00904813186761283
Fujairah,Shanghai,permute_D0,20260930,10199,-0.00571109071077186
Fujairah,Shanghai,permute_D0,20260931,10164,-0.007780312638010101
Fujairah,Shanghai,permute_D0,20260932,10244,-0.004509209336157893
Fujairah,Shanghai,permute_D0,20260933,10171,-0.01372844764327158
Fujairah,Shanghai,permute_D0,20260934,10230,-0.008839127355808996
Fujairah,Shanghai,permute_D0,20260935,10180,-0.009054197988328572
Fujairah,Shanghai,permute_D0,20260936,10191,-0.011776526541977195
Fujairah,Shanghai,permute_D0,20260937,10243,-0.01027672036769195
Fujairah,Shanghai,permute_D0,20260938,10149,-0.01130404388929429
Fujairah,Shanghai,permute_D0,20260939,10292,-0.003806328806009951
Fujairah,Shanghai,permute_D1,20260920,0,0.0
Fujairah,Shanghai,permute_D1,20260921,0,0.0
Fujairah,Shanghai,permute_D1,20260922,0,0.0
Fujairah,Shanghai,permute_D1,20260923,0,0.0
Fujairah,Shanghai,permute_D1,20260924,0,0.0
Fujairah,Shanghai,permute_D1,20260925,0,0.0
Fujairah,Shanghai,permute_D1,20260926,0,0.0
Fujairah,Shanghai,permute_D1,20260927,0,0.0
Fujairah,Shanghai,permute_D1,20260928,0,0.0
Fujairah,Shanghai,permute_D1,20260929,0,0.0
Fujairah,Shanghai,permute_D1,20260930,0,0.0
Fujairah,Shanghai,permute_D1,20260931,0,0.0
Fujairah,Shanghai,permute_D1,20260932,0,0.0
Fujairah,Shanghai,permute_D1,20260933,0,0.0
Fujairah,Shanghai,permute_D1,20260934,0,0.0
Fujairah,Shanghai,permute_D1,20260935,0,0.0
Fujairah,Shanghai,permute_D1,20260936,0,0.0
Fujairah,Shanghai,permute_D1,20260937,0,0.0
Fujairah,Shanghai,permute_D1,20260938,0,0.0
Fujairah,Shanghai,permute_D1,20260939,0,0.0
Fujairah,Shanghai,permute_D2,20260920,0,0.0
Fujairah,Shanghai,permute_D2,20260921,0,0.0
Fujairah,Shanghai,permute_D2,20260922,0,0.0
Fujairah,Shanghai,permute_D2,20260923,0,0.0
Fujairah,Shanghai,permute_D2,20260924,0,0.0
Fujairah,Shanghai,permute_D2,20260925,0,0.0
Fujairah,Shanghai,permute_D2,20260926,0,0.0
Fujairah,Shanghai,permute_D2,20260927,0,0.0
Fujairah,Shanghai,permute_D2,20260928,0,0.0
Fujairah,Shanghai,permute_D2,20260929,0,0.0
Fujairah,Shanghai,permute_D2,20260930,0,0.0
Fujairah,Shanghai,permute_D2,20260931,0,0.0
Fujairah,Shanghai,permute_D2,20260932,0,0.0
Fujairah,Shanghai,permute_D2,20260933,0,0.0
Fujairah,Shanghai,permute_D2,20260934,0,0.0
Fujairah,Shanghai,permute_D2,20260935,0,0.0
Fujairah,Shanghai,permute_D2,20260936,0,0.0
Fujairah,Shanghai,permute_D2,20260937,0,0.0
Fujairah,Shanghai,permute_D2,20260938,0,0.0
Fujairah,Shanghai,permute_D2,20260939,0,0.0
Fujairah,Shanghai,permute_D3,20260920,22695,-0.0040459878077045985
Fujairah,Shanghai,permute_D3,20260921,22666,-0.002088000585694416
Fujairah,Shanghai,permute_D3,20260922,22632,0.0018234968048277955
Fujairah,Shanghai,permute_D3,20260923,22708,0.0017840096653073956
Fujairah,Shanghai,permute_D3,20260924,22773,-0.0022498459009656635
Fujairah,Shanghai,permute_D3,20260925,22642,-0.00307928838128696
Fujairah,Shanghai,permute_D3,20260926,22690,-0.0017995933202495928
Fujairah,Shanghai,permute_D3,20260927,22611,-0.0022651731459110702
Fujairah,Shanghai,permute_D3,20260928,22739,-0.002724943260853596
Fujairah,Shanghai,permute_D3,20260929,22657,-0.00663037453066001
Fujairah,Shanghai,permute_D3,20260930,22686,0.001544350663612748
Fujairah,Shanghai,permute_D3,20260931,22676,0.00488745794116946
Fujairah,Shanghai,permute_D3,20260932,22629,0.0017122620995998483
Fujairah,Shanghai,permute_D3,20260933,22670,-0.007674887643500994
Fujairah,Shanghai,permute_D3,20260934,22618,-0.003749652075250909
Fujairah,Shanghai,permute_D3,20260935,22814,-0.0008167299425810293
Fujairah,Shanghai,permute_D3,20260936,22774,-0.00207848305146785
Fujairah,Shanghai,permute_D3,20260937,22754,0.004431139239737647
Fujairah,Shanghai,permute_D3,20260938,22716,-0.004151156392216804
Fujairah,Shanghai,permute_D3,20260939,22753,-0.004515019046876734
Fujairah,Shanghai,permute_joint,20260920,23835,-0.016285479468138186
Fujairah,Shanghai,permute_joint,20260921,23852,-0.020436892270351892
Fujairah,Shanghai,permute_joint,20260922,23830,-0.018590139753569712
Fujairah,Shanghai,permute_joint,20260923,23899,-0.0031968456172277726
Fujairah,Shanghai,permute_joint,20260924,23797,-0.015654602913694693
Fujairah,Shanghai,permute_joint,20260925,23771,-0.022813300121491076
Fujairah,Shanghai,permute_joint,20260926,23848,-0.004905656303316741
Fujairah,Shanghai,permute_joint,20260927,23720,0.0032624224739314367
Fujairah,Shanghai,permute_joint,20260928,23799,-0.008907936327999633
Fujairah,Shanghai,permute_joint,20260929,23800,-0.007757998220649542
Fujairah,Shanghai,permute_joint,20260930,23753,-0.0005926545958286344
Fujairah,Shanghai,permute_joint,20260931,23824,-0.012419535337852228
Fujairah,Shanghai,permute_joint,20260932,23805,-0.004816651670055572
Fujairah,Shanghai,permute_joint,20260933,23891,-0.014224938368820772
Fujairah,Shanghai,permute_joint,20260934,23803,-0.017030461845011557
Fujairah,Shanghai,permute_joint,20260935,23758,-0.01568879316249
Fujairah,Shanghai,permute_joint,20260936,23776,-0.011790264719705013
Fujairah,Shanghai,permute_joint,20260937,23767,-0.011221105376748863
Fujairah,Shanghai,permute_joint,20260938,23882,-0.020924702167980203
Fujairah,Shanghai,permute_joint,20260939,23891,-0.009544879003158868
JebelAli,Shanghai,permute_D0,20260920,10224,-0.00442199282524347
JebelAli,Shanghai,permute_D0,20260921,10196,-0.003655709300339205
JebelAli,Shanghai,permute_D0,20260922,10249,-0.004892988749786498
JebelAli,Shanghai,permute_D0,20260923,10272,-0.0010774336823096142
JebelAli,Shanghai,permute_D0,20260924,10204,-0.005483563950508752
JebelAli,Shanghai,permute_D0,20260925,10197,-0.006249847475413017
JebelAli,Shanghai,permute_D0,20260926,10236,-0.0047172804256045975
JebelAli,Shanghai,permute_D0,20260927,10187,-0.0015325670498084198
JebelAli,Shanghai,permute_D0,20260928,10253,-0.0022988505747126853
JebelAli,Shanghai,permute_D0,20260929,10252,-0.002123142250530785
JebelAli,Shanghai,permute_D0,20260930,10199,0.00027942504331701645
JebelAli,Shanghai,permute_D0,20260931,10164,-0.005954559875051779
JebelAli,Shanghai,permute_D0,20260932,10244,-0.004142567781926343
JebelAli,Shanghai,permute_D0,20260933,10171,-0.00048685848158713796
JebelAli,Shanghai,permute_D0,20260934,10230,-0.003655709300339205
JebelAli,Shanghai,permute_D0,20260935,10180,-0.002314713131756796
JebelAli,Shanghai,permute_D0,20260936,10191,-0.005954559875051779
JebelAli,Shanghai,permute_D0,20260937,10243,-0.00442199282524347
JebelAli,Shanghai,permute_D0,20260938,10149,-0.0007821460819483761
JebelAli,Shanghai,permute_D0,20260939,10292,-0.0010774336823096142
JebelAli,Shanghai,permute_D1,20260920,0,0.0
JebelAli,Shanghai,permute_D1,20260921,0,0.0
JebelAli,Shanghai,permute_D1,20260922,0,0.0
JebelAli,Shanghai,permute_D1,20260923,0,0.0
JebelAli,Shanghai,permute_D1,20260924,0,0.0
JebelAli,Shanghai,permute_D1,20260925,0,0.0
JebelAli,Shanghai,permute_D1,20260926,0,0.0
JebelAli,Shanghai,permute_D1,20260927,0,0.0
JebelAli,Shanghai,permute_D1,20260928,0,0.0
JebelAli,Shanghai,permute_D1,20260929,0,0.0
JebelAli,Shanghai,permute_D1,20260930,0,0.0
JebelAli,Shanghai,permute_D1,20260931,0,0.0
JebelAli,Shanghai,permute_D1,20260932,0,0.0
JebelAli,Shanghai,permute_D1,20260933,0,0.0
JebelAli,Shanghai,permute_D1,20260934,0,0.0
JebelAli,Shanghai,permute_D1,20260935,0,0.0
JebelAli,Shanghai,permute_D1,20260936,0,0.0
JebelAli,Shanghai,permute_D1,20260937,0,0.0
JebelAli,Shanghai,permute_D1,20260938,0,0.0
JebelAli,Shanghai,permute_D1,20260939,0,0.0
JebelAli,Shanghai,permute_D2,20260920,0,0.0
JebelAli,Shanghai,permute_D2,20260921,0,0.0
JebelAli,Shanghai,permute_D2,20260922,0,0.0
JebelAli,Shanghai,permute_D2,20260923,0,0.0
JebelAli,Shanghai,permute_D2,20260924,0,0.0
JebelAli,Shanghai,permute_D2,20260925,0,0.0
JebelAli,Shanghai,permute_D2,20260926,0,0.0
JebelAli,Shanghai,permute_D2,20260927,0,0.0
JebelAli,Shanghai,permute_D2,20260928,0,0.0
JebelAli,Shanghai,permute_D2,20260929,0,0.0
JebelAli,Shanghai,permute_D2,20260930,0,0.0
JebelAli,Shanghai,permute_D2,20260931,0,0.0
JebelAli,Shanghai,permute_D2,20260932,0,0.0
JebelAli,Shanghai,permute_D2,20260933,0,0.0
JebelAli,Shanghai,permute_D2,20260934,0,0.0
JebelAli,Shanghai,permute_D2,20260935,0,0.0
JebelAli,Shanghai,permute_D2,20260936,0,0.0
JebelAli,Shanghai,permute_D2,20260937,0,0.0
JebelAli,Shanghai,permute_D2,20260938,0,0.0
JebelAli,Shanghai,permute_D2,20260939,0,0.0
JebelAli,Shanghai,permute_D3,20260920,22695,0.0036398467432950943
JebelAli,Shanghai,permute_D3,20260921,22666,0.002873563218390829
JebelAli,Shanghai,permute_D3,20260922,22632,0.0010457085682212819
JebelAli,Shanghai,permute_D3,20260923,22708,-0.0015325670498084198
JebelAli,Shanghai,permute_D3,20260924,22773,0.0012372794494472927
JebelAli,Shanghai,permute_D3,20260925,22642,0.005747126436781547
JebelAli,Shanghai,permute_D3,20260926,22690,0.0018119920931254363
JebelAli,Shanghai,permute_D3,20260927,22611,0.0002952876003611271
JebelAli,Shanghai,permute_D3,20260928,22739,0.005747126436781547
JebelAli,Shanghai,permute_D3,20260929,22657,0.004980842911877392
JebelAli,Shanghai,permute_D3,20260930,22686,0.005747126436781547
JebelAli,Shanghai,permute_D3,20260931,22676,-0.004406130268199138
JebelAli,Shanghai,permute_D3,20260932,22629,-0.0004709959245430273
JebelAli,Shanghai,permute_D3,20260933,22670,0.0010457085682212819
JebelAli,Shanghai,permute_D3,20260934,22618,0.0
JebelAli,Shanghai,permute_D3,20260935,22814,0.0021072796934866744
JebelAli,Shanghai,permute_D3,20260936,22774,0.004214559386973238
JebelAli,Shanghai,permute_D3,20260937,22754,-0.0002952876003611271
JebelAli,Shanghai,permute_D3,20260938,22716,0.0021072796934866744
JebelAli,Shanghai,permute_D3,20260939,22753,-0.0010615711252653925
JebelAli,Shanghai,permute_joint,20260920,23835,-0.004701417868560376
JebelAli,Shanghai,permute_joint,20260921,23852,-0.0010615711252653925
JebelAli,Shanghai,permute_joint,20260922,23830,-0.002123142250530785
JebelAli,Shanghai,permute_joint,20260923,23899,0.0018119920931254363
JebelAli,Shanghai,permute_joint,20260924,23797,-0.0007662835249041544
JebelAli,Shanghai,permute_joint,20260925,23771,0.0015167044927643092
JebelAli,Shanghai,permute_joint,20260926,23848,0.0015325670498084198
JebelAli,Shanghai,permute_joint,20260927,23720,0.003049271542572729
JebelAli,Shanghai,permute_joint,20260928,23799,0.0022988505747126853
JebelAli,Shanghai,permute_joint,20260929,23800,-0.003360421699977967
JebelAli,Shanghai,permute_joint,20260930,23753,-0.002418429850891912
JebelAli,Shanghai,permute_joint,20260931,23824,0.0007662835249041544
JebelAli,Shanghai,permute_joint,20260932,23805,-0.001340996168582298
JebelAli,Shanghai,permute_joint,20260933,23891,0.0021072796934866744
JebelAli,Shanghai,permute_joint,20260934,23803,0.0007662835249041544
JebelAli,Shanghai,permute_joint,20260935,23758,0.0013251336115381873
JebelAli,Shanghai,permute_joint,20260936,23776,0.0012372794494472927
JebelAli,Shanghai,permute_joint,20260937,23767,0.002873563218390829
JebelAli,Shanghai,permute_joint,20260938,23882,-0.006042414037142785
JebelAli,Shanghai,permute_joint,20260939,23891,0.0
PortSaid,Shanghai,permute_D0,20260920,10224,-0.004733284682910288
PortSaid,Shanghai,permute_D0,20260921,10196,0.0034398514441448813
PortSaid,Shanghai,permute_D0,20260922,10249,-0.009180759938502148
PortSaid,Shanghai,permute_D0,20260923,10272,-0.010216592223422194
PortSaid,Shanghai,permute_D0,20260924,10204,-0.005332585695763448
PortSaid,Shanghai,permute_D0,20260925,10197,-0.0041664836371623215
PortSaid,Shanghai,permute_D0,20260926,10236,0.0006062881852683666
PortSaid,Shanghai,permute_D0,20260927,10187,0.004263484213747393
PortSaid,Shanghai,permute_D0,20260928,10253,-0.009017905852321983
PortSaid,Shanghai,permute_D0,20260929,10252,-0.0009475800125708367
PortSaid,Shanghai,permute_D0,20260930,10199,-0.0069907857718092825
PortSaid,Shanghai,permute_D0,20260931,10164,-0.012121354128184103
PortSaid,Shanghai,permute_D0,20260932,10244,-0.0007669560388434138
PortSaid,Shanghai,permute_D0,20260933,10171,0.0006120978959872625
PortSaid,Shanghai,permute_D0,20260934,10230,-0.006636184241378962
PortSaid,Shanghai,permute_D0,20260935,10180,-0.0056209929612082155
PortSaid,Shanghai,permute_D0,20260936,10191,0.004026183509260928
PortSaid,Shanghai,permute_D0,20260937,10243,-0.007746891619205498
PortSaid,Shanghai,permute_D0,20260938,10149,-0.004157222512932712
PortSaid,Shanghai,permute_D0,20260939,10292,-0.002214818945864838
PortSaid,Shanghai,permute_D1,20260920,0,0.0
PortSaid,Shanghai,permute_D1,20260921,0,0.0
PortSaid,Shanghai,permute_D1,20260922,0,0.0
PortSaid,Shanghai,permute_D1,20260923,0,0.0
PortSaid,Shanghai,permute_D1,20260924,0,0.0
PortSaid,Shanghai,permute_D1,20260925,0,0.0
PortSaid,Shanghai,permute_D1,20260926,0,0.0
PortSaid,Shanghai,permute_D1,20260927,0,0.0
PortSaid,Shanghai,permute_D1,20260928,0,0.0
PortSaid,Shanghai,permute_D1,20260929,0,0.0
PortSaid,Shanghai,permute_D1,20260930,0,0.0
PortSaid,Shanghai,permute_D1,20260931,0,0.0
PortSaid,Shanghai,permute_D1,20260932,0,0.0
PortSaid,Shanghai,permute_D1,20260933,0,0.0
PortSaid,Shanghai,permute_D1,20260934,0,0.0
PortSaid,Shanghai,permute_D1,20260935,0,0.0
PortSaid,Shanghai,permute_D1,20260936,0,0.0
PortSaid,Shanghai,permute_D1,20260937,0,0.0
PortSaid,Shanghai,permute_D1,20260938,0,0.0
PortSaid,Shanghai,permute_D1,20260939,0,0.0
PortSaid,Shanghai,permute_D2,20260920,0,0.0
PortSaid,Shanghai,permute_D2,20260921,0,0.0
PortSaid,Shanghai,permute_D2,20260922,0,0.0
PortSaid,Shanghai,permute_D2,20260923,0,0.0
PortSaid,Shanghai,permute_D2,20260924,0,0.0
PortSaid,Shanghai,permute_D2,20260925,0,0.0
PortSaid,Shanghai,permute_D2,20260926,0,0.0
PortSaid,Shanghai,permute_D2,20260927,0,0.0
PortSaid,Shanghai,permute_D2,20260928,0,0.0
PortSaid,Shanghai,permute_D2,20260929,0,0.0
PortSaid,Shanghai,permute_D2,20260930,0,0.0
PortSaid,Shanghai,permute_D2,20260931,0,0.0
PortSaid,Shanghai,permute_D2,20260932,0,0.0
PortSaid,Shanghai,permute_D2,20260933,0,0.0
PortSaid,Shanghai,permute_D2,20260934,0,0.0
PortSaid,Shanghai,permute_D2,20260935,0,0.0
PortSaid,Shanghai,permute_D2,20260936,0,0.0
PortSaid,Shanghai,permute_D2,20260937,0,0.0
PortSaid,Shanghai,permute_D2,20260938,0,0.0
PortSaid,Shanghai,permute_D2,20260939,0,0.0
PortSaid,Shanghai,permute_D3,20260920,22695,0.0008459471869630142
PortSaid,Shanghai,permute_D3,20260921,22666,0.0010196683336690104
PortSaid,Shanghai,permute_D3,20260922,22632,0.0002714909532817167
PortSaid,Shanghai,permute_D3,20260923,22708,-0.0022122042386596985
PortSaid,Shanghai,permute_D3,20260924,22773,-0.0007704074523541271
PortSaid,Shanghai,permute_D3,20260925,22642,0.0062522102710422245
PortSaid,Shanghai,permute_D3,20260926,22690,0.002172801444532968
PortSaid,Shanghai,permute_D3,20260927,22611,0.005624785130109555
PortSaid,Shanghai,permute_D3,20260928,22739,0.003486173934371839
PortSaid,Shanghai,permute_D3,20260929,22657,0.0009537304786803591
PortSaid,Shanghai,permute_D3,20260930,22686,0.005456873694122455
PortSaid,Shanghai,permute_D3,20260931,22676,0.0020504432687821206
PortSaid,Shanghai,permute_D3,20260932,22629,0.005805152693840021
PortSaid,Shanghai,permute_D3,20260933,22670,0.0007312610682242426
PortSaid,Shanghai,permute_D3,20260934,22618,0.0066100068049863014
PortSaid,Shanghai,permute_D3,20260935,22814,0.00032630533774763437
PortSaid,Shanghai,permute_D3,20260936,22774,0.0033842003533734455
PortSaid,Shanghai,permute_D3,20260937,22754,-0.0013885714690572426
PortSaid,Shanghai,permute_D3,20260938,22716,0.006606555391475644
PortSaid,Shanghai,permute_D3,20260939,22753,0.0013022658883948268
PortSaid,Shanghai,permute_joint,20260920,23835,-0.005173935384006012
PortSaid,Shanghai,permute_joint,20260921,23852,0.0052016310374854435
PortSaid,Shanghai,permute_joint,20260922,23830,0.003178731600474105
PortSaid,Shanghai,permute_joint,20260923,23899,-0.0029963498687417545
PortSaid,Shanghai,permute_joint,20260924,23797,0.004294479459028888
PortSaid,Shanghai,permute_joint,20260925,23771,0.0010623504767032776
PortSaid,Shanghai,permute_joint,20260926,23848,0.0005385048530652803
PortSaid,Shanghai,permute_joint,20260927,23720,-0.012770752931086815
PortSaid,Shanghai,permute_joint,20260928,23799,0.002088084931088141
PortSaid,Shanghai,permute_joint,20260929,23800,0.0012901336469632319
PortSaid,Shanghai,permute_joint,20260930,23753,0.0003803673613015923
PortSaid,Shanghai,permute_joint,20260931,23824,0.0036087885201195324
PortSaid,Shanghai,permute_joint,20260932,23805,0.006335901144499445
PortSaid,Shanghai,permute_joint,20260933,23891,0.001007792502234317
PortSaid,Shanghai,permute_joint,20260934,23803,-0.0017616952479467818
PortSaid,Shanghai,permute_joint,20260935,23758,0.004136085557268299
PortSaid,Shanghai,permute_joint,20260936,23776,0.0034610727452029644
PortSaid,Shanghai,permute_joint,20260937,23767,0.004060630168053081
PortSaid,Shanghai,permute_joint,20260938,23882,-0.004619350925083421
PortSaid,Shanghai,permute_joint,20260939,23891,-0.0019481289323931006
