subset_mask,heads,size,n,correct,acc,ba,rescue,harm,delta_acc,delta_ba
1,0,1,240,65,0.2708333333333333,0.3169341208105253,5,2,0.012499999999999956,0.011214347450302531
2,1,1,240,68,0.2833333333333333,0.32922404686449636,7,1,0.024999999999999967,0.023504273504273587
3,0|1,2,240,67,0.2791666666666667,0.32089071353116294,6,1,0.020833333333333315,0.015170940170940173
4,2,1,240,65,0.2708333333333333,0.30314846826082775,6,3,0.012499999999999956,-0.002571305099395016
5,0|2,2,240,64,0.26666666666666666,0.30197685585326034,4,2,0.008333333333333304,-0.0037429175069624288
6,1|2,2,240,65,0.2708333333333333,0.3103101891865937,4,1,0.012499999999999956,0.0045904158263709305
7,0|1|2,3,240,65,0.2708333333333333,0.3103101891865937,4,1,0.012499999999999956,0.0045904158263709305
8,3,1,240,55,0.22916666666666666,0.23845097474310956,6,13,-0.029166666666666702,-0.06726879861711321
9,0|3,2,240,66,0.275,0.3120195908959954,7,3,0.016666666666666663,0.006299817535772634
10,1|3,2,240,63,0.2625,0.306353596465956,6,5,0.004166666666666652,0.0006338231057332333
11,0|1|3,3,240,65,0.2708333333333333,0.3103101891865937,6,3,0.012499999999999956,0.0045904158263709305
12,2|3,2,240,64,0.26666666666666666,0.30090127724959187,7,5,0.008333333333333304,-0.004818496110630899
13,0|2|3,3,240,64,0.26666666666666666,0.3025146451550946,4,2,0.008333333333333304,-0.0032051282051281937
14,1|2|3,3,240,65,0.2708333333333333,0.30368625756266204,6,3,0.012499999999999956,-0.0020335157975607254
15,0|1|2|3,4,240,66,0.275,0.305933448573898,5,1,0.016666666666666663,0.00021367521367521292
16,4,1,240,66,0.275,0.32025689042542976,6,2,0.016666666666666663,0.014537117065206995
17,0|4,2,240,66,0.275,0.32580524344569295,4,0,0.016666666666666663,0.02008547008547018
18,1|4,2,240,67,0.2791666666666667,0.32751464515509465,5,0,0.020833333333333315,0.021794871794871884
19,0|1|4,3,240,67,0.2791666666666667,0.32751464515509465,5,0,0.020833333333333315,0.021794871794871884
20,2|4,2,240,65,0.2708333333333333,0.31084797848842793,3,0,0.012499999999999956,0.0051282051282051655
21,0|2|4,3,240,65,0.2708333333333333,0.31084797848842793,3,0,0.012499999999999956,0.0051282051282051655
22,1|2|4,3,240,66,0.275,0.31918131182176124,4,0,0.016666666666666663,0.01346153846153847
23,0|1|2|4,4,240,65,0.2708333333333333,0.31084797848842793,3,0,0.012499999999999956,0.0051282051282051655
24,3|4,2,240,61,0.25416666666666665,0.29684865072505523,4,5,-0.004166666666666707,-0.008871122635167539
25,0|3|4,3,240,64,0.26666666666666666,0.30913857677902623,4,2,0.008333333333333304,0.003418803418803462
26,1|3|4,3,240,62,0.25833333333333336,0.3051819840583886,4,4,0.0,-0.0005377893018341795
27,0|1|3|4,4,240,65,0.2708333333333333,0.31084797848842793,4,1,0.012499999999999956,0.0051282051282051655
28,2|3|4,3,240,63,0.2625,0.30080524344569287,3,2,0.004166666666666652,-0.004914529914529897
29,0|2|3|4,4,240,64,0.26666666666666666,0.3025146451550946,4,2,0.008333333333333304,-0.0032051282051281937
30,1|2|3|4,4,240,65,0.2708333333333333,0.3042240468644963,4,1,0.012499999999999956,-0.0014957264957264904
31,0|1|2|3|4,5,240,65,0.2708333333333333,0.3042240468644963,4,1,0.012499999999999956,-0.0014957264957264904
32,5,1,240,63,0.2625,0.31566647459905883,5,4,0.004166666666666652,0.009946701238836064
33,0|5,2,240,66,0.275,0.31971910112359553,4,0,0.016666666666666663,0.01399932776337276
34,1|5,2,240,65,0.2708333333333333,0.32517142033995966,5,2,0.012499999999999956,0.019451646979736892
35,0|1|5,3,240,66,0.275,0.32580524344569295,4,0,0.016666666666666663,0.02008547008547018
36,2|5,2,240,64,0.26666666666666666,0.30913857677902623,2,0,0.008333333333333304,0.003418803418803462
37,0|2|5,3,240,65,0.2708333333333333,0.31084797848842793,3,0,0.012499999999999956,0.0051282051282051655
38,1|2|5,3,240,65,0.2708333333333333,0.31084797848842793,3,0,0.012499999999999956,0.0051282051282051655
39,0|1|2|5,4,240,65,0.2708333333333333,0.31084797848842793,3,0,0.012499999999999956,0.0051282051282051655
40,3|5,2,240,60,0.25,0.2956770383174877,2,4,-0.00833333333333336,-0.010042735042735063
41,0|3|5,3,240,63,0.2625,0.3074291750696245,4,3,0.004166666666666652,0.0017094017094017588
42,1|3|5,3,240,62,0.25833333333333336,0.30571977336022277,3,3,0.0,0.0
43,0|1|3|5,4,240,64,0.26666666666666666,0.30913857677902623,4,2,0.008333333333333304,0.003418803418803462
44,2|3|5,3,240,61,0.25416666666666665,0.2973864400268894,1,2,-0.004166666666666707,-0.00833333333333336
45,0|2|3|5,4,240,63,0.2625,0.30080524344569287,3,2,0.004166666666666652,-0.004914529914529897
46,1|2|3|5,4,240,63,0.2625,0.30080524344569287,3,2,0.004166666666666652,-0.004914529914529897
47,0|1|2|3|5,5,240,64,0.26666666666666666,0.3025146451550946,3,1,0.008333333333333304,-0.0032051282051281937
48,4|5,2,240,63,0.2625,0.31566647459905883,5,4,0.004166666666666652,0.009946701238836064
49,0|4|5,3,240,68,0.2833333333333333,0.3302996254681648,6,0,0.024999999999999967,0.024579852107942057
50,1|4|5,3,240,66,0.275,0.32688082204936136,5,1,0.016666666666666663,0.021161048689138595
51,0|1|4|5,4,240,66,0.275,0.32580524344569295,4,0,0.016666666666666663,0.02008547008547018
52,2|4|5,3,240,68,0.2833333333333333,0.32421348314606735,6,0,0.024999999999999967,0.01849370978584458
53,0|2|4|5,4,240,65,0.2708333333333333,0.31084797848842793,3,0,0.012499999999999956,0.0051282051282051655
54,1|2|4|5,4,240,68,0.2833333333333333,0.32367569384423317,6,0,0.024999999999999967,0.0179559204840104
55,0|1|2|4|5,5,240,67,0.2791666666666667,0.32751464515509465,5,0,0.020833333333333315,0.021794871794871884
56,3|4|5,3,240,59,0.24583333333333332,0.293967636608086,1,4,-0.012500000000000039,-0.011752136752136766
57,0|3|4|5,4,240,63,0.2625,0.3074291750696245,3,2,0.004166666666666652,0.0017094017094017588
58,1|3|4|5,4,240,63,0.2625,0.3140531066935561,3,2,0.004166666666666652,0.00833333333333336
59,0|1|3|4|5,5,240,66,0.275,0.31918131182176124,4,0,0.016666666666666663,0.01346153846153847
60,2|3|4|5,4,240,61,0.25416666666666665,0.2973864400268894,1,2,-0.004166666666666707,-0.00833333333333336
61,0|2|3|4|5,5,240,63,0.2625,0.30080524344569287,2,1,0.004166666666666652,-0.004914529914529897
62,1|2|3|4|5,5,240,63,0.2625,0.30080524344569287,2,1,0.004166666666666652,-0.004914529914529897
63,0|1|2|3|4|5,6,240,65,0.2708333333333333,0.31084797848842793,3,0,0.012499999999999956,0.0051282051282051655
64,6,1,240,65,0.2708333333333333,0.31747191011235953,3,0,0.012499999999999956,0.011752136752136766
65,0|6,2,240,64,0.26666666666666666,0.31576250840295783,2,0,0.008333333333333304,0.010042735042735063
66,1|6,2,240,64,0.26666666666666666,0.31576250840295783,2,0,0.008333333333333304,0.010042735042735063
67,0|1|6,3,240,66,0.275,0.31918131182176124,4,0,0.016666666666666663,0.01346153846153847
68,2|6,2,240,65,0.2708333333333333,0.3169341208105253,4,1,0.012499999999999956,0.011214347450302531
69,0|2|6,3,240,62,0.25833333333333336,0.3051819840583886,1,1,0.0,-0.0005377893018341795
70,1|2|6,3,240,64,0.26666666666666666,0.31576250840295783,2,0,0.008333333333333304,0.010042735042735063
71,0|1|2|6,4,240,65,0.2708333333333333,0.31747191011235953,3,0,0.012499999999999956,0.011752136752136766
72,3|6,2,240,63,0.2625,0.30026745414385864,5,4,0.004166666666666652,-0.005452319216364132
73,0|3|6,3,240,61,0.25416666666666665,0.29684865072505523,2,3,-0.004166666666666707,-0.008871122635167539
74,1|3|6,3,240,62,0.25833333333333336,0.3051819840583886,3,3,0.0,-0.0005377893018341795
75,0|1|3|6,4,240,63,0.2625,0.3068913857677903,2,1,0.004166666666666652,0.0011716124075675238
76,2|3|6,3,240,65,0.2708333333333333,0.3042240468644963,5,2,0.012499999999999956,-0.0014957264957264904
77,0|2|3|6,4,240,62,0.25833333333333336,0.29909584173629117,2,2,0.0,-0.0066239316239316
78,1|2|3|6,4,240,64,0.26666666666666666,0.3025146451550946,3,1,0.008333333333333304,-0.0032051282051281937
79,0|1|2|3|6,5,240,65,0.2708333333333333,0.31084797848842793,3,0,0.012499999999999956,0.0051282051282051655
80,4|6,2,240,63,0.2625,0.3140531066935561,1,0,0.004166666666666652,0.00833333333333336
81,0|4|6,3,240,64,0.26666666666666666,0.31576250840295783,2,0,0.008333333333333304,0.010042735042735063
82,1|4|6,3,240,64,0.26666666666666666,0.31576250840295783,2,0,0.008333333333333304,0.010042735042735063
83,0|1|4|6,4,240,66,0.275,0.31918131182176124,4,0,0.016666666666666663,0.01346153846153847
84,2|4|6,3,240,64,0.26666666666666666,0.31576250840295783,2,0,0.008333333333333304,0.010042735042735063
85,0|2|4|6,4,240,64,0.26666666666666666,0.31576250840295783,2,0,0.008333333333333304,0.010042735042735063
86,1|2|4|6,4,240,64,0.26666666666666666,0.31576250840295783,2,0,0.008333333333333304,0.010042735042735063
87,0|1|2|4|6,5,240,65,0.2708333333333333,0.31747191011235953,3,0,0.012499999999999956,0.011752136752136766
88,3|4|6,3,240,62,0.25833333333333336,0.30571977336022277,1,1,0.0,0.0
89,0|3|4|6,4,240,63,0.2625,0.3074291750696245,2,1,0.004166666666666652,0.0017094017094017588
90,1|3|4|6,4,240,62,0.25833333333333336,0.30571977336022277,1,1,0.0,0.0
91,0|1|3|4|6,5,240,64,0.26666666666666666,0.30913857677902623,2,0,0.008333333333333304,0.003418803418803462
92,2|3|4|6,4,240,62,0.25833333333333336,0.30571977336022277,1,1,0.0,0.0
93,0|2|3|4|6,5,240,63,0.2625,0.3074291750696245,1,0,0.004166666666666652,0.0017094017094017588
94,1|2|3|4|6,5,240,64,0.26666666666666666,0.30913857677902623,2,0,0.008333333333333304,0.003418803418803462
95,0|1|2|3|4|6,6,240,65,0.2708333333333333,0.31084797848842793,3,0,0.012499999999999956,0.0051282051282051655
96,5|6,2,240,63,0.2625,0.31459089599539036,2,1,0.004166666666666652,0.008871122635167594
97,0|5|6,3,240,63,0.2625,0.3140531066935561,1,0,0.004166666666666652,0.00833333333333336
98,1|5|6,3,240,62,0.25833333333333336,0.3123437049841544,1,1,0.0,0.006623931623931656
99,0|1|5|6,4,240,64,0.26666666666666666,0.31576250840295783,2,0,0.008333333333333304,0.010042735042735063
100,2|5|6,3,240,63,0.2625,0.3140531066935561,1,0,0.004166666666666652,0.00833333333333336
101,0|2|5|6,4,240,63,0.2625,0.3074291750696245,1,0,0.004166666666666652,0.0017094017094017588
102,1|2|5|6,4,240,63,0.2625,0.3140531066935561,1,0,0.004166666666666652,0.00833333333333336
103,0|1|2|5|6,5,240,65,0.2708333333333333,0.31747191011235953,3,0,0.012499999999999956,0.011752136752136766
104,3|5|6,3,240,62,0.25833333333333336,0.30571977336022277,2,2,0.0,0.0
105,0|3|5|6,4,240,60,0.25,0.30230096994141936,0,2,-0.00833333333333336,-0.0034188034188034067
106,1|3|5|6,4,240,61,0.25416666666666665,0.30401037165082107,1,2,-0.004166666666666707,-0.0017094017094017033
107,0|1|3|5|6,5,240,62,0.25833333333333336,0.30571977336022277,1,1,0.0,0.0
108,2|3|5|6,4,240,63,0.2625,0.3074291750696245,2,1,0.004166666666666652,0.0017094017094017588
109,0|2|3|5|6,5,240,63,0.2625,0.3074291750696245,1,0,0.004166666666666652,0.0017094017094017588
110,1|2|3|5|6,5,240,62,0.25833333333333336,0.30571977336022277,0,0,0.0,0.0
111,0|1|2|3|5|6,6,240,63,0.2625,0.3074291750696245,1,0,0.004166666666666652,0.0017094017094017588
112,4|5|6,3,240,65,0.2708333333333333,0.31854748871602806,3,0,0.012499999999999956,0.012827715355805291
113,0|4|5|6,4,240,63,0.2625,0.3140531066935561,1,0,0.004166666666666652,0.00833333333333336
114,1|4|5|6,4,240,63,0.2625,0.3140531066935561,1,0,0.004166666666666652,0.00833333333333336
115,0|1|4|5|6,5,240,66,0.275,0.32580524344569295,4,0,0.016666666666666663,0.02008547008547018
116,2|4|5|6,4,240,63,0.2625,0.3140531066935561,1,0,0.004166666666666652,0.00833333333333336
117,0|2|4|5|6,5,240,64,0.26666666666666666,0.31576250840295783,2,0,0.008333333333333304,0.010042735042735063
118,1|2|4|5|6,5,240,64,0.26666666666666666,0.31576250840295783,2,0,0.008333333333333304,0.010042735042735063
119,0|1|2|4|5|6,6,240,65,0.2708333333333333,0.31747191011235953,3,0,0.012499999999999956,0.011752136752136766
120,3|4|5|6,4,240,60,0.25,0.30230096994141936,0,2,-0.00833333333333336,-0.0034188034188034067
121,0|3|4|5|6,5,240,61,0.25416666666666665,0.30401037165082107,0,1,-0.004166666666666707,-0.0017094017094017033
122,1|3|4|5|6,5,240,61,0.25416666666666665,0.30401037165082107,0,1,-0.004166666666666707,-0.0017094017094017033
123,0|1|3|4|5|6,6,240,64,0.26666666666666666,0.30913857677902623,2,0,0.008333333333333304,0.003418803418803462
124,2|3|4|5|6,5,240,61,0.25416666666666665,0.30401037165082107,0,1,-0.004166666666666707,-0.0017094017094017033
125,0|2|3|4|5|6,6,240,63,0.2625,0.3074291750696245,1,0,0.004166666666666652,0.0017094017094017588
126,1|2|3|4|5|6,6,240,62,0.25833333333333336,0.30571977336022277,0,0,0.0,0.0
127,0|1|2|3|4|5|6,7,240,63,0.2625,0.3074291750696245,1,0,0.004166666666666652,0.0017094017094017588
128,7,1,240,57,0.2375,0.2905488331892826,0,5,-0.02083333333333337,-0.015170940170940173
129,0|7,2,240,59,0.24583333333333332,0.293967636608086,0,3,-0.012500000000000039,-0.011752136752136766
130,1|7,2,240,59,0.24583333333333332,0.293967636608086,0,3,-0.012500000000000039,-0.011752136752136766
131,0|1|7,3,240,62,0.25833333333333336,0.29909584173629117,2,2,0.0,-0.0066239316239316
132,2|7,2,240,59,0.24583333333333332,0.29342984730625177,0,3,-0.012500000000000039,-0.012289926053971001
133,0|2|7,3,240,62,0.25833333333333336,0.29855805243445693,2,2,0.0,-0.007161720925765835
134,1|2|7,3,240,61,0.25416666666666665,0.2973864400268894,0,1,-0.004166666666666707,-0.00833333333333336
135,0|1|2|7,4,240,64,0.26666666666666666,0.3025146451550946,3,1,0.008333333333333304,-0.0032051282051281937
136,3|7,2,240,58,0.24166666666666667,0.2922582348986843,0,4,-0.01666666666666669,-0.01346153846153847
137,0|3|7,3,240,59,0.24583333333333332,0.293967636608086,0,3,-0.012500000000000039,-0.011752136752136766
138,1|3|7,3,240,60,0.25,0.2956770383174877,1,3,-0.00833333333333336,-0.010042735042735063
139,0|1|3|7,4,240,61,0.25416666666666665,0.2973864400268894,2,3,-0.004166666666666707,-0.00833333333333336
140,2|3|7,3,240,59,0.24583333333333332,0.293967636608086,0,3,-0.012500000000000039,-0.011752136752136766
141,0|2|3|7,4,240,61,0.25416666666666665,0.2973864400268894,1,2,-0.004166666666666707,-0.00833333333333336
142,1|2|3|7,4,240,59,0.24583333333333332,0.293967636608086,0,3,-0.012500000000000039,-0.011752136752136766
143,0|1|2|3|7,5,240,62,0.25833333333333336,0.29909584173629117,2,2,0.0,-0.0066239316239316
144,4|7,2,240,59,0.24583333333333332,0.293967636608086,0,3,-0.012500000000000039,-0.011752136752136766
145,0|4|7,3,240,62,0.25833333333333336,0.29909584173629117,1,1,0.0,-0.0066239316239316
146,1|4|7,3,240,62,0.25833333333333336,0.3123437049841544,1,1,0.0,0.006623931623931656
147,0|1|4|7,4,240,64,0.26666666666666666,0.30913857677902623,2,0,0.008333333333333304,0.003418803418803462
148,2|4|7,3,240,60,0.25,0.2956770383174877,0,2,-0.00833333333333336,-0.010042735042735063
149,0|2|4|7,4,240,62,0.25833333333333336,0.29909584173629117,1,1,0.0,-0.0066239316239316
150,1|2|4|7,4,240,62,0.25833333333333336,0.29909584173629117,1,1,0.0,-0.0066239316239316
151,0|1|2|4|7,5,240,64,0.26666666666666666,0.30913857677902623,2,0,0.008333333333333304,0.003418803418803462
152,3|4|7,3,240,59,0.24583333333333332,0.293967636608086,0,3,-0.012500000000000039,-0.011752136752136766
153,0|3|4|7,4,240,60,0.25,0.2956770383174877,1,3,-0.00833333333333336,-0.010042735042735063
154,1|3|4|7,4,240,59,0.24583333333333332,0.293967636608086,0,3,-0.012500000000000039,-0.011752136752136766
155,0|1|3|4|7,5,240,61,0.25416666666666665,0.2973864400268894,2,3,-0.004166666666666707,-0.00833333333333336
156,2|3|4|7,4,240,60,0.25,0.2956770383174877,0,2,-0.00833333333333336,-0.010042735042735063
157,0|2|3|4|7,5,240,61,0.25416666666666665,0.2973864400268894,1,2,-0.004166666666666707,-0.00833333333333336
158,1|2|3|4|7,5,240,61,0.25416666666666665,0.2973864400268894,1,2,-0.004166666666666707,-0.00833333333333336
159,0|1|2|3|4|7,6,240,62,0.25833333333333336,0.29909584173629117,2,2,0.0,-0.0066239316239316
160,5|7,2,240,60,0.25,0.296214827619322,1,3,-0.00833333333333336,-0.009504945740900772
161,0|5|7,3,240,59,0.24583333333333332,0.293967636608086,0,3,-0.012500000000000039,-0.011752136752136766
162,1|5|7,3,240,61,0.25416666666666665,0.30401037165082107,0,1,-0.004166666666666707,-0.0017094017094017033
163,0|1|5|7,4,240,61,0.25416666666666665,0.30401037165082107,0,1,-0.004166666666666707,-0.0017094017094017033
164,2|5|7,3,240,59,0.24583333333333332,0.293967636608086,0,3,-0.012500000000000039,-0.011752136752136766
165,0|2|5|7,4,240,61,0.25416666666666665,0.2973864400268894,0,1,-0.004166666666666707,-0.00833333333333336
166,1|2|5|7,4,240,61,0.25416666666666665,0.30401037165082107,0,1,-0.004166666666666707,-0.0017094017094017033
167,0|1|2|5|7,5,240,64,0.26666666666666666,0.30913857677902623,2,0,0.008333333333333304,0.003418803418803462
168,3|5|7,3,240,59,0.24583333333333332,0.293967636608086,0,3,-0.012500000000000039,-0.011752136752136766
169,0|3|5|7,4,240,59,0.24583333333333332,0.293967636608086,0,3,-0.012500000000000039,-0.011752136752136766
170,1|3|5|7,4,240,59,0.24583333333333332,0.293967636608086,0,3,-0.012500000000000039,-0.011752136752136766
171,0|1|3|5|7,5,240,59,0.24583333333333332,0.293967636608086,0,3,-0.012500000000000039,-0.011752136752136766
172,2|3|5|7,4,240,59,0.24583333333333332,0.293967636608086,0,3,-0.012500000000000039,-0.011752136752136766
173,0|2|3|5|7,5,240,59,0.24583333333333332,0.293967636608086,0,3,-0.012500000000000039,-0.011752136752136766
174,1|2|3|5|7,5,240,59,0.24583333333333332,0.293967636608086,0,3,-0.012500000000000039,-0.011752136752136766
175,0|1|2|3|5|7,6,240,61,0.25416666666666665,0.2973864400268894,1,2,-0.004166666666666707,-0.00833333333333336
176,4|5|7,3,240,62,0.25833333333333336,0.30679535196389124,3,3,0.0,0.00107557860366847
177,0|4|5|7,4,240,61,0.25416666666666665,0.30401037165082107,0,1,-0.004166666666666707,-0.0017094017094017033
178,1|4|5|7,4,240,62,0.25833333333333336,0.3123437049841544,1,1,0.0,0.006623931623931656
179,0|1|4|5|7,5,240,63,0.2625,0.3140531066935561,2,1,0.004166666666666652,0.00833333333333336
180,2|4|5|7,4,240,62,0.25833333333333336,0.30571977336022277,0,0,0.0,0.0
181,0|2|4|5|7,5,240,63,0.2625,0.3074291750696245,1,0,0.004166666666666652,0.0017094017094017588
182,1|2|4|5|7,5,240,62,0.25833333333333336,0.30571977336022277,0,0,0.0,0.0
183,0|1|2|4|5|7,6,240,64,0.26666666666666666,0.30913857677902623,2,0,0.008333333333333304,0.003418803418803462
184,3|4|5|7,4,240,58,0.24166666666666667,0.2856343032747527,0,4,-0.01666666666666669,-0.02008547008547007
185,0|3|4|5|7,5,240,59,0.24583333333333332,0.293967636608086,0,3,-0.012500000000000039,-0.011752136752136766
186,1|3|4|5|7,5,240,59,0.24583333333333332,0.293967636608086,0,3,-0.012500000000000039,-0.011752136752136766
187,0|1|3|4|5|7,6,240,59,0.24583333333333332,0.293967636608086,0,3,-0.012500000000000039,-0.011752136752136766
188,2|3|4|5|7,5,240,59,0.24583333333333332,0.293967636608086,0,3,-0.012500000000000039,-0.011752136752136766
189,0|2|3|4|5|7,6,240,60,0.25,0.2956770383174877,0,2,-0.00833333333333336,-0.010042735042735063
190,1|2|3|4|5|7,6,240,59,0.24583333333333332,0.293967636608086,0,3,-0.012500000000000039,-0.011752136752136766
191,0|1|2|3|4|5|7,7,240,62,0.25833333333333336,0.29909584173629117,1,1,0.0,-0.0066239316239316
192,6|7,2,240,61,0.25416666666666665,0.3106343032747527,1,2,-0.004166666666666707,0.004914529914529953
193,0|6|7,3,240,62,0.25833333333333336,0.30571977336022277,0,0,0.0,0.0
194,1|6|7,3,240,62,0.25833333333333336,0.3123437049841544,1,1,0.0,0.006623931623931656
195,0|1|6|7,4,240,63,0.2625,0.3140531066935561,1,0,0.004166666666666652,0.00833333333333336
196,2|6|7,3,240,61,0.25416666666666665,0.30401037165082107,0,1,-0.004166666666666707,-0.0017094017094017033
197,0|2|6|7,4,240,63,0.2625,0.3074291750696245,1,0,0.004166666666666652,0.0017094017094017588
198,1|2|6|7,4,240,62,0.25833333333333336,0.30571977336022277,0,0,0.0,0.0
199,0|1|2|6|7,5,240,63,0.2625,0.3074291750696245,1,0,0.004166666666666652,0.0017094017094017588
200,3|6|7,3,240,59,0.24583333333333332,0.293967636608086,0,3,-0.012500000000000039,-0.011752136752136766
201,0|3|6|7,4,240,59,0.24583333333333332,0.293967636608086,0,3,-0.012500000000000039,-0.011752136752136766
202,1|3|6|7,4,240,59,0.24583333333333332,0.293967636608086,0,3,-0.012500000000000039,-0.011752136752136766
203,0|1|3|6|7,5,240,60,0.25,0.2956770383174877,1,3,-0.00833333333333336,-0.010042735042735063
204,2|3|6|7,4,240,60,0.25,0.2956770383174877,0,2,-0.00833333333333336,-0.010042735042735063
205,0|2|3|6|7,5,240,60,0.25,0.2956770383174877,0,2,-0.00833333333333336,-0.010042735042735063
206,1|2|3|6|7,5,240,60,0.25,0.2956770383174877,0,2,-0.00833333333333336,-0.010042735042735063
207,0|1|2|3|6|7,6,240,61,0.25416666666666665,0.2973864400268894,1,2,-0.004166666666666707,-0.00833333333333336
208,4|6|7,3,240,61,0.25416666666666665,0.3106343032747527,1,2,-0.004166666666666707,0.004914529914529953
209,0|4|6|7,4,240,63,0.2625,0.3140531066935561,1,0,0.004166666666666652,0.00833333333333336
210,1|4|6|7,4,240,62,0.25833333333333336,0.3123437049841544,1,1,0.0,0.006623931623931656
211,0|1|4|6|7,5,240,63,0.2625,0.3140531066935561,1,0,0.004166666666666652,0.00833333333333336
212,2|4|6|7,4,240,63,0.2625,0.3140531066935561,1,0,0.004166666666666652,0.00833333333333336
213,0|2|4|6|7,5,240,63,0.2625,0.3074291750696245,1,0,0.004166666666666652,0.0017094017094017588
214,1|2|4|6|7,5,240,63,0.2625,0.3140531066935561,1,0,0.004166666666666652,0.00833333333333336
215,0|1|2|4|6|7,6,240,63,0.2625,0.3074291750696245,1,0,0.004166666666666652,0.0017094017094017588
216,3|4|6|7,4,240,59,0.24583333333333332,0.293967636608086,0,3,-0.012500000000000039,-0.011752136752136766
217,0|3|4|6|7,5,240,59,0.24583333333333332,0.293967636608086,0,3,-0.012500000000000039,-0.011752136752136766
218,1|3|4|6|7,5,240,59,0.24583333333333332,0.293967636608086,0,3,-0.012500000000000039,-0.011752136752136766
219,0|1|3|4|6|7,6,240,61,0.25416666666666665,0.30401037165082107,0,1,-0.004166666666666707,-0.0017094017094017033
220,2|3|4|6|7,5,240,60,0.25,0.2956770383174877,0,2,-0.00833333333333336,-0.010042735042735063
221,0|2|3|4|6|7,6,240,61,0.25416666666666665,0.2973864400268894,1,2,-0.004166666666666707,-0.00833333333333336
222,1|2|3|4|6|7,6,240,60,0.25,0.2956770383174877,0,2,-0.00833333333333336,-0.010042735042735063
223,0|1|2|3|4|6|7,7,240,62,0.25833333333333336,0.29909584173629117,1,1,0.0,-0.0066239316239316
224,5|6|7,3,240,61,0.25416666666666665,0.3106343032747527,1,2,-0.004166666666666707,0.004914529914529953
225,0|5|6|7,4,240,61,0.25416666666666665,0.30401037165082107,0,1,-0.004166666666666707,-0.0017094017094017033
226,1|5|6|7,4,240,62,0.25833333333333336,0.3123437049841544,1,1,0.0,0.006623931623931656
227,0|1|5|6|7,5,240,62,0.25833333333333336,0.3123437049841544,1,1,0.0,0.006623931623931656
228,2|5|6|7,4,240,62,0.25833333333333336,0.30571977336022277,0,0,0.0,0.0
229,0|2|5|6|7,5,240,62,0.25833333333333336,0.30571977336022277,0,0,0.0,0.0
230,1|2|5|6|7,5,240,62,0.25833333333333336,0.30571977336022277,0,0,0.0,0.0
231,0|1|2|5|6|7,6,240,62,0.25833333333333336,0.30571977336022277,0,0,0.0,0.0
232,3|5|6|7,4,240,59,0.24583333333333332,0.293967636608086,0,3,-0.012500000000000039,-0.011752136752136766
233,0|3|5|6|7,5,240,59,0.24583333333333332,0.293967636608086,0,3,-0.012500000000000039,-0.011752136752136766
234,1|3|5|6|7,5,240,59,0.24583333333333332,0.293967636608086,0,3,-0.012500000000000039,-0.011752136752136766
235,0|1|3|5|6|7,6,240,60,0.25,0.30230096994141936,0,2,-0.00833333333333336,-0.0034188034188034067
236,2|3|5|6|7,5,240,59,0.24583333333333332,0.293967636608086,0,3,-0.012500000000000039,-0.011752136752136766
237,0|2|3|5|6|7,6,240,60,0.25,0.2956770383174877,0,2,-0.00833333333333336,-0.010042735042735063
238,1|2|3|5|6|7,6,240,59,0.24583333333333332,0.293967636608086,0,3,-0.012500000000000039,-0.011752136752136766
239,0|1|2|3|5|6|7,7,240,61,0.25416666666666665,0.2973864400268894,0,1,-0.004166666666666707,-0.00833333333333336
240,4|5|6|7,4,240,61,0.25416666666666665,0.3106343032747527,1,2,-0.004166666666666707,0.004914529914529953
241,0|4|5|6|7,5,240,62,0.25833333333333336,0.3123437049841544,1,1,0.0,0.006623931623931656
242,1|4|5|6|7,5,240,62,0.25833333333333336,0.3123437049841544,1,1,0.0,0.006623931623931656
243,0|1|4|5|6|7,6,240,63,0.2625,0.3140531066935561,1,0,0.004166666666666652,0.00833333333333336
244,2|4|5|6|7,5,240,63,0.2625,0.3140531066935561,1,0,0.004166666666666652,0.00833333333333336
245,0|2|4|5|6|7,6,240,62,0.25833333333333336,0.30571977336022277,0,0,0.0,0.0
246,1|2|4|5|6|7,6,240,63,0.2625,0.3140531066935561,1,0,0.004166666666666652,0.00833333333333336
247,0|1|2|4|5|6|7,7,240,63,0.2625,0.3140531066935561,1,0,0.004166666666666652,0.00833333333333336
248,3|4|5|6|7,5,240,60,0.25,0.30230096994141936,0,2,-0.00833333333333336,-0.0034188034188034067
249,0|3|4|5|6|7,6,240,60,0.25,0.30230096994141936,0,2,-0.00833333333333336,-0.0034188034188034067
250,1|3|4|5|6|7,6,240,60,0.25,0.30230096994141936,0,2,-0.00833333333333336,-0.0034188034188034067
251,0|1|3|4|5|6|7,7,240,60,0.25,0.30230096994141936,0,2,-0.00833333333333336,-0.0034188034188034067
252,2|3|4|5|6|7,6,240,60,0.25,0.30230096994141936,0,2,-0.00833333333333336,-0.0034188034188034067
253,0|2|3|4|5|6|7,7,240,61,0.25416666666666665,0.30401037165082107,0,1,-0.004166666666666707,-0.0017094017094017033
254,1|2|3|4|5|6|7,7,240,61,0.25416666666666665,0.30401037165082107,0,1,-0.004166666666666707,-0.0017094017094017033
255,0|1|2|3|4|5|6|7,8,240,62,0.25833333333333336,0.30571977336022277,0,0,0.0,0.0
